TimeStamp,Air Temperature,Air Pressure,Wind Speed,Wind Direction,Relative Humidity
1/1/2015 0:00,-1.6,972.2,12.7,169,53
1/1/2015 1:00,-1.5,972.3,10.0,171,53
1/1/2015 2:00,-1.4,972.5,13.5,173,50
1/1/2015 3:00,-0.5,972.3,11.3,133,47
1/1/2015 4:00,-0.7,972.1,12.6,136,48
1/1/2015 5:00,-0.7,972.3,14.8,136,46
1/1/2015 6:00,-0.3,972.2,16.1,155,53
1/1/2015 7:00,1.2,972.4,13.7,117,46
1/1/2015 8:00,1.6,972.5,6.8,78,53
1/1/2015 9:00,2.3,972.3,13.1,56,41
1/1/2015 10:00,3.1,972.2,10.6,74,39
1/1/2015 11:00,3.7,972.0,11.6,73,39
1/1/2015 12:00,2.3,972.0,8.1,122,49
1/1/2015 13:00,2.7,972.0,10.9,25,50
1/1/2015 14:00,2.3,971.7,11.7,40,52
1/1/2015 15:00,2.8,971.6,10.4,41,53
1/1/2015 16:00,2.3,971.4,9.1,93,55
1/1/2015 17:00,1.5,971.5,11.7,70,54
1/1/2015 18:00,0.2,971.3,10.2,156,64
1/1/2015 19:00,0.5,971.0,6.3,108,61
1/1/2015 20:00,-0.5,970.8,6.0,57,62
1/1/2015 21:00,-0.4,970.2,7.1,239,63
1/1/2015 22:00,-0.6,969.6,7.8,258,65
1/1/2015 23:00,-0.5,969.1,5.5,5,61
1/2/2015 0:00,-0.4,968.8,5.5,51,61
1/2/2015 1:00,-0.7,968.2,12.4,137,54
1/2/2015 2:00,-0.9,968.0,9.3,121,60
1/2/2015 3:00,-1.3,967.7,10.6,135,65
1/2/2015 4:00,-1.2,967.6,10.3,112,62
1/2/2015 5:00,-1.0,967.3,9.0,127,59
1/2/2015 6:00,-0.6,967.2,12.4,107,54
1/2/2015 7:00,0.1,967.2,12.7,84,53
1/2/2015 8:00,0.1,967.0,12.7,42,58
1/2/2015 9:00,0.5,966.8,10.0,47,57
1/2/2015 10:00,1.3,966.8,11.1,40,61
1/2/2015 11:00,-0.2,966.7,9.2,360,67
1/2/2015 12:00,-0.3,966.4,10.8,350,70
1/2/2015 13:00,0.6,966.4,10.1,356,64
1/2/2015 14:00,-0.1,966.5,11.2,1,71
1/2/2015 15:00,-0.4,966.4,11.1,2,70
1/2/2015 16:00,-0.5,966.3,11.1,2,71
1/2/2015 17:00,-0.8,966.4,9.8,359,74
1/2/2015 18:00,-1.2,966.6,10.4,10,75
1/2/2015 19:00,-1.3,966.7,9.7,348,75
1/2/2015 20:00,-1.4,966.9,9.5,326,80
1/2/2015 21:00,-1.7,966.9,10.0,341,80
1/2/2015 22:00,-2.0,967.0,9.1,329,83
1/2/2015 23:00,-2.0,967.1,8.1,318,81
1/3/2015 0:00,-1.9,967.3,6.4,243,81
1/3/2015 1:00,-2.0,967.6,6.7,7,80
1/3/2015 2:00,-2.2,968.0,6.2,96,81
1/3/2015 3:00,-2.7,968.4,5.1,130,84
1/3/2015 4:00,-2.3,968.6,7.2,56,82
1/3/2015 5:00,-2.4,968.9,8.0,159,82
1/3/2015 6:00,-2.0,969.3,4.6,126,81
1/3/2015 7:00,-1.7,970.0,7.8,1,81
1/3/2015 8:00,-1.0,970.6,7.7,11,74
1/3/2015 9:00,-0.4,971.1,9.7,14,74
1/3/2015 10:00,0.6,971.5,4.2,91,68
1/3/2015 11:00,1.0,972.0,11.1,50,64
1/3/2015 12:00,0.8,972.6,10.4,49,63
1/3/2015 13:00,0.8,973.3,12.0,38,66
1/3/2015 14:00,0.7,973.8,11.8,63,66
1/3/2015 15:00,1.2,974.2,11.8,74,61
1/3/2015 16:00,1.1,974.6,7.6,49,66
1/3/2015 17:00,-0.6,975.2,11.9,354,76
1/3/2015 18:00,-0.5,975.6,9.9,28,70
1/3/2015 19:00,-0.6,976.2,7.6,75,71
1/3/2015 20:00,-0.6,976.5,11.3,65,72
1/3/2015 21:00,-1.1,977.1,8.4,93,75
1/3/2015 22:00,-2.0,977.4,10.4,135,73
1/3/2015 23:00,-2.7,977.9,9.6,131,71
1/4/2015 0:00,-2.7,978.2,8.3,128,73
1/4/2015 1:00,-2.6,978.3,9.6,112,73
1/4/2015 2:00,-2.4,978.6,10.4,129,70
1/4/2015 3:00,-2.3,978.8,12.3,90,72
1/4/2015 4:00,-2.1,978.8,7.6,69,71
1/4/2015 5:00,-2.1,978.9,8.4,154,71
1/4/2015 6:00,-2.1,979.0,8.9,150,71
1/4/2015 7:00,-1.8,979.2,8.7,162,71
1/4/2015 8:00,-1.3,979.4,9.8,156,70
1/4/2015 9:00,-1.2,979.6,9.9,156,70
1/4/2015 10:00,-0.1,979.8,10.1,49,65
1/4/2015 11:00,-0.2,980.2,11.1,12,66
1/4/2015 12:00,0.1,980.4,7.9,91,66
1/4/2015 13:00,0.5,980.4,9.4,69,65
1/4/2015 14:00,-0.3,980.5,9.7,28,68
1/4/2015 15:00,-0.8,980.6,10.6,49,76
1/4/2015 16:00,-1.0,980.4,9.6,340,76
1/4/2015 17:00,-0.7,980.2,7.1,219,75
1/4/2015 18:00,-0.4,980.3,8.2,115,69
1/4/2015 19:00,-1.2,980.6,13.4,52,71
1/4/2015 20:00,-1.4,980.6,11.8,76,70
1/4/2015 21:00,-1.6,980.7,13.6,76,71
1/4/2015 22:00,-1.9,980.7,12.4,87,73
1/4/2015 23:00,-1.9,980.6,13.8,88,70
1/5/2015 0:00,-2.1,980.6,13.7,92,69
1/5/2015 1:00,-2.4,980.5,12.6,86,69
1/5/2015 2:00,-2.5,980.4,9.7,79,71
1/5/2015 3:00,-2.5,980.2,7.8,79,70
1/5/2015 4:00,-2.2,980.0,10.8,67,71
1/5/2015 5:00,-2.4,980.0,9.8,69,72
1/5/2015 6:00,-2.0,979.6,10.7,81,73
1/5/2015 7:00,-2.0,979.5,11.0,63,74
1/5/2015 8:00,-1.4,979.3,10.9,70,68
1/5/2015 9:00,-1.8,979.0,10.0,156,67
1/5/2015 10:00,-0.1,978.5,8.5,10,63
1/5/2015 11:00,0.7,978.1,10.6,28,59
1/5/2015 12:00,1.6,977.8,11.7,45,54
1/5/2015 13:00,0.3,977.4,12.3,3,63
1/5/2015 14:00,-0.4,976.9,8.9,43,60
1/5/2015 15:00,-0.5,976.5,9.7,340,62
1/5/2015 16:00,-0.8,976.4,10.9,344,64
1/5/2015 17:00,-0.9,976.1,8.0,251,66
1/5/2015 18:00,-1.0,976.0,8.9,302,64
1/5/2015 19:00,-1.3,975.9,9.8,319,63
1/5/2015 20:00,-1.3,975.6,10.7,310,60
1/5/2015 21:00,-1.6,975.3,9.0,250,66
1/5/2015 22:00,-1.7,975.1,9.0,254,68
1/5/2015 23:00,-1.7,975.0,8.6,253,66
1/6/2015 0:00,-2.1,974.9,11.0,327,66
1/6/2015 1:00,-2.7,974.6,10.1,321,74
1/6/2015 2:00,-2.8,974.5,10.7,323,70
1/6/2015 3:00,-2.7,974.5,8.5,232,72
1/6/2015 4:00,-2.6,974.5,7.3,239,72
1/6/2015 5:00,-2.5,974.3,8.5,14,73
1/6/2015 6:00,-2.9,974.5,9.9,357,76
1/6/2015 7:00,-2.3,974.7,11.1,6,80
1/6/2015 8:00,-1.4,974.8,8.9,7,71
1/6/2015 9:00,-0.6,974.9,10.4,43,67
1/6/2015 10:00,-0.9,975.3,11.3,34,70
1/6/2015 11:00,1.1,975.4,11.5,50,63
1/6/2015 12:00,0.0,975.3,9.9,53,66
1/6/2015 13:00,-0.8,975.4,11.2,25,74
1/6/2015 14:00,-0.5,975.4,9.7,57,66
1/6/2015 15:00,-0.3,975.3,11.2,34,67
1/6/2015 16:00,-0.2,975.4,9.7,65,64
1/6/2015 17:00,-0.5,975.4,9.4,44,63
1/6/2015 18:00,-0.8,975.5,10.0,30,70
1/6/2015 19:00,-1.3,975.6,8.4,29,74
1/6/2015 20:00,-1.4,975.7,7.7,72,74
1/6/2015 21:00,-1.6,976.0,13.0,108,68
1/6/2015 22:00,-2.6,976.3,13.9,137,70
1/6/2015 23:00,-3.1,976.4,12.7,137,70
1/7/2015 0:00,-3.2,976.4,12.5,130,67
1/7/2015 1:00,-3.3,976.7,11.9,122,65
1/7/2015 2:00,-3.5,976.8,13.8,127,64
1/7/2015 3:00,-3.8,976.8,16.9,127,67
1/7/2015 4:00,-3.5,977.0,15.1,132,77
1/7/2015 5:00,-2.9,977.1,15.9,125,69
1/7/2015 6:00,-2.4,977.2,15.4,124,64
1/7/2015 7:00,-2.0,977.5,15.5,111,64
1/7/2015 8:00,-1.7,977.5,16.2,118,69
1/7/2015 9:00,-1.3,977.6,16.0,105,66
1/7/2015 10:00,-0.7,977.7,17.7,109,64
1/7/2015 11:00,-0.2,977.8,19.6,82,64
1/7/2015 12:00,0.1,977.9,18.1,90,65
1/7/2015 13:00,-0.2,977.8,17.6,99,66
1/7/2015 14:00,0.1,977.7,18.0,93,64
1/7/2015 15:00,0.1,977.7,16.1,97,65
1/7/2015 16:00,0.1,977.6,17.2,78,63
1/7/2015 17:00,-0.1,977.5,15.0,92,66
1/7/2015 18:00,-0.3,977.7,15.6,92,64
1/7/2015 19:00,-0.6,977.9,13.2,94,68
1/7/2015 20:00,-1.0,977.7,13.3,119,69
1/7/2015 21:00,-1.5,977.5,13.3,137,67
1/7/2015 22:00,-2.4,977.5,14.2,160,65
1/7/2015 23:00,-3.1,977.2,15.9,154,68
1/8/2015 0:00,-3.1,976.9,15.2,150,67
1/8/2015 1:00,-3.3,976.7,14.9,154,66
1/8/2015 2:00,-3.4,976.3,15.7,169,63
1/8/2015 3:00,-3.4,976.2,13.4,171,64
1/8/2015 4:00,-3.1,975.7,15.8,166,59
1/8/2015 5:00,-2.6,975.7,12.2,166,61
1/8/2015 6:00,-2.8,975.3,12.5,156,57
1/8/2015 7:00,-2.0,975.0,7.9,76,50
1/8/2015 8:00,-0.4,974.7,11.3,93,42
1/8/2015 9:00,-1.2,974.2,11.7,129,45
1/8/2015 10:00,0.2,973.8,10.2,79,48
1/8/2015 11:00,-1.1,973.2,9.3,139,53
1/8/2015 12:00,1.0,972.6,8.1,53,52
1/8/2015 13:00,0.9,972.0,4.8,164,49
1/8/2015 14:00,0.7,971.3,10.8,347,53
1/8/2015 15:00,0.0,970.6,11.3,353,61
1/8/2015 16:00,-1.1,969.9,8.8,2,69
1/8/2015 17:00,-1.2,969.4,10.2,358,66
1/8/2015 18:00,-1.5,969.0,9.1,357,67
1/8/2015 19:00,-1.2,968.6,7.9,245,67
1/8/2015 20:00,-1.7,968.2,9.6,214,54
1/8/2015 21:00,-2.6,967.8,6.6,163,67
1/8/2015 22:00,-3.4,967.5,6.2,179,66
1/8/2015 23:00,-4.4,966.8,17.1,176,43
1/9/2015 0:00,-3.8,966.6,15.8,166,35
1/9/2015 1:00,-3.8,966.5,9.1,64,35
1/9/2015 2:00,-4.5,966.0,8.4,173,41
1/9/2015 3:00,-5.6,965.3,21.8,182,45
1/9/2015 4:00,-5.2,965.6,14.1,170,42
1/9/2015 5:00,-3.9,965.6,3.5,185,43
1/9/2015 6:00,-2.9,965.3,4.6,144,35
1/9/2015 7:00,-1.7,965.0,5.6,342,37
1/9/2015 8:00,-0.9,964.8,8.0,256,41
1/9/2015 9:00,0.2,964.7,4.3,302,38
1/9/2015 10:00,0.2,964.8,11.5,8,28
1/9/2015 11:00,0.1,965.0,9.9,349,47
1/9/2015 12:00,-0.3,964.9,12.1,3,53
1/9/2015 13:00,0.0,964.7,10.9,243,49
1/9/2015 14:00,0.9,964.7,12.3,328,36
1/9/2015 15:00,0.5,964.8,12.6,339,46
1/9/2015 16:00,-1.2,964.7,10.3,152,63
1/9/2015 17:00,-1.1,964.8,9.9,359,63
1/9/2015 18:00,-0.6,964.8,4.6,230,61
1/9/2015 19:00,-1.6,965.1,9.3,7,67
1/9/2015 20:00,-1.8,965.2,5.4,184,58
1/9/2015 21:00,-2.8,965.6,7.6,179,51
1/9/2015 22:00,-3.4,965.8,3.9,168,66
1/9/2015 23:00,-3.7,966.1,6.5,143,71
1/10/2015 0:00,-3.5,966.4,7.5,121,70
1/10/2015 1:00,-3.9,966.7,6.1,103,74
1/10/2015 2:00,-3.3,966.8,2.5,142,74
1/10/2015 3:00,-3.2,966.8,6.9,24,58
1/10/2015 4:00,-2.7,966.9,2.7,79,48
1/10/2015 5:00,-1.9,966.9,12.3,142,41
1/10/2015 6:00,-1.1,967.1,11.1,88,47
1/10/2015 7:00,-0.1,967.2,12.3,111,42
1/10/2015 8:00,0.0,967.3,15.7,116,42
1/10/2015 9:00,0.5,967.2,18.0,106,39
1/10/2015 10:00,1.3,967.6,16.4,80,37
1/10/2015 11:00,1.5,968.0,10.9,54,44
1/10/2015 12:00,1.1,968.3,9.8,51,44
1/10/2015 13:00,1.2,968.3,8.1,351,49
1/10/2015 14:00,1.2,968.4,9.6,359,50
1/10/2015 15:00,0.5,968.4,10.0,5,54
1/10/2015 16:00,0.6,968.3,8.0,9,54
1/10/2015 17:00,0.1,968.2,9.9,347,56
1/10/2015 18:00,-0.2,968.5,8.3,2,57
1/10/2015 19:00,-0.6,968.8,8.6,14,56
1/10/2015 20:00,-0.6,969.2,5.6,159,58
1/10/2015 21:00,-1.3,969.4,4.2,106,59
1/10/2015 22:00,-3.0,969.7,7.7,152,64
1/10/2015 23:00,-3.3,969.8,9.9,156,67
1/11/2015 0:00,-4.2,969.5,11.9,176,62
1/11/2015 1:00,-4.2,969.4,12.6,179,48
1/11/2015 2:00,-3.2,969.1,12.8,177,42
1/11/2015 3:00,-2.5,969.0,7.8,114,38
1/11/2015 4:00,-3.3,968.7,17.6,175,41
1/11/2015 5:00,-2.1,969.1,23.0,161,42
1/11/2015 6:00,-1.1,969.3,17.3,131,42
1/11/2015 7:00,-0.5,969.6,19.6,129,45
1/11/2015 8:00,0.2,970.2,17.8,119,45
1/11/2015 9:00,0.8,970.7,20.4,96,37
1/11/2015 10:00,1.8,971.5,19.2,73,37
1/11/2015 11:00,2.1,972.0,14.4,79,36
1/11/2015 12:00,1.6,971.9,10.2,100,37
1/11/2015 13:00,3.1,972.0,9.6,58,35
1/11/2015 14:00,2.7,972.3,9.0,9,40
1/11/2015 15:00,1.5,972.6,10.1,360,49
1/11/2015 16:00,1.4,972.8,9.1,358,45
1/11/2015 17:00,0.8,973.1,8.9,14,45
1/11/2015 18:00,-0.4,974.0,7.6,355,49
1/11/2015 19:00,-0.7,974.9,8.3,158,56
1/11/2015 20:00,-1.3,976.0,10.4,157,63
1/11/2015 21:00,-1.7,976.0,11.2,137,59
1/11/2015 22:00,-2.5,976.2,14.1,155,56
1/11/2015 23:00,-3.1,976.5,12.9,174,57
1/12/2015 0:00,-2.5,964.1,18.6,142,44
1/12/2015 1:00,-2.9,963.6,19.7,174,47
1/12/2015 2:00,-3.4,963.2,15.1,180,51
1/12/2015 3:00,-3.1,962.6,19.1,176,40
1/12/2015 4:00,-3.4,976.6,16.2,176,50
1/12/2015 5:00,-2.0,976.8,15.3,175,48
1/12/2015 6:00,-0.8,977.2,9.5,71,48
1/12/2015 7:00,-0.7,977.5,6.0,323,52
1/12/2015 8:00,0.1,961.5,13.6,176,46
1/12/2015 9:00,1.1,960.7,7.7,178,43
1/12/2015 10:00,3.0,960.3,11.3,357,34
1/12/2015 11:00,4.1,959.5,9.9,6,32
1/12/2015 12:00,4.0,959.2,9.5,9,31
1/12/2015 13:00,4.1,958.7,10.9,48,37
1/12/2015 14:00,3.3,958.7,8.5,350,36
1/12/2015 15:00,2.1,958.3,8.4,137,41
1/12/2015 16:00,2.3,958.3,9.1,148,43
1/12/2015 17:00,2.1,958.1,11.0,99,45
1/12/2015 18:00,1.6,958.2,11.1,120,49
1/12/2015 19:00,0.7,958.5,12.2,129,58
1/12/2015 20:00,0.4,958.4,11.3,174,55
1/12/2015 21:00,-0.7,958.1,15.2,182,54
1/12/2015 22:00,-1.3,957.9,19.4,152,52
1/12/2015 23:00,-1.4,957.4,22.6,168,42
1/13/2015 0:00,-1.7,971.5,17.1,173,43
1/13/2015 1:00,-2.6,971.2,19.4,181,43
1/13/2015 2:00,-2.1,970.9,20.2,180,42
1/13/2015 3:00,-3.0,970.6,18.7,180,48
1/13/2015 4:00,-2.0,970.0,22.7,176,40
1/13/2015 5:00,-1.4,970.0,21.4,175,44
1/13/2015 6:00,-0.5,969.9,20.0,174,42
1/13/2015 7:00,-0.3,969.9,19.1,174,44
1/13/2015 8:00,0.7,970.1,18.7,171,44
1/13/2015 9:00,1.1,970.2,16.2,159,50
1/13/2015 10:00,2.6,970.4,13.2,133,43
1/13/2015 11:00,3.3,970.8,13.5,83,45
1/13/2015 12:00,1.9,971.0,14.4,140,51
1/13/2015 13:00,2.1,971.6,11.8,87,54
1/13/2015 14:00,3.6,972.0,10.2,84,49
1/13/2015 15:00,3.0,972.0,9.0,54,51
1/13/2015 16:00,2.1,972.0,6.6,164,57
1/13/2015 17:00,1.8,972.2,7.7,187,57
1/13/2015 18:00,2.0,972.4,6.1,356,56
1/13/2015 19:00,1.9,972.6,4.4,179,55
1/13/2015 20:00,1.1,972.8,8.0,153,53
1/13/2015 21:00,0.0,973.0,7.5,186,55
1/13/2015 22:00,-2.3,972.9,14.9,187,62
1/13/2015 23:00,-2.7,973.3,13.0,181,60
1/14/2015 0:00,-2.3,973.5,13.8,187,58
1/14/2015 1:00,-2.4,973.8,12.5,170,60
1/14/2015 2:00,-1.6,974.3,12.4,174,57
1/14/2015 3:00,-2.5,974.2,13.7,176,58
1/14/2015 4:00,-2.3,974.4,13.6,175,56
1/14/2015 5:00,-1.8,974.5,12.7,176,55
1/14/2015 6:00,-0.3,974.8,9.6,175,48
1/14/2015 7:00,0.0,974.9,11.2,170,47
1/14/2015 8:00,1.1,975.1,11.2,127,46
1/14/2015 9:00,2.1,975.2,13.7,14,55
1/14/2015 10:00,0.9,975.6,11.7,4,56
1/14/2015 11:00,0.6,975.9,10.5,351,58
1/14/2015 12:00,1.0,976.0,10.8,359,59
1/14/2015 13:00,0.8,976.2,13.1,347,62
1/14/2015 14:00,0.2,976.6,12.5,43,62
1/14/2015 15:00,0.2,976.6,10.1,61,62
1/14/2015 16:00,0.1,976.6,7.3,78,62
1/14/2015 17:00,-0.4,976.5,8.7,37,63
1/14/2015 18:00,-1.0,976.6,10.0,9,68
1/14/2015 19:00,-1.6,977.0,10.0,356,69
1/14/2015 20:00,-1.6,977.4,6.1,283,70
1/14/2015 21:00,-1.9,977.5,8.2,238,71
1/14/2015 22:00,-2.4,977.6,7.5,244,72
1/14/2015 23:00,-3.1,977.6,6.0,173,72
1/15/2015 0:00,-3.3,978.0,6.5,145,69
1/15/2015 1:00,-3.4,978.2,8.2,102,73
1/15/2015 2:00,-3.5,978.2,8.1,164,69
1/15/2015 3:00,-4.0,978.3,12.6,176,63
1/15/2015 4:00,-3.7,978.4,15.6,167,59
1/15/2015 5:00,-2.9,978.4,16.7,154,58
1/15/2015 6:00,-1.7,978.8,12.4,112,54
1/15/2015 7:00,-1.4,978.9,9.5,111,55
1/15/2015 8:00,0.4,979.0,12.3,65,53
1/15/2015 9:00,1.2,979.1,14.0,78,49
1/15/2015 10:00,1.1,979.2,11.8,51,50
1/15/2015 11:00,1.9,979.3,11.8,63,51
1/15/2015 12:00,1.0,979.8,15.8,101,49
1/15/2015 13:00,-0.3,980.0,13.5,127,56
1/15/2015 14:00,-0.6,980.4,15.2,75,61
1/15/2015 15:00,-0.1,980.3,10.0,98,57
1/15/2015 16:00,-0.5,979.9,10.8,144,58
1/15/2015 17:00,-0.3,979.8,11.0,157,58
1/15/2015 18:00,-0.2,980.0,9.8,159,63
1/15/2015 19:00,-0.2,980.3,11.9,119,58
1/15/2015 20:00,-0.9,980.7,11.3,114,61
1/15/2015 21:00,-1.5,981.2,14.6,118,62
1/15/2015 22:00,-2.7,981.7,13.5,128,64
1/15/2015 23:00,-2.7,981.6,12.4,116,60
1/16/2015 0:00,-2.0,981.3,16.2,134,58
1/16/2015 1:00,-1.7,981.2,14.8,129,59
1/16/2015 2:00,-1.5,981.1,15.1,134,57
1/16/2015 3:00,-1.2,981.1,14.3,126,53
1/16/2015 4:00,-1.0,981.0,18.1,137,53
1/16/2015 5:00,-0.8,980.7,16.6,128,51
1/16/2015 6:00,-0.1,980.7,15.0,118,52
1/16/2015 7:00,0.6,980.7,15.9,118,48
1/16/2015 8:00,1.0,980.6,18.3,132,50
1/16/2015 9:00,1.6,980.0,18.8,108,47
1/16/2015 10:00,2.1,979.5,21.5,103,44
1/16/2015 11:00,2.4,978.6,19.6,118,44
1/16/2015 12:00,2.4,978.1,17.7,107,46
1/16/2015 13:00,2.9,977.0,19.0,110,45
1/16/2015 14:00,3.1,976.3,23.8,101,45
1/16/2015 15:00,2.9,975.0,21.0,113,43
1/16/2015 16:00,2.9,973.8,14.7,107,49
1/16/2015 17:00,2.8,972.6,18.4,97,45
1/16/2015 18:00,2.7,971.3,15.9,121,45
1/16/2015 19:00,3.1,970.1,16.0,110,41
1/16/2015 20:00,1.9,968.3,13.4,145,48
1/16/2015 21:00,2.1,966.2,11.1,173,44
1/16/2015 22:00,1.2,963.9,16.0,176,44
1/16/2015 23:00,0.6,961.9,18.1,176,44
1/17/2015 0:00,1.0,959.6,18.2,182,50
1/17/2015 1:00,1.8,957.1,20.2,177,44
1/17/2015 2:00,1.9,955.6,18.5,176,44
1/17/2015 3:00,1.8,954.1,17.4,174,49
1/17/2015 4:00,1.4,952.4,14.8,182,61
1/17/2015 5:00,0.9,951.4,22.5,173,77
1/17/2015 6:00,2.4,948.9,17.5,181,61
1/17/2015 7:00,3.2,948.0,18.5,178,53
1/17/2015 8:00,3.4,947.7,21.0,143,60
1/17/2015 9:00,2.6,947.5,22.8,130,62
1/17/2015 10:00,0.6,948.0,35.9,161,83
1/17/2015 11:00,0.0,948.2,31.4,159,92
1/17/2015 12:00,0.3,949.0,21.2,134,91
1/17/2015 13:00,1.2,949.8,19.4,122,80
1/17/2015 14:00,1.7,951.3,20.2,132,75
1/17/2015 15:00,2.0,952.3,21.9,129,72
1/17/2015 16:00,2.5,953.7,18.8,129,68
1/17/2015 17:00,2.3,954.8,19.2,133,71
1/17/2015 18:00,1.9,956.1,20.9,128,76
1/17/2015 19:00,1.5,957.5,19.3,132,78
1/17/2015 20:00,1.2,959.4,19.0,128,79
1/17/2015 21:00,0.9,960.8,17.5,130,82
1/17/2015 22:00,0.9,962.0,20.8,137,78
1/17/2015 23:00,0.9,963.3,20.7,136,78
1/18/2015 0:00,0.8,964.5,21.0,140,76
1/18/2015 1:00,1.2,965.8,18.0,137,67
1/18/2015 2:00,1.5,967.0,13.9,132,60
1/18/2015 3:00,1.8,967.9,10.5,126,56
1/18/2015 4:00,1.5,968.8,12.6,115,57
1/18/2015 5:00,2.2,969.6,7.5,121,53
1/18/2015 6:00,2.6,970.8,9.5,173,53
1/18/2015 7:00,3.0,971.4,14.3,165,44
1/18/2015 8:00,3.5,972.4,14.2,160,40
1/18/2015 9:00,4.2,973.4,13.8,151,45
1/18/2015 10:00,5.2,974.5,10.2,144,42
1/18/2015 11:00,5.4,975.1,12.5,129,45
1/18/2015 12:00,5.5,975.3,15.0,130,49
1/18/2015 13:00,5.4,975.6,14.7,115,53
1/18/2015 14:00,6.6,976.5,12.8,75,52
1/18/2015 15:00,6.2,976.7,17.4,85,52
1/18/2015 16:00,5.3,977.5,18.8,96,55
1/18/2015 17:00,3.7,977.4,16.4,125,63
1/18/2015 18:00,3.2,977.5,17.1,111,63
1/18/2015 19:00,2.8,978.0,17.0,120,62
1/18/2015 20:00,2.0,978.1,17.2,117,62
1/18/2015 21:00,1.3,978.4,15.9,132,61
1/18/2015 22:00,1.0,978.5,17.1,119,57
1/18/2015 23:00,0.8,978.4,20.0,120,58
1/19/2015 0:00,0.0,978.4,18.5,118,59
1/19/2015 1:00,-0.2,978.4,20.3,123,57
1/19/2015 2:00,-0.1,978.1,22.7,118,69
1/19/2015 3:00,0.1,978.1,21.4,111,76
1/19/2015 4:00,0.2,978.0,22.6,120,77
1/19/2015 5:00,0.4,978.0,20.4,128,77
1/19/2015 6:00,-0.1,977.9,21.4,112,88
1/19/2015 7:00,0.1,977.6,21.8,128,89
1/19/2015 8:00,-0.6,977.8,24.9,119,89
1/19/2015 9:00,-0.7,977.4,23.5,130,87
1/19/2015 10:00,-0.8,976.9,27.0,135,85
1/19/2015 11:00,-1.2,976.7,25.4,135,87
1/19/2015 12:00,-1.2,976.1,25.9,134,86
1/19/2015 13:00,-1.2,975.6,23.5,139,86
1/19/2015 14:00,-1.1,974.9,23.8,135,84
1/19/2015 15:00,-1.2,974.4,22.3,138,86
1/19/2015 16:00,-1.2,973.6,20.9,138,84
1/19/2015 17:00,-1.9,973.3,21.1,121,84
1/19/2015 18:00,-1.9,972.8,16.5,137,84
1/19/2015 19:00,-2.1,972.3,18.4,139,83
1/19/2015 20:00,-2.6,971.7,17.8,153,86
1/19/2015 21:00,-2.3,971.2,16.3,110,83
1/19/2015 22:00,-2.5,970.6,16.5,117,84
1/19/2015 23:00,-2.5,969.9,17.8,118,80
1/20/2015 0:00,-2.4,969.2,16.0,124,78
1/20/2015 1:00,-3.1,969.0,15.8,120,89
1/20/2015 2:00,-3.0,968.0,17.9,120,91
1/20/2015 3:00,-2.8,967.5,17.6,116,89
1/20/2015 4:00,-2.6,967.3,17.9,105,88
1/20/2015 5:00,-2.7,966.9,15.7,122,87
1/20/2015 6:00,-2.3,966.6,17.9,120,82
1/20/2015 7:00,-2.7,966.8,18.0,124,83
1/20/2015 8:00,-2.4,966.7,18.5,152,80
1/20/2015 9:00,-2.8,966.9,19.7,128,84
1/20/2015 10:00,-2.5,966.9,17.9,119,79
1/20/2015 11:00,-2.1,966.7,18.8,130,74
1/20/2015 12:00,-1.5,966.4,18.3,131,71
1/20/2015 13:00,-0.9,966.0,14.6,128,69
1/20/2015 14:00,0.0,965.5,13.5,125,64
1/20/2015 15:00,0.6,964.9,14.5,118,63
1/20/2015 16:00,0.5,964.3,16.0,117,60
1/20/2015 17:00,0.5,964.1,13.0,113,63
1/20/2015 18:00,0.2,963.9,11.5,106,60
1/20/2015 19:00,0.7,963.3,15.8,116,53
1/20/2015 20:00,0.5,963.1,18.9,130,50
1/20/2015 21:00,0.4,962.8,18.0,128,49
1/20/2015 22:00,0.1,962.5,21.9,135,51
1/20/2015 23:00,-0.2,962.7,21.8,135,51
1/21/2015 0:00,-0.4,962.4,24.3,135,52
1/21/2015 1:00,-0.1,962.8,24.1,131,49
1/21/2015 2:00,-0.6,963.0,24.1,138,49
1/21/2015 3:00,-0.5,963.0,26.8,135,46
1/21/2015 4:00,-0.6,963.6,24.1,139,49
1/21/2015 5:00,-0.5,964.0,22.4,145,49
1/21/2015 6:00,-0.6,964.6,27.6,152,48
1/21/2015 7:00,0.0,965.0,20.4,121,53
1/21/2015 8:00,0.3,965.1,19.5,144,53
1/21/2015 9:00,0.8,965.5,23.9,119,45
1/21/2015 10:00,0.8,966.0,21.6,108,45
1/21/2015 11:00,0.9,966.4,19.2,108,51
1/21/2015 12:00,1.7,965.8,24.1,104,52
1/21/2015 13:00,2.2,966.0,21.8,115,50
1/21/2015 14:00,1.8,966.3,17.7,126,54
1/21/2015 15:00,1.3,966.5,16.8,132,56
1/21/2015 16:00,1.5,966.8,19.9,129,54
1/21/2015 17:00,1.4,967.2,18.3,128,53
1/21/2015 18:00,1.0,966.9,22.2,126,51
1/21/2015 19:00,0.7,967.3,24.1,129,50
1/21/2015 20:00,1.0,968.0,18.4,123,50
1/21/2015 21:00,0.5,968.9,17.2,125,49
1/21/2015 22:00,-0.2,969.1,20.8,129,50
1/21/2015 23:00,-0.4,969.2,25.3,136,48
1/22/2015 0:00,-0.8,969.1,30.6,151,48
1/22/2015 1:00,-1.1,969.3,32.5,151,49
1/22/2015 2:00,-1.1,969.4,32.1,150,46
1/22/2015 3:00,-1.4,969.2,29.6,145,48
1/22/2015 4:00,-1.4,969.7,29.1,147,49
1/22/2015 5:00,-1.4,969.8,24.1,141,50
1/22/2015 6:00,-1.2,969.7,29.9,143,45
1/22/2015 7:00,-1.2,970.4,25.4,138,52
1/22/2015 8:00,-1.0,970.9,25.1,140,49
1/22/2015 9:00,-0.5,971.0,23.9,140,54
1/22/2015 10:00,0.0,971.1,26.5,129,50
1/22/2015 11:00,0.6,970.8,22.1,140,56
1/22/2015 12:00,0.7,970.8,24.1,131,54
1/22/2015 13:00,0.8,970.6,20.6,120,57
1/22/2015 14:00,1.1,970.6,18.7,113,61
1/22/2015 15:00,1.0,970.6,18.9,106,57
1/22/2015 16:00,0.6,970.7,16.3,109,61
1/22/2015 17:00,0.1,970.9,18.6,117,58
1/22/2015 18:00,0.0,970.9,13.2,107,61
1/22/2015 19:00,0.2,970.5,14.9,128,56
1/22/2015 20:00,0.2,970.4,15.4,119,57
1/22/2015 21:00,0.2,970.1,16.5,129,53
1/22/2015 22:00,-0.5,970.1,12.7,129,52
1/22/2015 23:00,-0.6,970.0,20.8,144,48
1/23/2015 0:00,-1.4,969.9,22.1,157,51
1/23/2015 1:00,-1.8,969.8,20.8,160,49
1/23/2015 2:00,-1.6,970.0,23.9,160,47
1/23/2015 3:00,-0.7,970.1,19.6,139,44
1/23/2015 4:00,-1.1,970.2,23.1,154,47
1/23/2015 5:00,-0.6,970.7,16.6,143,42
1/23/2015 6:00,-0.3,971.0,16.1,131,44
1/23/2015 7:00,-0.3,971.1,17.4,127,44
1/23/2015 8:00,-0.2,971.1,18.0,129,44
1/23/2015 9:00,-0.1,970.9,14.6,128,49
1/23/2015 10:00,1.2,970.7,12.7,121,48
1/23/2015 11:00,2.2,970.4,15.3,78,49
1/23/2015 12:00,2.1,970.0,17.0,103,45
1/23/2015 13:00,2.9,969.8,16.1,76,46
1/23/2015 14:00,2.6,969.3,15.5,76,45
1/23/2015 15:00,2.2,968.8,13.9,74,47
1/23/2015 16:00,1.7,968.3,13.9,87,44
1/23/2015 17:00,1.1,968.0,11.4,77,46
1/23/2015 18:00,0.1,967.8,8.4,144,49
1/23/2015 19:00,-0.2,967.4,8.3,87,46
1/23/2015 20:00,-2.3,967.2,11.7,184,61
1/23/2015 21:00,-3.0,966.9,13.3,180,56
1/23/2015 22:00,-4.2,966.6,14.2,181,57
1/23/2015 23:00,-5.6,966.4,19.1,187,57
1/24/2015 0:00,-6.2,966.4,21.9,188,58
1/24/2015 1:00,-4.5,965.9,19.7,182,52
1/24/2015 2:00,-2.5,965.5,18.6,177,48
1/24/2015 3:00,-2.4,965.8,7.1,119,50
1/24/2015 4:00,-1.1,965.6,19.5,164,48
1/24/2015 5:00,-0.6,966.0,17.2,134,46
1/24/2015 6:00,-0.5,966.6,16.1,129,43
1/24/2015 7:00,-0.3,966.5,7.7,152,38
1/24/2015 8:00,0.3,966.4,8.0,153,35
1/24/2015 9:00,0.9,966.5,6.1,193,38
1/24/2015 10:00,3.5,966.2,10.2,95,28
1/24/2015 11:00,1.4,965.7,7.1,153,33
1/24/2015 12:00,2.0,965.4,10.6,157,32
1/24/2015 13:00,4.2,965.2,13.0,76,27
1/24/2015 14:00,1.7,965.0,8.8,153,37
1/24/2015 15:00,2.0,964.9,7.0,234,36
1/24/2015 16:00,3.7,964.7,14.1,86,28
1/24/2015 17:00,1.4,964.6,13.6,151,46
1/24/2015 18:00,1.5,964.6,14.7,148,45
1/24/2015 19:00,0.6,964.5,17.1,166,46
1/24/2015 20:00,-1.2,964.4,19.1,173,50
1/24/2015 21:00,-1.0,964.5,19.0,175,47
1/24/2015 22:00,-0.9,964.6,20.4,171,46
1/24/2015 23:00,-0.7,964.8,20.2,166,46
1/25/2015 0:00,-2.8,964.3,24.2,184,52
1/25/2015 1:00,-2.6,965.1,24.2,177,49
1/25/2015 2:00,-2.0,965.4,20.9,173,43
1/25/2015 3:00,-2.6,965.5,19.4,184,48
1/25/2015 4:00,-2.2,966.0,20.7,174,43
1/25/2015 5:00,-1.5,966.7,20.1,152,43
1/25/2015 6:00,-0.5,967.5,19.3,138,38
1/25/2015 7:00,-0.3,967.9,17.3,126,43
1/25/2015 8:00,0.0,968.2,19.9,116,45
1/25/2015 9:00,0.0,968.6,19.9,109,46
1/25/2015 10:00,-0.2,968.8,24.4,106,45
1/25/2015 11:00,0.1,969.1,21.9,119,48
1/25/2015 12:00,0.2,969.3,20.1,111,48
1/25/2015 13:00,0.2,969.5,21.0,116,49
1/25/2015 14:00,0.5,969.5,18.6,113,50
1/25/2015 15:00,0.2,969.4,19.6,108,52
1/25/2015 16:00,0.3,969.7,17.3,78,52
1/25/2015 17:00,-1.3,969.9,12.3,43,63
1/25/2015 18:00,-2.2,970.1,10.3,71,62
1/25/2015 19:00,-2.6,970.4,8.4,35,65
1/25/2015 20:00,-2.8,970.6,6.0,43,64
1/25/2015 21:00,-3.4,970.9,7.4,62,65
1/25/2015 22:00,-4.1,971.1,8.0,157,67
1/25/2015 23:00,-4.9,971.1,10.2,185,67
1/26/2015 0:00,-4.9,971.1,11.2,177,62
1/26/2015 1:00,-4.9,971.1,13.5,145,61
1/26/2015 2:00,-4.6,971.0,15.3,165,53
1/26/2015 3:00,-4.5,971.2,15.7,158,50
1/26/2015 4:00,-4.1,971.4,8.9,119,55
1/26/2015 5:00,-3.1,971.7,14.2,118,50
1/26/2015 6:00,-2.3,971.9,16.0,88,52
1/26/2015 7:00,-2.0,972.2,16.9,97,51
1/26/2015 8:00,-1.3,972.5,16.3,103,46
1/26/2015 9:00,-0.5,972.7,16.1,99,45
1/26/2015 10:00,0.1,973.0,20.0,95,39
1/26/2015 11:00,1.0,973.1,17.8,92,39
1/26/2015 12:00,1.4,973.4,17.5,98,35
1/26/2015 13:00,1.1,973.6,16.6,72,39
1/26/2015 14:00,0.8,973.6,16.1,71,43
1/26/2015 15:00,0.5,973.6,11.9,61,45
1/26/2015 16:00,0.4,973.5,12.9,101,43
1/26/2015 17:00,-0.9,973.4,10.0,132,51
1/26/2015 18:00,-0.8,973.4,12.4,134,50
1/26/2015 19:00,-1.7,973.6,12.3,172,52
1/26/2015 20:00,-2.0,973.5,11.0,165,52
1/26/2015 21:00,-2.9,973.7,6.6,49,60
1/26/2015 22:00,-4.0,973.8,7.0,180,57
1/26/2015 23:00,-4.1,974.0,11.1,153,56
1/27/2015 0:00,-4.8,973.9,10.9,168,61
1/27/2015 1:00,-5.1,973.9,15.0,165,57
1/27/2015 2:00,-5.3,973.5,16.2,162,56
1/27/2015 3:00,-4.9,973.2,15.4,168,53
1/27/2015 4:00,-4.5,972.9,15.8,158,51
1/27/2015 5:00,-4.1,972.5,14.4,172,51
1/27/2015 6:00,-3.4,972.4,12.3,157,51
1/27/2015 7:00,-2.6,972.2,9.3,125,50
1/27/2015 8:00,-2.0,971.9,8.8,113,47
1/27/2015 9:00,-1.4,971.5,9.0,91,47
1/27/2015 10:00,-0.1,971.2,4.8,23,48
1/27/2015 11:00,-1.1,971.0,7.9,104,49
1/27/2015 12:00,0.0,970.8,11.0,7,57
1/27/2015 13:00,0.3,970.4,9.2,17,54
1/27/2015 14:00,-0.6,970.2,9.8,344,58
1/27/2015 15:00,-0.7,970.1,10.7,360,60
1/27/2015 16:00,-1.4,970.1,10.3,352,62
1/27/2015 17:00,-1.2,969.9,6.8,330,63
1/27/2015 18:00,-1.8,970.0,8.8,354,65
1/27/2015 19:00,-2.3,969.9,9.8,357,68
1/27/2015 20:00,-3.1,969.9,8.0,200,68
1/27/2015 21:00,-3.7,969.6,6.4,178,63
1/27/2015 22:00,-4.5,969.5,7.7,177,63
1/27/2015 23:00,-5.0,969.2,5.9,124,58
1/28/2015 0:00,-5.4,969.2,4.5,197,73
1/28/2015 1:00,-4.4,969.4,5.8,352,63
1/28/2015 2:00,-3.9,969.0,5.0,100,60
1/28/2015 3:00,-4.4,969.0,6.1,95,70
1/28/2015 4:00,-4.6,969.1,9.7,81,75
1/28/2015 5:00,-3.2,969.4,7.8,120,59
1/28/2015 6:00,-2.2,969.8,7.8,160,50
1/28/2015 7:00,-1.3,970.0,7.9,110,49
1/28/2015 8:00,0.3,970.4,17.4,98,46
1/28/2015 9:00,1.6,970.6,14.5,71,43
1/28/2015 10:00,2.0,970.7,14.2,64,41
1/28/2015 11:00,0.6,971.0,7.2,59,51
1/28/2015 12:00,0.8,971.1,10.9,44,53
1/28/2015 13:00,0.7,971.0,9.8,43,52
1/28/2015 14:00,0.5,971.0,8.6,29,54
1/28/2015 15:00,0.4,971.1,8.9,35,57
1/28/2015 16:00,-0.6,971.3,9.0,53,60
1/28/2015 17:00,-1.7,971.4,10.1,56,65
1/28/2015 18:00,-3.1,971.6,10.3,25,68
1/28/2015 19:00,-4.6,972.0,9.2,2,75
1/28/2015 20:00,-6.0,972.5,8.6,63,78
1/28/2015 21:00,-6.3,972.6,9.6,91,79
1/28/2015 22:00,-6.9,972.9,11.6,84,80
1/28/2015 23:00,-8.0,973.3,9.6,110,84
1/29/2015 0:00,-8.2,973.8,10.7,117,83
1/29/2015 1:00,-8.0,974.2,11.9,133,83
1/29/2015 2:00,-8.1,974.2,11.8,114,83
1/29/2015 3:00,-7.8,974.3,12.3,82,81
1/29/2015 4:00,-8.0,974.5,9.6,122,81
1/29/2015 5:00,-7.5,974.8,11.5,136,77
1/29/2015 6:00,-7.5,975.0,11.5,137,79
1/29/2015 7:00,-6.8,975.3,11.2,123,79
1/29/2015 8:00,-6.2,975.5,11.3,137,77
1/29/2015 9:00,-5.8,975.8,14.9,82,74
1/29/2015 10:00,-5.6,976.1,14.3,79,73
1/29/2015 11:00,-4.8,976.2,10.7,95,70
1/29/2015 12:00,-5.1,976.2,12.4,74,75
1/29/2015 13:00,-4.7,976.3,15.0,89,72
1/29/2015 14:00,-4.5,976.5,11.4,70,68
1/29/2015 15:00,-4.2,976.3,9.2,96,68
1/29/2015 16:00,-4.3,976.1,11.0,57,74
1/29/2015 17:00,-4.5,976.0,9.3,62,71
1/29/2015 18:00,-4.5,975.9,9.9,79,68
1/29/2015 19:00,-4.4,975.9,7.6,83,69
1/29/2015 20:00,-4.5,975.8,8.1,107,72
1/29/2015 21:00,-4.7,975.6,8.2,85,73
1/29/2015 22:00,-4.7,975.5,6.2,108,71
1/29/2015 23:00,-4.8,975.3,7.4,156,74
1/30/2015 0:00,-5.0,975.2,4.4,74,72
1/30/2015 1:00,-4.9,975.0,4.7,108,73
1/30/2015 2:00,-5.0,974.8,4.9,142,71
1/30/2015 3:00,-4.9,974.3,6.3,104,71
1/30/2015 4:00,-4.8,974.1,7.3,76,70
1/30/2015 5:00,-4.7,974.2,6.4,112,71
1/30/2015 6:00,-4.9,973.9,7.4,144,72
1/30/2015 7:00,-4.5,974.1,8.5,128,68
1/30/2015 8:00,-4.2,974.1,9.0,122,69
1/30/2015 9:00,-3.6,974.0,9.5,109,66
1/30/2015 10:00,-3.1,973.9,6.5,99,65
1/30/2015 11:00,-3.3,973.9,10.0,154,64
1/30/2015 12:00,-3.1,973.9,10.5,149,63
1/30/2015 13:00,-2.6,974.0,9.4,75,62
1/30/2015 14:00,-2.7,974.2,11.2,47,68
1/30/2015 15:00,-2.7,974.1,12.2,83,62
1/30/2015 16:00,-2.9,974.0,8.6,131,67
1/30/2015 17:00,-3.1,974.0,10.8,135,65
1/30/2015 18:00,-3.0,974.1,11.0,96,64
1/30/2015 19:00,-3.2,974.2,10.8,69,67
1/30/2015 20:00,-3.3,974.3,11.0,105,62
1/30/2015 21:00,-3.4,974.4,12.7,102,66
1/30/2015 22:00,-3.7,974.6,10.8,97,70
1/30/2015 23:00,-3.9,974.6,11.7,115,67
1/31/2015 0:00,-4.0,974.8,12.0,117,69
1/31/2015 1:00,-4.4,974.6,12.1,126,78
1/31/2015 2:00,-4.9,974.7,11.6,137,83
1/31/2015 3:00,-4.9,974.6,13.5,135,82
1/31/2015 4:00,-5.0,974.9,11.8,133,85
1/31/2015 5:00,-4.8,975.1,12.0,118,80
1/31/2015 6:00,-5.2,975.1,14.1,135,85
1/31/2015 7:00,-4.7,975.5,12.4,124,74
1/31/2015 8:00,-4.4,975.8,14.2,102,72
1/31/2015 9:00,-4.2,975.8,12.0,119,71
1/31/2015 10:00,-3.7,975.5,12.2,135,68
1/31/2015 11:00,-3.0,975.2,12.2,135,67
1/31/2015 12:00,-2.0,974.8,11.8,143,62
1/31/2015 13:00,-1.8,974.3,10.5,147,57
1/31/2015 14:00,-2.0,974.0,13.0,40,62
1/31/2015 15:00,-2.7,973.6,8.9,27,65
1/31/2015 16:00,-2.8,973.3,2.2,300,66
1/31/2015 17:00,-3.0,972.7,8.8,200,69
1/31/2015 18:00,-3.3,972.5,6.6,194,71
1/31/2015 19:00,-3.7,972.4,7.7,127,74
1/31/2015 20:00,-4.4,972.2,16.6,159,73
1/31/2015 21:00,-4.8,971.7,15.3,155,70
1/31/2015 22:00,-4.7,971.2,15.8,160,67
1/31/2015 23:00,-4.5,971.0,13.6,154,75
2/1/2015 0:00,-4.9,970.8,11.8,157,79
2/1/2015 1:00,-5.2,970.3,10.3,158,81
2/1/2015 2:00,-5.3,969.8,10.7,149,85
2/1/2015 3:00,-4.9,969.3,9.6,154,80
2/1/2015 4:00,-4.5,968.9,5.5,104,82
2/1/2015 5:00,-4.6,968.4,5.6,153,82
2/1/2015 6:00,-4.0,968.2,5.4,236,83
2/1/2015 7:00,-3.3,968.0,4.4,230,80
2/1/2015 8:00,-3.6,967.8,6.3,6,81
2/1/2015 9:00,-4.0,967.5,7.6,12,84
2/1/2015 10:00,-3.6,966.9,8.4,8,82
2/1/2015 11:00,-3.9,966.8,9.1,8,82
2/1/2015 12:00,-2.9,966.3,10.1,6,77
2/1/2015 13:00,-2.3,966.1,8.3,9,74
2/1/2015 14:00,-2.2,966.0,8.5,1,76
2/1/2015 15:00,-2.2,965.7,7.3,0,76
2/1/2015 16:00,-2.5,965.7,8.7,355,76
2/1/2015 17:00,-3.5,965.6,7.4,1,80
2/1/2015 18:00,-3.9,965.8,8.4,8,81
2/1/2015 19:00,-4.3,966.0,6.8,189,81
2/1/2015 20:00,-4.1,966.4,8.0,10,81
2/1/2015 21:00,-4.6,966.6,8.0,135,86
2/1/2015 22:00,-5.5,967.0,10.0,61,87
2/1/2015 23:00,-6.2,967.3,8.9,155,88
2/2/2015 0:00,-6.3,967.5,8.7,164,83
2/2/2015 1:00,-6.7,967.7,9.1,172,78
2/2/2015 2:00,-7.6,967.8,10.3,175,73
2/2/2015 3:00,-6.6,967.8,10.8,170,71
2/2/2015 4:00,-5.2,967.8,15.3,157,66
2/2/2015 5:00,-4.7,968.1,13.5,155,63
2/2/2015 6:00,-4.3,968.4,16.1,154,62
2/2/2015 7:00,-3.8,968.7,13.1,159,61
2/2/2015 8:00,-3.0,968.9,10.2,142,58
2/2/2015 9:00,-1.8,969.0,12.6,118,53
2/2/2015 10:00,-1.7,968.9,10.2,115,54
2/2/2015 11:00,-1.2,968.9,10.3,130,52
2/2/2015 12:00,-0.6,969.0,11.7,138,53
2/2/2015 13:00,-0.6,969.0,11.2,110,52
2/2/2015 14:00,0.8,969.3,12.9,56,49
2/2/2015 15:00,0.6,969.5,7.6,155,50
2/2/2015 16:00,-0.9,969.5,9.4,184,59
2/2/2015 17:00,-1.9,969.5,9.7,186,62
2/2/2015 18:00,-3.2,969.3,9.4,193,62
2/2/2015 19:00,-4.2,969.5,12.5,188,58
2/2/2015 20:00,-4.7,969.5,11.1,179,59
2/2/2015 21:00,-4.8,969.5,10.1,188,58
2/2/2015 22:00,-4.9,969.2,8.3,172,58
2/2/2015 23:00,-6.8,969.1,2.8,43,64
2/3/2015 0:00,-5.6,968.8,13.5,189,61
2/3/2015 1:00,-4.4,968.7,10.5,193,60
2/3/2015 2:00,-3.9,968.7,5.8,40,64
2/3/2015 3:00,-4.0,968.5,5.6,303,67
2/3/2015 4:00,-1.8,968.3,15.0,170,57
2/3/2015 5:00,-2.1,967.8,21.1,177,52
2/3/2015 6:00,-1.5,967.8,18.0,175,52
2/3/2015 7:00,-1.7,967.7,20.5,178,52
2/3/2015 8:00,-0.5,967.7,20.4,177,47
2/3/2015 9:00,0.0,967.5,18.0,177,47
2/3/2015 10:00,1.2,967.5,18.2,170,44
2/3/2015 11:00,1.6,967.5,15.0,157,48
2/3/2015 12:00,1.8,967.6,13.0,152,46
2/3/2015 13:00,2.6,967.5,12.1,142,46
2/3/2015 14:00,3.1,967.6,10.8,145,45
2/3/2015 15:00,1.9,967.5,12.3,155,49
2/3/2015 16:00,2.4,967.5,7.5,173,52
2/3/2015 17:00,1.2,967.4,11.0,162,54
2/3/2015 18:00,-0.3,967.6,13.1,177,56
2/3/2015 19:00,-1.5,967.6,14.7,175,53
2/3/2015 20:00,-3.1,967.7,18.6,182,56
2/3/2015 21:00,-3.5,967.8,20.0,182,50
2/3/2015 22:00,-4.4,968.1,21.1,183,45
2/3/2015 23:00,-5.2,968.5,23.7,182,45
2/4/2015 0:00,-5.6,968.8,26.1,181,43
2/4/2015 1:00,-6.1,969.4,22.2,177,50
2/4/2015 2:00,-5.3,970.0,23.0,176,44
2/4/2015 3:00,-4.5,970.6,22.5,172,41
2/4/2015 4:00,-3.8,971.0,24.1,168,41
2/4/2015 5:00,-3.5,971.4,19.1,176,44
2/4/2015 6:00,-2.3,971.9,21.4,166,41
2/4/2015 7:00,-1.2,972.9,15.5,138,41
2/4/2015 8:00,-0.8,973.7,16.0,117,47
2/4/2015 9:00,-1.0,974.6,13.3,123,44
2/4/2015 10:00,0.2,974.9,8.9,98,37
2/4/2015 11:00,0.8,975.3,10.7,52,39
2/4/2015 12:00,0.7,975.1,8.7,5,42
2/4/2015 13:00,0.1,975.3,11.1,351,45
2/4/2015 14:00,0.1,975.4,10.0,348,47
2/4/2015 15:00,0.4,975.4,7.4,254,48
2/4/2015 16:00,0.2,975.3,6.3,188,47
2/4/2015 17:00,-0.4,975.1,2.8,206,49
2/4/2015 18:00,-1.6,975.3,2.9,225,52
2/4/2015 19:00,-2.9,975.3,11.4,202,56
2/4/2015 20:00,-4.8,975.3,13.5,200,56
2/4/2015 21:00,-6.7,975.5,16.2,194,56
2/4/2015 22:00,-6.7,975.7,12.7,187,55
2/4/2015 23:00,-6.2,975.8,10.7,187,54
2/5/2015 0:00,-6.9,975.9,17.5,189,52
2/5/2015 1:00,-5.3,975.9,10.9,168,52
2/5/2015 2:00,-6.2,975.9,14.9,180,47
2/5/2015 3:00,-5.8,975.8,16.3,179,46
2/5/2015 4:00,-7.1,975.6,20.7,183,47
2/5/2015 5:00,-4.9,975.4,20.0,177,42
2/5/2015 6:00,-4.6,975.2,18.1,177,47
2/5/2015 7:00,-3.4,975.1,17.9,176,45
2/5/2015 8:00,-1.6,975.2,14.7,162,40
2/5/2015 9:00,-0.4,975.3,12.6,130,39
2/5/2015 10:00,0.2,975.4,14.5,76,35
2/5/2015 11:00,1.4,975.0,9.3,48,31
2/5/2015 12:00,1.0,974.6,9.0,54,31
2/5/2015 13:00,0.8,974.0,10.8,5,39
2/5/2015 14:00,0.1,973.4,9.7,360,41
2/5/2015 15:00,0.4,972.6,8.3,331,39
2/5/2015 16:00,-1.0,972.3,10.8,5,42
2/5/2015 17:00,-1.6,972.0,7.8,37,46
2/5/2015 18:00,-2.3,971.7,8.5,182,54
2/5/2015 19:00,-4.3,971.5,9.8,182,58
2/5/2015 20:00,-5.3,971.3,13.3,183,60
2/5/2015 21:00,-3.9,971.0,14.1,160,49
2/5/2015 22:00,-4.9,970.4,15.2,176,49
2/5/2015 23:00,-5.5,970.0,19.4,175,48
2/6/2015 0:00,-5.6,969.8,16.2,175,47
2/6/2015 1:00,-4.9,970.1,4.6,352,51
2/6/2015 2:00,-7.9,969.9,5.2,263,65
2/6/2015 3:00,-7.2,969.5,5.5,134,58
2/6/2015 4:00,-5.5,969.2,12.9,134,51
2/6/2015 5:00,-5.8,969.3,11.5,128,51
2/6/2015 6:00,-5.3,969.4,17.4,107,56
2/6/2015 7:00,-5.2,969.3,12.8,117,61
2/6/2015 8:00,-4.6,969.0,12.1,116,55
2/6/2015 9:00,-3.1,969.0,17.1,96,48
2/6/2015 10:00,-3.0,968.9,18.0,107,47
2/6/2015 11:00,-2.6,968.7,23.5,94,46
2/6/2015 12:00,-2.0,968.5,24.8,91,43
2/6/2015 13:00,-2.3,968.3,22.7,98,46
2/6/2015 14:00,-2.4,968.2,21.7,98,44
2/6/2015 15:00,-2.3,968.1,25.0,96,45
2/6/2015 16:00,-2.1,968.2,17.7,106,47
2/6/2015 17:00,-2.6,968.2,18.9,115,50
2/6/2015 18:00,-2.8,968.3,15.4,119,52
2/6/2015 19:00,-3.2,968.8,13.7,120,58
2/6/2015 20:00,-3.6,969.2,13.3,115,54
2/6/2015 21:00,-3.6,969.5,18.2,108,52
2/6/2015 22:00,-4.3,970.0,17.2,115,58
2/6/2015 23:00,-4.5,970.2,16.0,129,57
2/7/2015 0:00,-4.3,970.3,16.6,127,54
2/7/2015 1:00,-4.2,970.6,18.2,123,52
2/7/2015 2:00,-4.2,971.2,19.0,128,52
2/7/2015 3:00,-4.4,971.7,19.2,130,59
2/7/2015 4:00,-4.0,972.1,18.9,129,56
2/7/2015 5:00,-4.0,972.9,18.4,127,63
2/7/2015 6:00,-3.8,973.4,24.9,150,62
2/7/2015 7:00,-3.6,974.1,25.5,150,58
2/7/2015 8:00,-2.9,974.4,24.4,151,51
2/7/2015 9:00,-2.5,975.0,21.0,144,51
2/7/2015 10:00,-2.1,975.6,19.7,118,53
2/7/2015 11:00,-2.0,975.9,21.2,115,55
2/7/2015 12:00,-1.9,976.1,23.2,140,55
2/7/2015 13:00,-1.2,976.4,19.9,120,54
2/7/2015 14:00,-1.5,976.7,20.5,129,54
2/7/2015 15:00,-0.6,977.1,18.2,119,51
2/7/2015 16:00,-0.4,977.6,15.3,118,52
2/7/2015 17:00,-0.8,977.8,17.8,115,52
2/7/2015 18:00,-1.4,978.3,18.4,116,53
2/7/2015 19:00,-2.1,978.8,16.7,135,52
2/7/2015 20:00,-1.9,979.1,17.9,119,49
2/7/2015 21:00,-2.3,979.4,18.8,134,51
2/7/2015 22:00,-2.3,979.7,19.0,127,49
2/7/2015 23:00,-2.5,980.1,21.6,134,49
2/8/2015 0:00,-2.6,980.0,20.2,135,50
2/8/2015 1:00,-2.5,980.0,20.1,133,50
2/8/2015 2:00,-2.5,980.1,19.4,131,48
2/8/2015 3:00,-2.4,980.1,19.3,134,48
2/8/2015 4:00,-2.2,980.0,20.8,136,47
2/8/2015 5:00,-2.0,980.1,21.5,136,45
2/8/2015 6:00,-1.8,980.1,20.6,137,45
2/8/2015 7:00,-1.7,980.2,18.8,142,47
2/8/2015 8:00,-1.3,980.1,21.0,142,45
2/8/2015 9:00,-0.5,979.9,18.5,138,42
2/8/2015 10:00,0.1,979.6,17.6,129,40
2/8/2015 11:00,0.5,979.4,17.1,134,40
2/8/2015 12:00,1.0,978.9,15.4,121,40
2/8/2015 13:00,1.0,978.5,14.5,128,41
2/8/2015 14:00,1.0,978.0,14.6,133,45
2/8/2015 15:00,1.2,977.7,12.6,94,43
2/8/2015 16:00,1.4,977.1,10.2,76,43
2/8/2015 17:00,0.6,976.6,9.0,63,45
2/8/2015 18:00,-0.6,976.2,9.0,183,54
2/8/2015 19:00,-1.9,975.8,10.3,175,56
2/8/2015 20:00,-2.5,975.4,9.5,167,54
2/8/2015 21:00,-3.8,974.7,10.8,181,56
2/8/2015 22:00,-5.2,974.3,17.3,181,50
2/8/2015 23:00,-4.4,973.5,18.2,178,33
2/9/2015 0:00,-6.1,972.9,21.7,178,38
2/9/2015 1:00,-6.1,972.3,19.6,183,43
2/9/2015 2:00,-5.7,971.6,19.4,180,35
2/9/2015 3:00,-6.4,970.8,20.5,179,35
2/9/2015 4:00,-5.9,970.1,22.9,184,36
2/9/2015 5:00,-4.9,969.6,15.1,181,38
2/9/2015 6:00,-4.8,968.6,15.4,175,35
2/9/2015 7:00,-3.9,968.5,7.4,17,43
2/9/2015 8:00,-2.9,967.9,5.4,330,39
2/9/2015 9:00,-1.4,967.4,6.5,282,35
2/9/2015 10:00,-1.4,966.5,12.4,263,35
2/9/2015 11:00,-1.0,966.3,9.6,341,34
2/9/2015 12:00,-0.8,966.1,11.2,10,35
2/9/2015 13:00,-0.1,965.2,9.4,307,37
2/9/2015 14:00,0.3,964.7,9.8,9,41
2/9/2015 15:00,0.2,964.3,5.3,28,44
2/9/2015 16:00,0.2,963.9,7.6,338,47
2/9/2015 17:00,-1.6,964.8,15.4,70,48
2/9/2015 18:00,-4.8,964.7,8.7,44,55
2/9/2015 19:00,-4.5,964.4,7.6,60,47
2/9/2015 20:00,-5.2,964.1,8.2,198,57
2/9/2015 21:00,-5.8,963.9,6.6,239,58
2/9/2015 22:00,-6.1,963.6,7.6,153,52
2/9/2015 23:00,-5.6,963.6,10.5,148,51
2/10/2015 0:00,-5.4,963.1,18.3,143,47
2/10/2015 1:00,-6.3,962.9,25.5,162,46
2/10/2015 2:00,-5.5,962.7,31.1,154,42
2/10/2015 3:00,-5.7,963.1,29.4,142,42
2/10/2015 4:00,-5.5,963.2,35.0,163,40
2/10/2015 5:00,-6.1,964.0,28.4,167,48
2/10/2015 6:00,-4.8,964.2,30.3,161,40
2/10/2015 7:00,-3.8,964.5,25.5,159,37
2/10/2015 8:00,-3.2,964.1,29.0,159,34
2/10/2015 9:00,-2.6,964.8,15.6,120,39
2/10/2015 10:00,-1.9,964.9,16.6,106,38
2/10/2015 11:00,-1.9,965.5,20.0,89,33
2/10/2015 12:00,-3.4,966.0,14.5,113,39
2/10/2015 13:00,-2.6,966.0,10.3,131,39
2/10/2015 14:00,-1.1,966.1,9.8,23,43
2/10/2015 15:00,-2.3,966.7,10.2,9,46
2/10/2015 16:00,-3.1,966.9,7.3,323,48
2/10/2015 17:00,-3.2,966.8,6.1,245,54
2/10/2015 18:00,-2.8,967.5,11.5,93,43
2/10/2015 19:00,-3.4,968.0,14.7,173,43
2/10/2015 20:00,-4.2,968.1,19.1,151,45
2/10/2015 21:00,-4.2,968.3,20.6,166,38
2/10/2015 22:00,-4.5,968.6,19.2,171,37
2/10/2015 23:00,-6.0,968.8,23.7,177,37
2/11/2015 0:00,-6.2,969.0,25.4,177,37
2/11/2015 1:00,-6.6,969.1,24.9,178,36
2/11/2015 2:00,-6.5,969.1,26.8,177,35
2/11/2015 3:00,-8.0,969.1,27.1,181,37
2/11/2015 4:00,-7.9,969.4,25.4,183,40
2/11/2015 5:00,-6.9,971.0,9.6,300,44
2/11/2015 6:00,-5.8,971.1,7.5,249,41
2/11/2015 7:00,-4.8,971.4,8.1,225,38
2/11/2015 8:00,-3.9,971.4,9.8,14,45
2/11/2015 9:00,-3.6,971.3,5.1,145,45
2/11/2015 10:00,-2.4,971.5,7.9,26,33
2/11/2015 11:00,-1.2,971.1,9.8,8,43
2/11/2015 12:00,-2.2,970.8,8.9,251,40
2/11/2015 13:00,-1.1,970.8,14.6,317,31
2/11/2015 14:00,-1.9,970.5,14.2,315,39
2/11/2015 15:00,-2.7,970.2,12.4,331,44
2/11/2015 16:00,-2.2,969.8,9.8,295,44
2/11/2015 17:00,-2.8,969.5,9.8,332,54
2/11/2015 18:00,-4.6,969.5,5.6,81,62
2/11/2015 19:00,-5.9,969.9,6.6,80,64
2/11/2015 20:00,-6.3,969.9,6.1,97,66
2/11/2015 21:00,-6.5,969.8,5.2,134,66
2/11/2015 22:00,-6.7,969.7,6.0,85,68
2/11/2015 23:00,-6.5,969.4,4.6,226,65
2/12/2015 0:00,-2.5,957.4,24.9,155,47
2/12/2015 1:00,-2.6,956.8,26.9,166,44
2/12/2015 2:00,-2.3,956.5,29.7,150,42
2/12/2015 3:00,-2.9,956.5,27.2,169,41
2/12/2015 4:00,-2.7,956.6,27.5,156,44
2/12/2015 5:00,-1.3,956.6,28.1,138,38
2/12/2015 6:00,-0.6,956.6,27.9,131,36
2/12/2015 7:00,-0.6,956.6,25.4,131,44
2/12/2015 8:00,0.1,956.4,27.7,121,41
2/12/2015 9:00,0.4,956.8,29.9,118,44
2/12/2015 10:00,0.8,957.2,22.5,106,51
2/12/2015 11:00,0.7,957.4,27.9,108,50
2/12/2015 12:00,0.9,957.6,26.6,109,53
2/12/2015 13:00,0.6,957.8,26.2,108,55
2/12/2015 14:00,0.1,958.4,26.2,107,59
2/12/2015 15:00,-0.1,958.5,27.1,116,59
2/12/2015 16:00,-0.4,959.1,26.0,114,61
2/12/2015 17:00,-0.6,959.7,20.6,111,61
2/12/2015 18:00,-1.0,960.1,21.1,115,62
2/12/2015 19:00,-1.4,960.5,23.8,139,61
2/12/2015 20:00,-1.7,961.3,20.5,145,60
2/12/2015 21:00,-1.8,961.9,19.3,128,57
2/12/2015 22:00,-1.9,962.2,22.8,126,54
2/12/2015 23:00,-2.2,962.6,21.6,125,56
2/13/2015 0:00,-3.5,962.9,18.1,123,38
2/13/2015 1:00,-3.7,962.9,20.7,128,37
2/13/2015 2:00,-4.0,962.7,26.9,140,37
2/13/2015 3:00,-4.6,963.0,20.9,151,42
2/13/2015 4:00,-4.7,963.1,17.5,120,41
2/13/2015 5:00,-5.2,963.3,13.7,122,51
2/13/2015 6:00,-4.0,963.7,19.5,96,41
2/13/2015 7:00,-4.2,964.1,18.6,109,45
2/13/2015 8:00,-4.1,964.5,18.8,110,46
2/13/2015 9:00,-3.9,964.9,22.5,107,45
2/13/2015 10:00,-3.5,964.9,20.4,111,45
2/13/2015 11:00,-2.9,964.9,18.9,112,45
2/13/2015 12:00,-2.5,965.3,21.3,106,44
2/13/2015 13:00,-2.0,965.6,19.9,96,43
2/13/2015 14:00,-1.6,965.8,16.0,89,42
2/13/2015 15:00,-2.2,966.0,15.0,110,46
2/13/2015 16:00,-2.1,966.8,16.0,78,45
2/13/2015 17:00,-3.6,967.1,13.3,118,51
2/13/2015 18:00,-4.2,967.6,13.5,148,53
2/13/2015 19:00,-4.9,968.0,14.3,167,49
2/13/2015 20:00,-5.7,968.3,13.8,175,47
2/13/2015 21:00,-6.0,968.4,14.8,179,48
2/13/2015 22:00,-6.6,968.4,14.9,181,49
2/13/2015 23:00,-7.8,968.7,16.0,189,54
2/14/2015 0:00,-8.0,969.0,15.8,200,57
2/14/2015 1:00,-9.7,969.2,19.9,192,59
2/14/2015 2:00,-8.9,969.7,16.2,188,53
2/14/2015 3:00,-8.9,969.9,13.9,194,58
2/14/2015 4:00,-8.8,970.1,15.9,196,56
2/14/2015 5:00,-8.4,970.5,14.3,195,56
2/14/2015 6:00,-7.9,971.2,8.6,357,61
2/14/2015 7:00,-6.5,971.9,5.0,276,54
2/14/2015 8:00,-6.0,972.5,7.2,4,60
2/14/2015 9:00,-4.0,972.8,6.3,87,53
2/14/2015 10:00,-4.3,973.1,9.8,155,39
2/14/2015 11:00,-1.2,973.5,11.7,67,33
2/14/2015 12:00,-1.3,973.5,10.8,72,38
2/14/2015 13:00,-2.6,973.9,9.3,4,54
2/14/2015 14:00,-4.4,974.1,6.9,19,56
2/14/2015 15:00,-4.7,974.4,10.9,2,58
2/14/2015 16:00,-5.2,974.0,4.8,81,50
2/14/2015 17:00,-5.1,974.0,9.0,97,52
2/14/2015 18:00,-5.4,974.4,8.5,33,65
2/14/2015 19:00,-5.9,974.4,5.3,198,67
2/14/2015 20:00,-5.8,974.0,8.6,108,66
2/14/2015 21:00,-5.3,974.0,8.5,83,63
2/14/2015 22:00,-5.3,973.6,10.9,170,51
2/14/2015 23:00,-4.6,973.2,22.4,136,40
2/15/2015 0:00,-5.3,972.9,15.6,128,49
2/15/2015 1:00,-5.8,972.8,19.3,121,49
2/15/2015 2:00,-5.6,972.1,22.8,129,45
2/15/2015 3:00,-5.3,971.4,26.7,143,43
2/15/2015 4:00,-4.8,970.6,32.7,152,40
2/15/2015 5:00,-4.7,970.1,34.8,150,40
2/15/2015 6:00,-4.5,968.9,34.2,153,38
2/15/2015 7:00,-4.6,968.3,31.4,149,43
2/15/2015 8:00,-3.7,967.1,33.3,145,37
2/15/2015 9:00,-3.8,966.8,28.6,140,44
2/15/2015 10:00,-3.5,966.8,26.4,128,47
2/15/2015 11:00,-3.7,966.4,24.5,123,52
2/15/2015 12:00,-3.6,965.4,27.4,122,52
2/15/2015 13:00,-4.0,965.0,33.2,128,52
2/15/2015 14:00,-4.1,964.3,28.9,133,55
2/15/2015 15:00,-4.0,963.5,32.2,134,53
2/15/2015 16:00,-4.2,961.4,34.8,143,56
2/15/2015 17:00,-4.4,960.9,35.3,138,53
2/15/2015 18:00,-4.5,960.6,35.0,136,55
2/15/2015 19:00,-4.4,960.1,38.1,132,52
2/15/2015 20:00,-4.4,959.4,41.6,130,50
2/15/2015 21:00,-4.4,959.4,39.0,132,53
2/15/2015 22:00,-4.6,958.7,43.7,128,52
2/15/2015 23:00,-4.6,958.4,41.9,132,52
2/16/2015 0:00,-4.6,958.1,41.7,131,51
2/16/2015 1:00,-4.9,958.3,40.1,137,53
2/16/2015 2:00,-5.1,958.0,41.1,138,54
2/16/2015 3:00,-4.9,957.9,46.0,138,52
2/16/2015 4:00,-4.6,957.9,39.4,140,53
2/16/2015 5:00,-4.6,958.8,39.2,139,53
2/16/2015 6:00,-4.5,958.9,38.4,140,53
2/16/2015 7:00,-4.5,959.4,36.4,138,54
2/16/2015 8:00,-4.6,960.1,34.9,139,56
2/16/2015 9:00,-4.3,960.6,33.5,135,54
2/16/2015 10:00,-3.6,961.1,31.8,139,53
2/16/2015 11:00,-3.3,961.8,30.5,136,54
2/16/2015 12:00,-3.0,961.9,29.1,138,52
2/16/2015 13:00,-2.8,962.3,28.7,133,50
2/16/2015 14:00,-3.4,962.9,30.7,138,47
2/16/2015 15:00,-3.4,963.1,28.7,137,46
2/16/2015 16:00,-3.6,963.5,26.7,141,46
2/16/2015 17:00,-3.8,963.8,25.0,139,46
2/16/2015 18:00,-4.0,963.8,23.6,136,46
2/16/2015 19:00,-3.9,963.7,27.6,145,43
2/16/2015 20:00,-3.8,963.5,29.8,146,41
2/16/2015 21:00,-3.8,963.4,31.6,145,37
2/16/2015 22:00,-3.8,963.7,26.0,144,38
2/16/2015 23:00,-3.8,964.0,27.3,148,37
2/17/2015 0:00,-4.1,963.8,26.3,150,38
2/17/2015 1:00,-4.5,964.0,24.4,144,38
2/17/2015 2:00,-4.7,963.7,27.7,148,33
2/17/2015 3:00,-4.3,963.3,23.9,130,31
2/17/2015 4:00,-4.9,963.1,19.9,134,36
2/17/2015 5:00,-4.9,962.6,23.2,135,36
2/17/2015 6:00,-4.2,963.1,19.0,123,33
2/17/2015 7:00,-4.0,963.2,22.9,155,37
2/17/2015 8:00,-3.3,963.7,16.5,141,36
2/17/2015 9:00,-3.2,963.6,17.5,106,32
2/17/2015 10:00,-2.6,963.3,20.2,111,36
2/17/2015 11:00,-2.0,963.2,16.1,81,36
2/17/2015 12:00,-0.8,963.2,16.9,72,33
2/17/2015 13:00,-0.8,962.6,13.6,55,38
2/17/2015 14:00,-0.7,962.3,12.7,70,31
2/17/2015 15:00,-1.7,962.0,8.8,66,37
2/17/2015 16:00,-3.1,961.6,9.2,346,48
2/17/2015 17:00,-3.9,961.5,10.0,327,54
2/17/2015 18:00,-4.5,961.8,10.2,248,56
2/17/2015 19:00,-5.2,962.0,8.4,170,62
2/17/2015 20:00,-4.8,962.2,11.4,143,52
2/17/2015 21:00,-5.8,961.5,15.8,174,47
2/17/2015 22:00,-5.3,961.4,21.3,137,38
2/17/2015 23:00,-5.3,961.8,21.2,143,39
2/18/2015 0:00,-6.3,961.4,22.9,172,38
2/18/2015 1:00,-6.6,961.7,24.0,156,39
2/18/2015 2:00,-7.4,961.6,27.6,165,37
2/18/2015 3:00,-6.8,961.2,23.3,161,35
2/18/2015 4:00,-7.4,961.2,21.8,170,37
2/18/2015 5:00,-7.2,961.3,22.2,167,37
2/18/2015 6:00,-6.8,961.2,25.2,162,35
2/18/2015 7:00,-6.2,960.9,24.2,161,36
2/18/2015 8:00,-5.5,961.1,21.5,146,39
2/18/2015 9:00,-4.3,961.1,16.7,135,40
2/18/2015 10:00,-3.6,960.9,17.7,135,39
2/18/2015 11:00,-3.0,960.9,14.4,120,39
2/18/2015 12:00,-2.2,960.8,13.4,111,38
2/18/2015 13:00,-1.8,960.4,16.9,104,37
2/18/2015 14:00,-1.4,960.1,14.5,84,36
2/18/2015 15:00,-1.6,960.1,15.4,116,37
2/18/2015 16:00,-2.3,960.3,14.7,41,41
2/18/2015 17:00,-2.6,960.4,6.9,92,42
2/18/2015 18:00,-3.1,960.7,7.5,46,42
2/18/2015 19:00,-3.3,960.9,6.1,54,42
2/18/2015 20:00,-3.9,961.1,10.5,139,41
2/18/2015 21:00,-4.7,961.0,20.8,172,37
2/18/2015 22:00,-4.7,961.5,15.5,166,38
2/18/2015 23:00,-6.0,961.3,21.4,176,38
2/19/2015 0:00,-6.1,961.7,21.7,177,37
2/19/2015 1:00,-6.5,961.8,19.8,176,39
2/19/2015 2:00,-7.2,961.9,22.6,176,44
2/19/2015 3:00,-7.2,962.2,20.8,176,43
2/19/2015 4:00,-7.3,962.1,20.8,177,44
2/19/2015 5:00,-6.9,962.4,22.3,176,41
2/19/2015 6:00,-6.1,962.7,19.5,177,41
2/19/2015 7:00,-6.1,963.2,19.0,179,45
2/19/2015 8:00,-5.4,963.5,19.0,181,43
2/19/2015 9:00,-4.3,964.3,6.8,328,49
2/19/2015 10:00,-2.2,964.6,8.1,12,37
2/19/2015 11:00,-2.2,964.7,6.3,105,35
2/19/2015 12:00,-1.6,964.7,6.9,236,36
2/19/2015 13:00,-1.9,964.9,4.8,204,36
2/19/2015 14:00,-1.7,964.9,11.4,198,38
2/19/2015 15:00,-1.9,965.1,6.8,191,33
2/19/2015 16:00,-2.3,965.2,10.6,203,42
2/19/2015 17:00,-2.3,965.3,7.6,209,37
2/19/2015 18:00,-4.3,965.5,14.4,197,55
2/19/2015 19:00,-5.1,966.0,11.0,181,58
2/19/2015 20:00,-5.7,966.3,11.1,187,52
2/19/2015 21:00,-7.2,966.6,14.3,185,54
2/19/2015 22:00,-6.7,966.9,12.6,181,48
2/19/2015 23:00,-6.0,967.3,13.7,172,37
2/20/2015 0:00,-6.9,967.6,16.3,177,43
2/20/2015 1:00,-7.6,967.8,17.0,177,40
2/20/2015 2:00,-7.2,968.0,15.9,170,36
2/20/2015 3:00,-7.4,968.0,19.6,168,34
2/20/2015 4:00,-7.3,968.2,19.8,168,36
2/20/2015 5:00,-7.4,968.6,15.9,174,43
2/20/2015 6:00,-6.7,969.1,16.1,158,37
2/20/2015 7:00,-6.0,969.5,12.6,127,38
2/20/2015 8:00,-5.7,969.8,13.2,115,39
2/20/2015 9:00,-5.6,969.9,8.5,140,38
2/20/2015 10:00,-5.3,970.2,12.3,78,39
2/20/2015 11:00,-4.7,970.0,14.5,63,38
2/20/2015 12:00,-4.8,969.9,9.6,78,37
2/20/2015 13:00,-4.5,969.7,10.5,71,39
2/20/2015 14:00,-4.0,969.5,16.2,82,50
2/20/2015 15:00,-5.0,969.4,18.1,96,61
2/20/2015 16:00,-5.0,969.2,18.1,91,64
2/20/2015 17:00,-5.4,969.0,18.7,107,71
2/20/2015 18:00,-6.1,969.0,17.7,128,76
2/20/2015 19:00,-6.2,968.9,17.5,115,73
2/20/2015 20:00,-6.2,968.8,16.8,124,70
2/20/2015 21:00,-6.3,968.4,18.4,120,68
2/20/2015 22:00,-6.6,968.2,17.2,119,74
2/20/2015 23:00,-6.8,967.7,20.7,129,79
2/21/2015 0:00,-6.8,967.2,21.2,128,80
2/21/2015 1:00,-6.8,966.6,20.7,133,78
2/21/2015 2:00,-6.6,966.2,20.1,126,73
2/21/2015 3:00,-6.7,965.5,20.5,127,74
2/21/2015 4:00,-6.6,964.6,23.8,147,72
2/21/2015 5:00,-6.3,964.2,20.1,123,68
2/21/2015 6:00,-6.2,963.7,23.0,130,68
2/21/2015 7:00,-6.3,963.3,24.7,118,72
2/21/2015 8:00,-6.2,962.7,20.9,124,69
2/21/2015 9:00,-5.8,961.6,26.8,144,67
2/21/2015 10:00,-5.0,960.5,28.3,147,66
2/21/2015 11:00,-4.8,959.4,26.0,148,66
2/21/2015 12:00,-4.4,958.8,21.8,147,64
2/21/2015 13:00,-4.2,957.7,27.0,150,61
2/21/2015 14:00,-4.0,956.3,28.0,147,58
2/21/2015 15:00,-3.7,955.3,25.2,149,57
2/21/2015 16:00,-3.8,954.5,24.3,119,61
2/21/2015 17:00,-3.8,953.3,34.1,150,55
2/21/2015 18:00,-4.1,952.6,33.2,149,53
2/21/2015 19:00,-4.0,952.0,31.4,145,48
2/21/2015 20:00,-3.9,951.4,31.9,146,45
2/21/2015 21:00,-4.3,950.9,29.9,150,47
2/21/2015 22:00,-4.7,950.7,28.0,133,47
2/21/2015 23:00,-4.4,950.0,33.8,146,43
2/22/2015 0:00,-5.1,949.0,39.6,148,48
2/22/2015 1:00,-5.0,948.6,35.8,147,47
2/22/2015 2:00,-4.9,947.8,41.8,147,48
2/22/2015 3:00,-5.1,947.2,38.4,148,54
2/22/2015 4:00,-4.9,947.0,37.3,149,54
2/22/2015 5:00,-4.5,946.1,44.7,145,53
2/22/2015 6:00,-4.1,946.0,35.1,145,53
2/22/2015 7:00,-3.7,945.7,36.0,142,51
2/22/2015 8:00,-3.0,944.1,35.5,144,49
2/22/2015 9:00,-2.4,943.8,37.7,140,47
2/22/2015 10:00,-2.2,943.6,37.7,142,50
2/22/2015 11:00,-1.8,944.1,35.5,143,53
2/22/2015 12:00,-1.7,943.7,34.7,144,54
2/22/2015 13:00,-1.4,943.5,34.6,143,54
2/22/2015 14:00,-1.3,943.2,33.3,144,52
2/22/2015 15:00,-1.3,943.0,32.5,142,53
2/22/2015 16:00,-1.2,942.8,32.2,138,53
2/22/2015 17:00,-1.1,943.1,32.7,145,54
2/22/2015 18:00,-1.2,943.3,32.3,142,54
2/22/2015 19:00,-1.0,943.1,29.7,142,52
2/22/2015 20:00,-0.9,942.5,35.1,143,48
2/22/2015 21:00,-0.6,941.4,36.4,145,40
2/22/2015 22:00,0.0,940.7,31.4,146,37
2/22/2015 23:00,-0.7,939.8,37.0,166,45
2/23/2015 0:00,-1.6,938.0,38.3,173,41
2/23/2015 1:00,-1.7,937.3,38.8,171,36
2/23/2015 2:00,-2.4,936.8,39.0,172,37
2/23/2015 3:00,-3.1,936.4,30.1,171,45
2/23/2015 4:00,-2.2,935.7,35.1,172,45
2/23/2015 5:00,-1.7,935.6,32.1,172,41
2/23/2015 6:00,-0.8,935.9,28.6,154,41
2/23/2015 7:00,-1.0,935.9,26.3,154,43
2/23/2015 8:00,-0.6,935.9,27.7,148,40
2/23/2015 9:00,-0.3,935.6,29.4,147,40
2/23/2015 10:00,0.1,935.3,33.9,158,41
2/23/2015 11:00,0.8,934.8,36.2,153,38
2/23/2015 12:00,0.6,935.7,35.1,148,43
2/23/2015 13:00,1.3,935.8,32.0,153,40
2/23/2015 14:00,2.2,935.5,34.0,153,38
2/23/2015 15:00,2.8,935.2,26.2,140,37
2/23/2015 16:00,2.7,934.8,30.2,147,37
2/23/2015 17:00,2.0,934.7,31.0,152,41
2/23/2015 18:00,2.5,934.9,30.2,142,38
2/23/2015 19:00,2.6,934.9,32.5,136,39
2/23/2015 20:00,2.4,935.5,36.1,135,40
2/23/2015 21:00,2.2,935.6,38.5,149,41
2/23/2015 22:00,2.5,935.7,39.7,149,40
2/23/2015 23:00,2.0,935.8,34.0,148,45
2/24/2015 0:00,1.5,936.8,33.6,146,50
2/24/2015 1:00,1.5,936.9,39.1,149,48
2/24/2015 2:00,1.5,936.7,40.6,149,45
2/24/2015 3:00,1.6,936.7,42.0,145,49
2/24/2015 4:00,1.6,937.2,43.4,151,51
2/24/2015 5:00,1.8,937.5,44.8,149,47
2/24/2015 6:00,1.9,938.0,40.2,148,49
2/24/2015 7:00,2.0,939.1,38.7,150,54
2/24/2015 8:00,2.1,940.3,34.9,144,56
2/24/2015 9:00,2.0,941.7,28.5,142,61
2/24/2015 10:00,1.6,943.1,29.9,136,65
2/24/2015 11:00,1.8,943.9,32.4,131,67
2/24/2015 12:00,1.4,946.0,28.7,125,70
2/24/2015 13:00,1.3,948.0,24.2,134,70
2/24/2015 14:00,0.6,949.2,18.7,144,73
2/24/2015 15:00,0.3,950.6,23.3,139,77
2/24/2015 16:00,-0.1,952.4,23.1,108,76
2/24/2015 17:00,-0.1,954.2,21.3,111,78
2/24/2015 18:00,-0.3,955.8,21.1,112,78
2/24/2015 19:00,-0.5,957.7,23.8,125,79
2/24/2015 20:00,-0.6,959.4,22.3,134,79
2/24/2015 21:00,-0.8,960.8,19.0,145,78
2/24/2015 22:00,-0.8,961.4,23.4,140,74
2/24/2015 23:00,-1.0,962.2,24.1,141,73
2/25/2015 0:00,-0.7,963.4,19.8,132,71
2/25/2015 1:00,-0.5,964.9,22.1,129,67
2/25/2015 2:00,-1.0,965.6,32.2,151,64
2/25/2015 3:00,-1.1,966.4,29.2,153,61
2/25/2015 4:00,-1.0,966.7,33.2,154,58
2/25/2015 5:00,-0.8,966.7,30.6,151,52
2/25/2015 6:00,-0.3,967.3,28.6,159,51
2/25/2015 7:00,-0.1,967.0,30.3,152,48
2/25/2015 8:00,0.6,966.7,29.4,154,43
2/25/2015 9:00,0.8,966.4,28.6,156,43
2/25/2015 10:00,1.7,966.3,27.5,158,40
2/25/2015 11:00,2.6,965.8,14.9,180,36
2/25/2015 12:00,3.1,965.4,14.0,115,39
2/25/2015 13:00,2.2,964.6,18.7,153,45
2/25/2015 14:00,2.3,964.1,16.4,151,46
2/25/2015 15:00,2.9,963.7,10.7,139,41
2/25/2015 16:00,1.9,962.9,14.1,162,43
2/25/2015 17:00,1.3,962.8,11.0,147,50
2/25/2015 18:00,0.0,962.9,12.9,128,51
2/25/2015 19:00,-0.8,963.1,11.5,129,48
2/25/2015 20:00,-1.3,962.3,17.2,175,40
2/25/2015 21:00,-0.8,961.9,23.8,167,36
2/25/2015 22:00,-1.2,961.6,23.0,167,35
2/25/2015 23:00,-1.8,961.6,21.8,172,37
2/26/2015 0:00,-2.4,961.8,25.1,162,38
2/26/2015 1:00,-2.8,961.5,24.5,163,38
2/26/2015 2:00,-3.0,961.7,20.9,155,40
2/26/2015 3:00,-3.7,961.2,20.3,147,41
2/26/2015 4:00,-3.9,961.1,18.3,133,42
2/26/2015 5:00,-3.7,961.0,22.6,153,40
2/26/2015 6:00,-3.4,961.0,18.7,162,41
2/26/2015 7:00,-2.5,960.8,11.5,169,39
2/26/2015 8:00,-1.5,960.7,10.3,61,44
2/26/2015 9:00,-1.8,960.7,5.1,108,36
2/26/2015 10:00,-0.7,960.5,13.4,59,47
2/26/2015 11:00,-1.5,960.5,9.8,99,48
2/26/2015 12:00,0.6,960.6,13.1,68,38
2/26/2015 13:00,-0.2,960.5,9.8,43,39
2/26/2015 14:00,-1.4,960.5,7.9,18,43
2/26/2015 15:00,-1.6,960.5,6.2,346,41
2/26/2015 16:00,-2.0,960.6,8.8,44,44
2/26/2015 17:00,-3.2,961.1,5.2,180,50
2/26/2015 18:00,-4.0,961.8,11.7,142,51
2/26/2015 19:00,-6.8,962.8,16.1,128,51
2/26/2015 20:00,-7.2,963.1,12.3,126,46
2/26/2015 21:00,-7.1,963.3,9.3,158,44
2/26/2015 22:00,-7.2,964.0,6.2,145,50
2/26/2015 23:00,-7.2,964.0,20.9,137,42
2/27/2015 0:00,-7.5,964.4,12.3,127,45
2/27/2015 1:00,-7.5,964.6,18.4,115,44
2/27/2015 2:00,-7.8,964.7,9.7,155,36
2/27/2015 3:00,-8.3,964.7,14.0,156,39
2/27/2015 4:00,-7.9,964.6,23.3,152,38
2/27/2015 5:00,-8.2,964.7,22.3,160,39
2/27/2015 6:00,-8.1,965.0,24.9,151,39
2/27/2015 7:00,-7.8,965.1,29.1,148,39
2/27/2015 8:00,-7.2,965.4,28.0,159,40
2/27/2015 9:00,-6.2,965.4,22.9,161,37
2/27/2015 10:00,-5.5,965.1,23.7,176,37
2/27/2015 11:00,-5.3,965.4,22.2,173,38
2/27/2015 12:00,-4.9,965.6,19.7,176,43
2/27/2015 13:00,-4.2,965.7,20.9,174,41
2/27/2015 14:00,-3.8,965.7,18.0,173,42
2/27/2015 15:00,-3.7,965.7,21.5,177,39
2/27/2015 16:00,-3.8,965.6,23.5,172,37
2/27/2015 17:00,-4.0,965.8,19.9,174,43
2/27/2015 18:00,-4.4,966.4,19.5,176,42
2/27/2015 19:00,-4.9,967.2,23.5,173,38
2/27/2015 20:00,-4.9,967.6,22.9,173,44
2/27/2015 21:00,-4.9,968.4,24.5,167,39
2/27/2015 22:00,-4.9,969.0,20.3,176,41
2/27/2015 23:00,-5.4,969.4,21.0,176,40
2/28/2015 0:00,-5.8,969.6,24.1,174,37
2/28/2015 1:00,-7.2,970.3,25.2,180,38
2/28/2015 2:00,-7.6,970.5,23.9,181,37
2/28/2015 3:00,-8.8,970.6,28.6,184,39
2/28/2015 4:00,-9.0,970.9,29.7,185,38
2/28/2015 5:00,-8.9,971.4,28.6,184,37
2/28/2015 6:00,-8.3,972.2,24.0,188,36
2/28/2015 7:00,-6.2,972.7,9.6,349,37
2/28/2015 8:00,-4.6,972.5,9.0,217,39
2/28/2015 9:00,-4.6,972.4,10.9,205,42
2/28/2015 10:00,-3.6,972.1,7.9,184,35
2/28/2015 11:00,-2.6,971.7,8.6,10,50
2/28/2015 12:00,-2.8,971.2,7.0,255,46
2/28/2015 13:00,-1.9,971.1,11.0,359,48
2/28/2015 14:00,-1.5,971.0,6.5,38,45
2/28/2015 15:00,-3.5,971.4,9.8,7,61
2/28/2015 16:00,-3.5,971.3,8.0,48,60
2/28/2015 17:00,-5.3,971.1,8.9,113,70
2/28/2015 18:00,-5.4,971.2,8.1,113,71
2/28/2015 19:00,-6.3,971.8,5.6,336,73
2/28/2015 20:00,-6.3,972.4,6.5,16,72
2/28/2015 21:00,-7.0,973.4,7.5,44,70
2/28/2015 22:00,-6.7,973.7,7.2,154,50
2/28/2015 23:00,-7.9,974.3,5.0,334,71
3/1/2015 0:00,-4.9,978.4,8.5,81,51
3/1/2015 1:00,-4.1,978.2,13.4,189,51
3/1/2015 2:00,-4.6,978.2,6.0,92,50
3/1/2015 3:00,-2.9,978.1,7.7,140,39
3/1/2015 4:00,-2.0,977.0,9.9,112,36
3/1/2015 5:00,-1.4,977.6,19.9,95,39
3/1/2015 6:00,-1.8,977.1,17.9,99,40
3/1/2015 7:00,-2.2,976.3,16.6,108,44
3/1/2015 8:00,-3.1,976.1,14.2,120,51
3/1/2015 9:00,-3.4,974.8,17.1,132,45
3/1/2015 10:00,-3.4,974.0,21.7,116,44
3/1/2015 11:00,-4.4,974.1,16.7,116,54
3/1/2015 12:00,-4.3,973.3,17.7,114,53
3/1/2015 13:00,-4.5,972.8,24.5,137,51
3/1/2015 14:00,-4.3,971.9,27.0,136,46
3/1/2015 15:00,-4.9,971.1,27.8,131,53
3/1/2015 16:00,-5.2,970.4,24.2,144,69
3/1/2015 17:00,-5.1,969.4,26.0,138,71
3/1/2015 18:00,-5.7,968.9,31.0,129,73
3/1/2015 19:00,-5.3,968.3,29.4,115,66
3/1/2015 20:00,-5.8,968.2,27.7,137,56
3/1/2015 21:00,-5.4,968.2,26.1,129,52
3/1/2015 22:00,-6.5,968.0,25.5,134,73
3/1/2015 23:00,-6.8,967.2,30.5,135,83
3/2/2015 0:00,-6.8,966.9,32.9,141,82
3/2/2015 1:00,-6.8,967.3,27.3,144,79
3/2/2015 2:00,-6.5,967.5,24.5,126,79
3/2/2015 3:00,-5.9,966.9,31.5,144,71
3/2/2015 4:00,-5.7,966.6,27.4,143,71
3/2/2015 5:00,-5.5,966.4,29.1,138,68
3/2/2015 6:00,-5.4,966.0,31.9,146,68
3/2/2015 7:00,-5.7,966.1,32.5,143,77
3/2/2015 8:00,-5.8,966.0,29.9,145,81
3/2/2015 9:00,-6.0,965.9,35.3,148,85
3/2/2015 10:00,-5.8,966.4,30.3,145,82
3/2/2015 11:00,-5.6,966.5,30.6,145,78
3/2/2015 12:00,-6.0,966.2,36.4,148,87
3/2/2015 13:00,-6.3,966.5,31.6,144,91
3/2/2015 14:00,-6.3,966.3,33.9,148,91
3/2/2015 15:00,-6.4,966.3,34.7,147,92
3/2/2015 16:00,-6.4,966.4,34.7,143,93
3/2/2015 17:00,-6.4,966.3,34.0,148,93
3/2/2015 18:00,-6.4,966.4,30.0,151,93
3/2/2015 19:00,-6.4,966.4,35.2,149,93
3/2/2015 20:00,-6.6,966.4,31.1,139,93
3/2/2015 21:00,-6.5,966.6,33.2,146,93
3/2/2015 22:00,-6.5,967.2,38.8,146,93
3/2/2015 23:00,-6.2,967.5,34.2,150,93
3/3/2015 0:00,-6.1,967.5,38.3,149,93
3/3/2015 1:00,-5.9,967.5,39.2,150,93
3/3/2015 2:00,-5.4,967.0,38.3,152,93
3/3/2015 3:00,-5.4,967.0,40.1,151,94
3/3/2015 4:00,-5.2,967.5,33.7,148,94
3/3/2015 5:00,-5.2,967.5,34.5,147,94
3/3/2015 6:00,-5.2,967.8,33.3,150,94
3/3/2015 7:00,-5.1,968.0,28.4,147,94
3/3/2015 8:00,-5.0,968.2,27.1,150,95
3/3/2015 9:00,-4.8,968.4,21.9,127,95
3/3/2015 10:00,-4.7,968.7,20.4,131,94
3/3/2015 11:00,-4.7,968.9,23.9,128,94
3/3/2015 12:00,-4.4,969.1,23.1,130,94
3/3/2015 13:00,-4.5,969.4,26.3,149,93
3/3/2015 14:00,-4.7,969.7,19.9,131,93
3/3/2015 15:00,-4.6,970.0,25.5,149,92
3/3/2015 16:00,-4.8,970.2,20.6,130,92
3/3/2015 17:00,-4.8,970.0,22.8,137,90
3/3/2015 18:00,-4.9,970.2,16.9,125,89
3/3/2015 19:00,-4.9,969.7,26.7,146,84
3/3/2015 20:00,-4.8,969.7,27.0,147,75
3/3/2015 21:00,-4.6,969.6,25.2,149,68
3/3/2015 22:00,-4.3,969.1,25.9,150,63
3/3/2015 23:00,-4.0,969.5,25.4,151,62
3/4/2015 0:00,-4.0,969.3,25.2,129,62
3/4/2015 1:00,-3.8,969.4,20.4,128,60
3/4/2015 2:00,-3.6,969.0,17.8,126,60
3/4/2015 3:00,-3.4,968.5,20.3,125,60
3/4/2015 4:00,-3.0,967.9,18.5,118,55
3/4/2015 5:00,-3.0,967.7,15.6,114,53
3/4/2015 6:00,-3.0,966.9,14.5,116,52
3/4/2015 7:00,-2.9,966.5,16.4,103,48
3/4/2015 8:00,-3.0,966.0,10.8,106,50
3/4/2015 9:00,-3.4,965.5,11.3,88,51
3/4/2015 10:00,-3.8,965.0,8.6,133,53
3/4/2015 11:00,-3.4,964.4,11.7,110,45
3/4/2015 12:00,-4.1,964.0,15.3,161,46
3/4/2015 13:00,-4.1,963.5,18.5,163,43
3/4/2015 14:00,-4.0,963.0,16.4,141,45
3/4/2015 15:00,-4.2,962.6,12.6,144,48
3/4/2015 16:00,-4.4,962.0,12.3,146,51
3/4/2015 17:00,-4.7,961.3,16.3,175,48
3/4/2015 18:00,-4.9,960.6,18.5,169,45
3/4/2015 19:00,-5.5,960.3,20.1,172,44
3/4/2015 20:00,-5.6,960.3,21.9,168,44
3/4/2015 21:00,-4.7,960.3,20.8,140,42
3/4/2015 22:00,-4.1,960.5,15.1,119,37
3/4/2015 23:00,-3.9,960.3,15.0,142,44
3/5/2015 0:00,-3.6,960.0,18.6,121,37
3/5/2015 1:00,-3.3,960.3,16.7,120,38
3/5/2015 2:00,-3.0,960.4,17.4,109,37
3/5/2015 3:00,-3.1,960.5,17.7,106,38
3/5/2015 4:00,-3.1,960.5,18.7,104,38
3/5/2015 5:00,-3.4,960.3,18.0,110,40
3/5/2015 6:00,-3.5,960.0,14.1,108,44
3/5/2015 7:00,-3.7,960.1,15.3,113,46
3/5/2015 8:00,-4.0,960.4,18.2,129,43
3/5/2015 9:00,-4.2,960.6,15.9,125,45
3/5/2015 10:00,-4.4,960.8,19.5,130,42
3/5/2015 11:00,-4.4,961.1,18.1,119,45
3/5/2015 12:00,-4.4,961.3,20.0,127,41
3/5/2015 13:00,-4.8,961.5,21.7,143,45
3/5/2015 14:00,-5.0,961.8,25.2,155,45
3/5/2015 15:00,-5.3,962.4,26.5,154,45
3/5/2015 16:00,-5.4,962.9,23.2,134,42
3/5/2015 17:00,-5.3,963.0,23.4,135,38
3/5/2015 18:00,-5.4,963.3,20.2,119,37
3/5/2015 19:00,-5.3,963.3,18.4,117,38
3/5/2015 20:00,-5.6,963.5,18.1,116,44
3/5/2015 21:00,-5.6,964.1,20.4,114,37
3/5/2015 22:00,-5.3,964.4,18.6,114,38
3/5/2015 23:00,-4.9,964.6,18.4,115,38
3/6/2015 0:00,-4.2,964.9,14.8,116,37
3/6/2015 1:00,-3.7,965.2,16.3,104,35
3/6/2015 2:00,-3.7,965.5,18.3,111,33
3/6/2015 3:00,-3.7,965.5,18.4,110,32
3/6/2015 4:00,-3.5,965.5,14.6,114,35
3/6/2015 5:00,-3.3,965.3,14.6,102,33
3/6/2015 6:00,-2.8,965.7,10.8,52,38
3/6/2015 7:00,-4.6,965.8,9.8,40,42
3/6/2015 8:00,-5.2,965.7,9.1,244,51
3/6/2015 9:00,-7.0,965.6,15.7,201,56
3/6/2015 10:00,-8.1,965.8,13.3,184,46
3/6/2015 11:00,-7.6,966.1,6.3,144,46
3/6/2015 12:00,-10.1,965.7,18.3,189,51
3/6/2015 13:00,-8.5,965.5,14.3,183,49
3/6/2015 14:00,-10.1,965.3,17.3,190,50
3/6/2015 15:00,-8.6,965.5,12.8,173,36
3/6/2015 16:00,-9.9,965.4,19.7,183,40
3/6/2015 17:00,-10.0,965.1,19.3,185,42
3/6/2015 18:00,-8.7,965.0,19.3,182,35
3/6/2015 19:00,-10.9,965.2,20.1,185,45
3/6/2015 20:00,-11.1,965.7,16.6,188,43
3/6/2015 21:00,-10.2,965.7,13.9,199,45
3/6/2015 22:00,-9.5,965.9,12.4,197,44
3/6/2015 23:00,-9.2,965.8,19.0,185,43
3/7/2015 0:00,-7.7,966.1,11.7,181,38
3/7/2015 1:00,-5.5,966.5,7.3,19,42
3/7/2015 2:00,-5.4,967.0,6.4,354,42
3/7/2015 3:00,-4.4,967.3,9.2,1,38
3/7/2015 4:00,-5.1,967.5,9.6,358,51
3/7/2015 5:00,-6.2,967.9,5.3,29,47
3/7/2015 6:00,-5.7,968.2,7.2,348,50
3/7/2015 7:00,-5.5,968.7,9.3,29,51
3/7/2015 8:00,-6.3,969.1,5.5,223,56
3/7/2015 9:00,-8.1,969.8,6.6,177,48
3/7/2015 10:00,-8.9,970.6,6.7,172,47
3/7/2015 11:00,-9.6,971.4,8.3,177,45
3/7/2015 12:00,-10.6,971.9,14.8,184,47
3/7/2015 13:00,-11.1,972.6,15.6,185,47
3/7/2015 14:00,-10.5,973.1,19.9,177,42
3/7/2015 15:00,-9.1,973.5,14.8,161,36
3/7/2015 16:00,-10.2,973.8,20.2,167,38
3/7/2015 17:00,-9.0,974.6,20.7,156,39
3/7/2015 18:00,-8.3,975.1,16.6,168,36
3/7/2015 19:00,-8.6,975.6,15.5,176,36
3/7/2015 20:00,-9.1,975.9,17.2,176,37
3/7/2015 21:00,-8.3,976.2,21.2,173,36
3/7/2015 22:00,-7.5,976.5,22.1,165,35
3/7/2015 23:00,-7.2,976.7,21.8,160,40
3/8/2015 0:00,-6.8,976.6,23.9,166,41
3/8/2015 1:00,-5.7,976.6,22.2,150,44
3/8/2015 2:00,-5.1,976.7,16.4,135,43
3/8/2015 3:00,-4.8,976.6,16.0,128,44
3/8/2015 4:00,-4.6,976.4,16.3,116,47
3/8/2015 5:00,-4.2,976.2,14.0,112,47
3/8/2015 6:00,-4.4,976.1,12.1,118,53
3/8/2015 7:00,-4.3,976.0,10.6,121,49
3/8/2015 8:00,-4.3,975.9,11.0,113,50
3/8/2015 9:00,-4.4,975.9,10.6,103,50
3/8/2015 10:00,-4.6,975.7,7.5,117,53
3/8/2015 11:00,-3.9,974.9,8.2,137,49
3/8/2015 12:00,-4.1,974.0,20.4,169,46
3/8/2015 13:00,-3.8,973.3,23.7,166,40
3/8/2015 14:00,-4.1,972.9,23.6,164,44
3/8/2015 15:00,-4.9,972.1,23.8,170,47
3/8/2015 16:00,-4.2,971.4,22.8,164,49
3/8/2015 17:00,-3.6,970.4,19.1,151,50
3/8/2015 18:00,-3.8,969.1,20.2,171,59
3/8/2015 19:00,-3.5,968.0,19.2,175,61
3/8/2015 20:00,-3.2,966.9,20.9,169,49
3/8/2015 21:00,-3.1,965.5,21.2,177,48
3/8/2015 22:00,-2.9,964.3,22.1,176,47
3/8/2015 23:00,-2.3,962.8,22.0,176,45
3/9/2015 0:00,-2.2,961.4,20.6,178,44
3/9/2015 1:00,-2.0,960.0,22.4,178,39
3/9/2015 2:00,-2.2,958.5,21.4,182,42
3/9/2015 3:00,0.3,957.9,7.9,353,33
3/9/2015 4:00,-1.7,956.6,11.6,183,38
3/9/2015 5:00,-1.6,955.9,12.4,198,44
3/9/2015 6:00,-2.8,955.1,18.8,201,42
3/9/2015 7:00,-2.6,955.1,8.9,142,45
3/9/2015 8:00,-3.6,954.8,18.3,165,46
3/9/2015 9:00,-3.8,954.2,17.9,152,48
3/9/2015 10:00,-3.6,953.5,22.5,173,43
3/9/2015 11:00,-4.0,953.1,21.8,185,44
3/9/2015 12:00,-2.2,952.5,23.7,171,65
3/9/2015 13:00,-1.4,952.1,23.7,165,68
3/9/2015 14:00,-1.4,952.0,23.8,145,75
3/9/2015 15:00,-2.3,952.5,25.0,150,79
3/9/2015 16:00,-2.3,953.1,24.2,156,78
3/9/2015 17:00,-2.2,953.5,17.7,117,68
3/9/2015 18:00,-2.9,954.1,16.4,114,72
3/9/2015 19:00,-3.2,954.6,20.4,118,72
3/9/2015 20:00,-4.0,955.6,23.5,139,70
3/9/2015 21:00,-4.4,956.6,24.8,151,78
3/9/2015 22:00,-4.4,957.7,20.7,125,75
3/9/2015 23:00,-4.1,958.7,23.5,142,76
3/10/2015 0:00,-3.8,960.0,17.5,113,73
3/10/2015 1:00,-3.6,961.0,16.2,100,74
3/10/2015 2:00,-2.8,961.6,17.3,116,70
3/10/2015 3:00,-2.3,962.3,15.5,131,66
3/10/2015 4:00,-2.0,963.0,12.0,121,67
3/10/2015 5:00,-1.5,963.7,13.2,72,64
3/10/2015 6:00,-2.9,964.2,11.2,50,72
3/10/2015 7:00,-3.2,964.5,8.8,93,76
3/10/2015 8:00,-4.0,964.8,5.9,152,82
3/10/2015 9:00,-4.8,965.3,6.5,182,80
3/10/2015 10:00,-5.2,975.6,63.3,298,49
3/10/2015 11:00,-4.4,966.1,8.1,105,87
3/10/2015 12:00,-2.7,965.9,21.0,138,81
3/10/2015 13:00,-2.1,965.6,25.5,136,73
3/10/2015 14:00,-2.9,965.3,31.8,152,80
3/10/2015 15:00,-2.9,966.1,18.4,121,79
3/10/2015 16:00,-4.1,968.4,63.3,298,60
3/10/2015 17:00,-4.1,967.5,62.6,298,59
3/10/2015 18:00,-4.0,968.8,13.5,133,76
3/10/2015 19:00,-4.0,968.6,19.5,136,78
3/10/2015 20:00,-3.9,969.0,15.9,115,75
3/10/2015 21:00,-3.9,969.1,15.8,117,73
3/10/2015 22:00,-4.4,969.0,21.2,136,77
3/10/2015 23:00,-4.4,969.0,17.5,129,67
3/11/2015 0:00,-3.8,968.8,12.8,111,65
3/11/2015 1:00,-2.3,968.4,11.4,113,60
3/11/2015 2:00,-2.2,967.7,9.8,85,58
3/11/2015 3:00,-0.5,967.1,10.5,83,46
3/11/2015 4:00,-0.4,966.4,7.4,84,46
3/11/2015 5:00,-0.7,966.1,9.2,86,44
3/11/2015 6:00,-1.7,965.4,7.5,35,51
3/11/2015 7:00,-3.1,964.7,8.0,154,56
3/11/2015 8:00,-5.1,964.2,12.0,182,53
3/11/2015 9:00,-5.7,964.0,9.6,176,54
3/11/2015 10:00,-6.8,964.0,16.6,188,50
3/11/2015 11:00,-6.6,963.8,14.3,178,44
3/11/2015 12:00,-6.8,963.7,7.4,167,43
3/11/2015 13:00,-6.6,963.8,3.9,111,42
3/11/2015 14:00,-6.6,963.6,16.3,175,40
3/11/2015 15:00,-7.3,964.0,16.5,176,41
3/11/2015 16:00,-8.3,964.2,14.7,179,49
3/11/2015 17:00,-7.4,964.5,13.7,166,45
3/11/2015 18:00,-8.4,964.6,19.5,176,50
3/11/2015 19:00,-8.5,965.2,16.5,178,49
3/11/2015 20:00,-8.7,965.4,22.9,176,52
3/11/2015 21:00,-8.0,965.9,22.9,171,47
3/11/2015 22:00,-8.0,966.9,20.0,154,55
3/11/2015 23:00,-7.2,967.5,13.2,110,57
3/12/2015 0:00,-2.5,962.8,24.7,131,54
3/12/2015 1:00,-2.6,963.1,26.2,139,55
3/12/2015 2:00,-2.9,963.2,29.7,150,53
3/12/2015 3:00,-3.1,963.8,27.0,144,54
3/12/2015 4:00,-3.0,964.1,25.0,149,55
3/12/2015 5:00,-2.2,969.2,9.8,89,50
3/12/2015 6:00,-2.4,969.6,14.6,95,53
3/12/2015 7:00,-2.4,964.8,25.5,136,55
3/12/2015 8:00,-2.4,965.1,24.6,131,54
3/12/2015 9:00,-2.4,964.6,30.2,137,56
3/12/2015 10:00,-2.2,964.9,29.0,131,55
3/12/2015 11:00,-2.4,964.4,28.8,136,57
3/12/2015 12:00,-2.2,964.5,26.9,133,59
3/12/2015 13:00,-1.8,963.9,26.9,133,57
3/12/2015 14:00,-2.0,963.8,27.5,138,59
3/12/2015 15:00,-2.0,963.0,28.1,136,58
3/12/2015 16:00,-2.0,963.1,25.4,136,59
3/12/2015 17:00,-2.4,963.3,24.0,133,59
3/12/2015 18:00,-2.4,963.3,22.4,137,59
3/12/2015 19:00,-2.9,963.2,26.8,136,60
3/12/2015 20:00,-3.3,962.8,27.8,136,61
3/12/2015 21:00,-3.4,962.9,27.9,138,58
3/12/2015 22:00,-3.6,963.1,23.4,141,58
3/12/2015 23:00,-3.7,962.6,26.1,139,57
3/13/2015 0:00,-5.2,970.7,18.5,174,37
3/13/2015 1:00,-4.9,970.5,17.5,171,35
3/13/2015 2:00,-4.5,970.1,18.4,171,36
3/13/2015 3:00,-4.9,970.1,17.0,174,41
3/13/2015 4:00,-4.4,969.8,13.2,173,38
3/13/2015 5:00,-4.8,969.4,14.7,172,44
3/13/2015 6:00,-5.4,969.5,15.7,174,40
3/13/2015 7:00,-5.2,969.4,9.7,149,46
3/13/2015 8:00,-6.4,969.3,14.5,175,40
3/13/2015 9:00,-6.6,969.5,7.5,151,37
3/13/2015 10:00,-7.5,969.7,6.5,219,49
3/13/2015 11:00,-8.1,969.1,17.6,178,38
3/13/2015 12:00,-9.0,968.9,20.2,175,40
3/13/2015 13:00,-9.8,969.0,21.2,177,42
3/13/2015 14:00,-9.9,969.0,22.1,180,41
3/13/2015 15:00,-10.2,968.9,22.9,181,42
3/13/2015 16:00,-10.7,968.7,23.4,183,42
3/13/2015 17:00,-11.3,968.6,23.3,184,43
3/13/2015 18:00,-11.5,968.8,24.2,183,43
3/13/2015 19:00,-11.2,969.0,21.2,180,40
3/13/2015 20:00,-11.2,969.1,20.5,175,40
3/13/2015 21:00,-10.7,969.4,20.0,176,40
3/13/2015 22:00,-10.2,969.6,20.1,176,38
3/13/2015 23:00,-9.7,969.8,22.0,176,38
3/14/2015 0:00,-9.0,970.3,17.1,175,38
3/14/2015 1:00,-7.8,970.8,16.1,169,35
3/14/2015 2:00,-7.6,970.9,18.5,171,36
3/14/2015 3:00,-7.2,971.2,17.8,157,40
3/14/2015 4:00,-6.1,971.2,13.9,129,37
3/14/2015 5:00,-6.8,971.4,16.0,162,41
3/14/2015 6:00,-7.3,971.4,17.0,168,41
3/14/2015 7:00,-7.7,971.7,18.1,161,41
3/14/2015 8:00,-7.9,971.9,14.1,170,42
3/14/2015 9:00,-8.1,972.1,17.7,170,38
3/14/2015 10:00,-8.9,972.6,18.4,176,40
3/14/2015 11:00,-9.5,972.8,18.6,175,37
3/14/2015 12:00,-9.8,972.9,20.8,176,40
3/14/2015 13:00,-10.1,972.8,23.4,177,42
3/14/2015 14:00,-9.7,973.0,21.4,176,43
3/14/2015 15:00,-9.6,972.8,21.9,176,44
3/14/2015 16:00,-10.0,972.6,23.8,177,46
3/14/2015 17:00,-10.5,972.3,22.6,176,45
3/14/2015 18:00,-9.9,972.1,21.8,175,42
3/14/2015 19:00,-10.2,971.8,22.8,178,44
3/14/2015 20:00,-10.2,971.6,23.4,179,46
3/14/2015 21:00,-10.2,971.5,23.8,183,46
3/14/2015 22:00,-10.1,971.8,16.8,185,45
3/14/2015 23:00,-9.6,971.9,7.4,134,49
3/15/2015 0:00,-9.5,971.8,10.2,19,52
3/15/2015 1:00,-8.9,971.7,5.9,69,53
3/15/2015 2:00,-8.5,971.3,8.6,347,48
3/15/2015 3:00,-6.6,971.1,5.1,73,44
3/15/2015 4:00,-6.1,970.6,5.0,336,44
3/15/2015 5:00,-6.3,970.1,7.3,21,44
3/15/2015 6:00,-6.5,969.8,6.2,84,45
3/15/2015 7:00,-7.5,969.5,6.5,353,44
3/15/2015 8:00,-9.8,969.1,16.5,194,44
3/15/2015 9:00,-9.9,968.9,7.3,110,56
3/15/2015 10:00,-10.4,968.9,3.7,305,57
3/15/2015 11:00,-11.0,968.8,4.7,234,58
3/15/2015 12:00,-11.7,968.6,3.5,89,64
3/15/2015 13:00,-12.3,968.7,7.5,276,63
3/15/2015 14:00,-12.4,968.6,6.7,222,57
3/15/2015 15:00,-12.6,968.9,6.0,173,57
3/15/2015 16:00,-12.6,969.0,5.2,217,53
3/15/2015 17:00,-12.0,968.6,7.8,50,50
3/15/2015 18:00,-15.0,968.9,5.6,42,66
3/15/2015 19:00,-15.1,968.8,5.2,348,66
3/15/2015 20:00,-15.4,968.9,0.8,32,68
3/15/2015 21:00,-14.7,969.1,4.8,288,65
3/15/2015 22:00,-13.0,969.4,6.6,290,60
3/15/2015 23:00,-11.0,969.8,5.3,10,53
3/16/2015 0:00,-10.4,969.8,5.2,56,55
3/16/2015 1:00,-10.2,970.1,7.2,9,54
3/16/2015 2:00,-10.0,970.3,5.1,67,55
3/16/2015 3:00,-8.7,970.3,7.3,63,50
3/16/2015 4:00,-8.5,970.3,6.7,82,50
3/16/2015 5:00,-7.5,970.1,6.6,38,50
3/16/2015 6:00,-7.7,969.9,5.4,59,49
3/16/2015 7:00,-7.5,969.6,5.2,14,45
3/16/2015 8:00,-8.0,969.7,5.8,345,44
3/16/2015 9:00,-8.0,970.0,4.8,314,48
3/16/2015 10:00,-8.0,970.2,5.2,217,54
3/16/2015 11:00,-9.8,970.3,14.2,191,52
3/16/2015 12:00,-9.4,970.2,12.0,185,49
3/16/2015 13:00,-10.5,970.3,2.8,273,60
3/16/2015 14:00,-10.5,970.6,3.3,94,59
3/16/2015 15:00,-11.6,971.2,8.1,90,65
3/16/2015 16:00,-11.4,971.7,5.3,143,62
3/16/2015 17:00,-11.7,972.4,7.2,192,61
3/16/2015 18:00,-10.8,972.8,7.4,122,53
3/16/2015 19:00,-10.1,973.0,8.9,159,45
3/16/2015 20:00,-11.7,972.9,12.3,192,48
3/16/2015 21:00,-11.8,973.2,14.0,197,49
3/16/2015 22:00,-11.1,973.3,13.8,192,45
3/16/2015 23:00,-11.8,974.6,7.8,151,53
3/17/2015 0:00,-11.1,975.1,5.0,132,50
3/17/2015 1:00,-9.7,975.0,5.7,135,43
3/17/2015 2:00,-7.2,974.7,6.5,9,44
3/17/2015 3:00,-7.8,974.4,12.0,354,48
3/17/2015 4:00,-7.7,973.8,9.8,325,44
3/17/2015 5:00,-7.9,973.3,9.5,323,47
3/17/2015 6:00,-8.0,972.6,11.6,304,46
3/17/2015 7:00,-9.1,972.7,9.4,322,52
3/17/2015 8:00,-9.8,972.6,4.9,189,56
3/17/2015 9:00,-10.6,972.3,5.9,267,58
3/17/2015 10:00,-11.3,971.9,2.4,140,56
3/17/2015 11:00,-11.9,972.1,7.8,99,67
3/17/2015 12:00,-12.4,971.8,7.0,90,68
3/17/2015 13:00,-12.5,971.4,4.5,309,68
3/17/2015 14:00,-12.4,971.3,7.1,320,62
3/17/2015 15:00,-12.9,971.3,5.6,89,67
3/17/2015 16:00,-13.0,971.0,6.3,131,69
3/17/2015 17:00,-12.0,970.3,12.5,193,54
3/17/2015 18:00,-11.1,969.6,12.6,196,51
3/17/2015 19:00,-10.1,968.9,7.6,256,47
3/17/2015 20:00,-11.6,968.6,6.1,125,56
3/17/2015 21:00,-13.0,968.4,5.1,253,59
3/17/2015 22:00,-11.6,968.1,6.9,92,57
3/17/2015 23:00,-11.6,967.9,7.0,90,57
3/18/2015 0:00,-10.0,967.5,4.1,245,47
3/18/2015 1:00,-9.0,967.5,6.6,80,43
3/18/2015 2:00,-9.5,966.8,11.9,202,46
3/18/2015 3:00,-8.9,965.6,16.9,204,45
3/18/2015 4:00,-7.9,965.4,10.1,4,40
3/18/2015 5:00,-8.5,964.9,5.6,127,43
3/18/2015 6:00,-8.4,964.7,10.7,52,48
3/18/2015 7:00,-10.0,964.6,17.9,131,54
3/18/2015 8:00,-10.3,964.7,21.6,112,51
3/18/2015 9:00,-11.0,965.2,19.3,108,53
3/18/2015 10:00,-11.6,965.3,23.8,130,52
3/18/2015 11:00,-12.0,965.5,21.1,128,56
3/18/2015 12:00,-12.5,966.4,20.5,119,57
3/18/2015 13:00,-13.0,966.5,22.9,125,60
3/18/2015 14:00,-12.4,966.4,20.5,131,53
3/18/2015 15:00,-12.3,966.1,22.1,117,55
3/18/2015 16:00,-11.9,965.7,20.2,117,52
3/18/2015 17:00,-11.1,965.5,23.3,132,45
3/18/2015 18:00,-10.8,964.9,19.9,142,44
3/18/2015 19:00,-10.7,964.6,23.8,142,42
3/18/2015 20:00,-10.8,964.5,30.0,137,40
3/18/2015 21:00,-10.7,964.6,23.3,140,37
3/18/2015 22:00,-10.5,964.7,23.0,142,36
3/18/2015 23:00,-10.4,965.3,30.3,135,37
3/19/2015 0:00,-9.9,965.8,24.0,127,37
3/19/2015 1:00,-9.5,966.4,25.5,126,37
3/19/2015 2:00,-9.3,966.5,21.1,117,44
3/19/2015 3:00,-9.0,966.6,23.6,119,42
3/19/2015 4:00,-8.6,966.3,25.3,128,39
3/19/2015 5:00,-8.5,966.3,22.0,121,42
3/19/2015 6:00,-8.5,966.7,23.9,118,41
3/19/2015 7:00,-8.4,966.7,25.3,117,40
3/19/2015 8:00,-8.0,966.4,27.5,132,35
3/19/2015 9:00,-8.0,967.1,28.9,132,35
3/19/2015 10:00,-8.0,967.8,27.2,126,32
3/19/2015 11:00,-8.2,968.4,24.4,117,36
3/19/2015 12:00,-8.2,968.6,22.5,119,35
3/19/2015 13:00,-8.4,968.7,23.2,124,37
3/19/2015 14:00,-8.8,968.4,24.7,128,38
3/19/2015 15:00,-9.2,968.4,26.3,134,39
3/19/2015 16:00,-8.9,967.8,29.7,128,35
3/19/2015 17:00,-8.6,967.8,24.8,125,35
3/19/2015 18:00,-8.6,967.1,22.4,125,34
3/19/2015 19:00,-8.9,967.1,21.5,118,36
3/19/2015 20:00,-8.7,967.0,22.3,121,36
3/19/2015 21:00,-8.3,967.0,26.4,129,33
3/19/2015 22:00,-8.2,966.6,24.3,131,35
3/19/2015 23:00,-8.0,966.1,27.4,137,36
3/20/2015 0:00,-7.6,965.3,28.0,134,34
3/20/2015 1:00,-7.1,965.1,28.6,145,35
3/20/2015 2:00,-7.4,964.9,27.8,118,40
3/20/2015 3:00,-7.2,964.4,26.8,139,42
3/20/2015 4:00,-7.2,964.1,26.6,129,46
3/20/2015 5:00,-6.8,963.6,26.9,148,37
3/20/2015 6:00,-6.7,963.1,26.4,151,36
3/20/2015 7:00,-6.7,962.7,20.6,133,35
3/20/2015 8:00,-6.8,962.6,22.4,129,31
3/20/2015 9:00,-7.0,962.3,25.2,127,31
3/20/2015 10:00,-7.6,962.0,24.2,134,32
3/20/2015 11:00,-7.9,961.9,20.6,128,31
3/20/2015 12:00,-7.6,961.2,28.6,136,26
3/20/2015 13:00,-7.5,960.9,25.1,138,29
3/20/2015 14:00,-7.8,960.4,27.4,143,30
3/20/2015 15:00,-8.0,960.0,26.5,141,29
3/20/2015 16:00,-8.0,959.4,27.4,143,27
3/20/2015 17:00,-8.8,958.5,28.5,162,33
3/20/2015 18:00,-9.0,957.8,29.8,167,37
3/20/2015 19:00,-9.1,957.3,28.8,167,37
3/20/2015 20:00,-9.5,957.5,28.5,164,42
3/20/2015 21:00,-9.4,957.1,27.7,171,38
3/20/2015 22:00,-8.8,956.9,28.5,165,34
3/20/2015 23:00,-8.5,957.0,29.0,167,37
3/21/2015 0:00,-8.7,956.8,24.9,165,40
3/21/2015 1:00,-8.3,956.5,23.7,163,40
3/21/2015 2:00,-7.9,957.0,16.8,151,41
3/21/2015 3:00,-7.6,957.3,9.5,81,43
3/21/2015 4:00,-6.9,957.4,15.4,69,41
3/21/2015 5:00,-7.8,957.2,13.7,103,37
3/21/2015 6:00,-7.9,956.9,12.7,132,39
3/21/2015 7:00,-8.5,957.0,12.4,122,39
3/21/2015 8:00,-9.1,957.0,17.7,138,35
3/21/2015 9:00,-9.0,956.9,19.3,147,33
3/21/2015 10:00,-9.0,957.1,12.6,141,36
3/21/2015 11:00,-9.4,957.5,7.4,67,35
3/21/2015 12:00,-10.6,957.9,9.2,274,51
3/21/2015 13:00,-10.9,958.0,10.9,290,49
3/21/2015 14:00,-10.9,958.2,10.1,285,46
3/21/2015 15:00,-11.6,957.9,12.2,293,47
3/21/2015 16:00,-12.0,958.7,8.1,335,46
3/21/2015 17:00,-13.0,959.3,7.5,154,53
3/21/2015 18:00,-13.7,959.4,7.7,138,44
3/21/2015 19:00,-14.1,959.6,5.9,153,43
3/21/2015 20:00,-14.3,959.8,6.4,250,44
3/21/2015 21:00,-14.6,960.4,8.2,263,43
3/21/2015 22:00,-13.7,960.7,7.9,260,41
3/21/2015 23:00,-13.4,961.1,7.7,258,45
3/22/2015 0:00,-11.1,961.6,5.0,344,40
3/22/2015 1:00,-11.2,962.0,6.8,349,36
3/22/2015 2:00,-11.9,962.4,2.5,291,37
3/22/2015 3:00,-10.2,962.9,7.3,108,29
3/22/2015 4:00,-11.8,963.1,8.8,177,34
3/22/2015 5:00,-12.1,963.2,6.3,172,39
3/22/2015 6:00,-11.6,963.7,8.3,59,34
3/22/2015 7:00,-12.2,964.1,6.8,231,40
3/22/2015 8:00,-12.7,964.4,11.7,178,40
3/22/2015 9:00,-12.7,965.0,10.8,175,39
3/22/2015 10:00,-14.4,965.7,14.8,183,40
3/22/2015 11:00,-14.2,966.6,7.8,186,38
3/22/2015 12:00,-15.5,966.5,19.9,188,36
3/22/2015 13:00,-15.8,966.6,24.9,179,33
3/22/2015 14:00,-16.2,967.5,23.1,179,34
3/22/2015 15:00,-16.0,967.6,22.1,180,34
3/22/2015 16:00,-15.8,967.8,22.4,178,32
3/22/2015 17:00,-15.0,968.5,21.1,183,30
3/22/2015 18:00,-14.7,968.8,17.3,176,31
3/22/2015 19:00,-16.2,969.0,15.9,181,35
3/22/2015 20:00,-15.4,969.2,6.9,137,33
3/22/2015 21:00,-14.7,969.6,7.8,106,29
3/22/2015 22:00,-14.9,969.7,3.1,350,38
3/22/2015 23:00,-13.6,969.9,5.7,100,36
3/23/2015 0:00,-11.8,970.3,6.4,74,36
3/23/2015 1:00,-10.6,970.6,5.0,19,31
3/23/2015 2:00,-10.5,970.3,11.6,138,32
3/23/2015 3:00,-9.8,969.9,13.8,100,35
3/23/2015 4:00,-9.5,969.8,14.0,110,31
3/23/2015 5:00,-9.4,969.5,8.9,56,37
3/23/2015 6:00,-9.3,968.9,12.1,79,37
3/23/2015 7:00,-11.1,968.6,11.2,119,42
3/23/2015 8:00,-11.9,968.1,14.4,146,49
3/23/2015 9:00,-11.7,967.9,16.1,159,44
3/23/2015 10:00,-12.5,967.6,7.1,331,51
3/23/2015 11:00,-13.1,966.8,3.5,45,51
3/23/2015 12:00,-11.8,965.8,16.6,140,41
3/23/2015 13:00,-11.3,965.4,11.7,124,37
3/23/2015 14:00,-11.6,965.2,8.6,90,39
3/23/2015 15:00,-11.7,964.2,15.6,139,39
3/23/2015 16:00,-11.5,963.6,15.3,115,35
3/23/2015 17:00,-11.8,962.8,12.8,105,34
3/23/2015 18:00,-12.7,962.5,7.3,100,39
3/23/2015 19:00,-13.2,961.8,10.9,112,41
3/23/2015 20:00,-13.2,960.6,12.6,155,38
3/23/2015 21:00,-13.2,960.2,7.4,128,43
3/23/2015 22:00,-12.9,960.1,15.0,88,36
3/23/2015 23:00,-13.2,959.5,8.2,143,40
3/24/2015 0:00,-12.1,958.7,13.9,97,29
3/24/2015 1:00,-11.8,958.4,10.3,92,31
3/24/2015 2:00,-11.7,957.4,10.0,67,27
3/24/2015 3:00,-12.0,956.2,6.4,350,35
3/24/2015 4:00,-12.9,955.6,5.0,328,39
3/24/2015 5:00,-11.7,955.3,8.6,47,41
3/24/2015 6:00,-12.0,954.6,6.8,161,39
3/24/2015 7:00,-12.1,954.1,5.9,173,41
3/24/2015 8:00,-12.1,953.7,12.0,164,48
3/24/2015 9:00,-11.9,953.2,14.4,159,44
3/24/2015 10:00,-11.8,952.9,14.0,149,46
3/24/2015 11:00,-11.4,952.8,11.9,155,40
3/24/2015 12:00,-11.6,952.1,13.4,163,43
3/24/2015 13:00,-11.5,952.1,9.5,103,47
3/24/2015 14:00,-11.3,951.8,14.4,111,40
3/24/2015 15:00,-11.7,951.5,10.3,69,41
3/24/2015 16:00,-11.9,951.2,4.4,59,46
3/24/2015 17:00,-11.6,951.1,13.8,102,40
3/24/2015 18:00,-12.0,950.8,20.0,117,39
3/24/2015 19:00,-12.3,950.3,12.4,121,45
3/24/2015 20:00,-12.1,950.3,14.4,107,45
3/24/2015 21:00,-12.4,950.4,15.9,107,41
3/24/2015 22:00,-12.4,950.5,15.7,127,42
3/24/2015 23:00,-12.2,950.2,17.8,118,41
3/25/2015 0:00,-12.1,949.7,17.5,115,39
3/25/2015 1:00,-11.4,949.3,18.3,143,44
3/25/2015 2:00,-11.1,949.7,15.1,112,40
3/25/2015 3:00,-11.5,950.1,12.4,83,42
3/25/2015 4:00,-11.8,950.2,14.9,96,42
3/25/2015 5:00,-12.1,949.8,13.5,100,42
3/25/2015 6:00,-11.9,949.8,11.9,111,41
3/25/2015 7:00,-12.3,950.2,20.2,108,41
3/25/2015 8:00,-13.0,950.0,14.6,119,49
3/25/2015 9:00,-12.8,950.0,18.5,110,44
3/25/2015 10:00,-13.3,949.7,16.2,125,46
3/25/2015 11:00,-13.2,949.4,20.3,124,44
3/25/2015 12:00,-12.6,948.8,21.7,137,39
3/25/2015 13:00,-12.6,948.9,18.0,124,40
3/25/2015 14:00,-12.7,948.8,22.8,129,41
3/25/2015 15:00,-11.3,948.3,26.2,122,36
3/25/2015 16:00,-11.0,947.9,19.1,142,47
3/25/2015 17:00,-11.2,948.6,19.1,134,48
3/25/2015 18:00,-11.4,949.0,20.2,121,47
3/25/2015 19:00,-11.0,948.8,22.4,131,45
3/25/2015 20:00,-10.2,948.9,18.3,136,40
3/25/2015 21:00,-10.1,949.3,22.6,117,39
3/25/2015 22:00,-10.2,949.5,25.6,126,45
3/25/2015 23:00,-10.5,949.6,26.0,129,61
3/26/2015 0:00,-11.0,949.9,29.4,137,80
3/26/2015 1:00,-11.3,950.1,32.9,136,88
3/26/2015 2:00,-10.6,950.4,29.7,133,75
3/26/2015 3:00,-10.0,950.7,28.7,134,65
3/26/2015 4:00,-9.5,950.8,29.8,132,61
3/26/2015 5:00,-9.3,951.0,29.9,134,60
3/26/2015 6:00,-9.3,951.3,32.1,138,60
3/26/2015 7:00,-9.4,951.2,33.5,136,60
3/26/2015 8:00,-9.4,951.2,33.7,140,60
3/26/2015 9:00,-9.5,951.7,33.2,136,60
3/26/2015 10:00,-9.3,951.8,34.4,136,61
3/26/2015 11:00,-9.2,952.6,27.7,133,61
3/26/2015 12:00,-9.1,952.7,28.3,135,63
3/26/2015 13:00,-8.6,952.5,34.0,136,57
3/26/2015 14:00,-8.4,952.4,32.1,135,56
3/26/2015 15:00,-8.2,953.0,35.6,140,62
3/26/2015 16:00,-8.2,953.4,29.8,131,70
3/26/2015 17:00,-8.5,953.0,35.2,138,74
3/26/2015 18:00,-7.7,953.3,31.9,136,60
3/26/2015 19:00,-7.4,953.5,31.3,136,55
3/26/2015 20:00,-7.5,954.1,36.8,143,58
3/26/2015 21:00,-7.1,954.7,42.6,155,50
3/26/2015 22:00,-6.1,955.2,34.6,155,45
3/26/2015 23:00,-6.0,955.6,30.8,153,49
3/27/2015 0:00,-6.2,955.8,29.8,166,49
3/27/2015 1:00,-6.2,955.7,29.7,168,49
3/27/2015 2:00,-6.1,955.9,29.3,171,46
3/27/2015 3:00,-5.2,956.1,32.8,179,42
3/27/2015 4:00,-5.6,956.2,24.6,174,42
3/27/2015 5:00,-5.3,956.7,21.3,175,38
3/27/2015 6:00,-4.9,958.1,3.4,108,38
3/27/2015 7:00,-5.8,958.6,7.9,163,34
3/27/2015 8:00,-8.1,958.9,16.8,180,42
3/27/2015 9:00,-9.0,959.7,13.1,219,38
3/27/2015 10:00,-9.8,960.2,11.2,254,55
3/27/2015 11:00,-11.2,960.3,4.5,212,55
3/27/2015 12:00,-11.4,960.5,6.7,266,57
3/27/2015 13:00,-12.5,961.0,10.1,114,62
3/27/2015 14:00,-13.1,961.3,5.4,90,61
3/27/2015 15:00,-13.7,961.5,4.9,225,61
3/27/2015 16:00,-14.5,961.5,7.1,112,64
3/27/2015 17:00,-14.5,961.6,5.4,45,60
3/27/2015 18:00,-14.9,962.0,6.8,183,62
3/27/2015 19:00,-14.8,961.7,8.8,92,59
3/27/2015 20:00,-16.4,961.8,6.7,124,59
3/27/2015 21:00,-16.0,961.7,11.8,187,54
3/27/2015 22:00,-14.4,961.7,5.1,346,51
3/27/2015 23:00,-13.2,961.9,3.9,92,51
3/28/2015 0:00,-13.0,961.8,12.8,163,37
3/28/2015 1:00,-13.3,961.9,7.1,89,45
3/28/2015 2:00,-12.4,961.7,10.6,172,40
3/28/2015 3:00,-11.9,961.6,7.7,173,42
3/28/2015 4:00,-10.1,961.5,9.5,360,36
3/28/2015 5:00,-10.3,961.8,5.8,17,42
3/28/2015 6:00,-11.9,961.7,5.8,11,54
3/28/2015 7:00,-13.9,961.7,5.5,29,58
3/28/2015 8:00,-14.3,962.0,5.0,72,59
3/28/2015 9:00,-14.1,962.1,8.2,101,50
3/28/2015 10:00,-13.7,962.4,5.5,239,52
3/28/2015 11:00,-13.6,962.3,6.0,269,53
3/28/2015 12:00,-13.5,962.2,7.5,141,50
3/28/2015 13:00,-14.1,962.6,7.4,129,55
3/28/2015 14:00,-13.6,962.4,14.0,184,47
3/28/2015 15:00,-13.4,962.6,6.9,142,41
3/28/2015 16:00,-13.5,962.4,15.5,177,40
3/28/2015 17:00,-14.2,962.2,18.2,183,39
3/28/2015 18:00,-14.2,962.3,7.0,137,39
3/28/2015 19:00,-15.0,961.7,21.0,185,41
3/28/2015 20:00,-12.9,961.3,22.9,176,32
3/28/2015 21:00,-12.5,961.5,24.0,176,34
3/28/2015 22:00,-11.6,961.6,24.5,176,34
3/28/2015 23:00,-10.8,961.7,23.4,176,34
3/29/2015 0:00,-10.3,962.0,22.9,176,37
3/29/2015 1:00,-9.9,961.8,22.9,174,37
3/29/2015 2:00,-8.9,962.2,23.2,171,36
3/29/2015 3:00,-8.7,962.4,21.8,164,38
3/29/2015 4:00,-9.1,962.1,24.3,160,38
3/29/2015 5:00,-9.1,962.0,26.8,167,37
3/29/2015 6:00,-9.2,962.1,25.0,161,39
3/29/2015 7:00,-9.5,961.8,26.3,164,38
3/29/2015 8:00,-9.3,961.7,26.6,165,38
3/29/2015 9:00,-9.3,961.9,27.4,161,38
3/29/2015 10:00,-9.6,962.1,24.4,156,45
3/29/2015 11:00,-8.6,961.9,24.0,143,42
3/29/2015 12:00,-8.3,961.9,25.9,144,43
3/29/2015 13:00,-8.3,961.8,26.3,146,47
3/29/2015 14:00,-8.6,961.4,26.4,152,53
3/29/2015 15:00,-8.2,960.9,28.4,147,54
3/29/2015 16:00,-8.3,960.5,30.0,152,57
3/29/2015 17:00,-7.8,960.3,29.6,142,57
3/29/2015 18:00,-7.7,960.0,26.3,142,52
3/29/2015 19:00,-7.8,959.6,30.1,147,54
3/29/2015 20:00,-7.9,959.4,28.9,141,52
3/29/2015 21:00,-7.6,959.6,25.3,112,47
3/29/2015 22:00,-7.3,959.5,32.2,140,47
3/29/2015 23:00,-7.4,959.5,30.1,140,46
3/30/2015 0:00,-7.3,959.4,36.7,154,44
3/30/2015 1:00,-7.3,959.7,36.3,149,45
3/30/2015 2:00,-7.0,959.7,31.3,150,44
3/30/2015 3:00,-6.8,959.2,34.5,152,44
3/30/2015 4:00,-6.6,959.4,33.6,151,44
3/30/2015 5:00,-6.6,959.6,33.9,152,43
3/30/2015 6:00,-6.5,959.4,35.1,154,41
3/30/2015 7:00,-6.6,959.7,31.0,152,40
3/30/2015 8:00,-7.4,960.2,23.1,151,47
3/30/2015 9:00,-7.3,960.7,33.4,160,40
3/30/2015 10:00,-8.2,960.7,30.2,154,43
3/30/2015 11:00,-8.5,961.3,29.6,163,43
3/30/2015 12:00,-8.5,961.5,29.3,163,43
3/30/2015 13:00,-8.5,962.2,26.6,163,43
3/30/2015 14:00,-9.1,962.6,27.2,168,44
3/30/2015 15:00,-9.2,962.6,29.0,165,43
3/30/2015 16:00,-9.2,962.6,29.5,166,43
3/30/2015 17:00,-9.3,962.5,28.4,164,44
3/30/2015 18:00,-9.3,962.3,28.8,167,43
3/30/2015 19:00,-8.7,962.3,25.4,154,47
3/30/2015 20:00,-8.4,962.4,25.1,146,44
3/30/2015 21:00,-8.9,962.3,30.0,167,43
3/30/2015 22:00,-8.7,962.3,26.8,167,43
3/30/2015 23:00,-8.5,962.3,27.5,166,47
3/31/2015 0:00,-8.2,962.2,26.6,169,54
3/31/2015 1:00,-7.9,962.1,26.4,169,50
3/31/2015 2:00,-7.3,962.3,23.8,163,52
3/31/2015 3:00,-7.0,962.1,23.7,166,49
3/31/2015 4:00,-7.4,961.8,21.7,173,42
3/31/2015 5:00,-7.5,961.7,24.7,169,39
3/31/2015 6:00,-8.0,961.7,23.5,166,42
3/31/2015 7:00,-8.5,961.5,24.6,166,41
3/31/2015 8:00,-8.8,961.5,22.9,158,42
3/31/2015 9:00,-8.6,961.3,23.4,149,39
3/31/2015 10:00,-9.5,961.4,24.0,158,36
3/31/2015 11:00,-9.7,961.3,27.0,160,32
3/31/2015 12:00,-10.8,961.2,28.0,165,35
3/31/2015 13:00,-10.6,961.2,28.6,162,30
3/31/2015 14:00,-11.3,961.0,25.4,170,30
4/1/2015 9:00,-11.7,958.5,26.8,178,35
4/1/2015 10:00,-11.1,958.3,24.7,180,39
4/1/2015 11:00,-10.3,958.0,25.2,177,36
4/1/2015 12:00,-9.6,957.7,25.3,176,36
4/1/2015 13:00,-9.6,957.7,23.4,176,36
4/1/2015 14:00,-9.4,957.4,24.2,177,34
4/1/2015 15:00,-9.8,957.5,21.7,176,32
4/1/2015 16:00,-10.5,957.5,24.8,181,34
4/1/2015 17:00,-11.2,957.1,25.1,181,34
4/1/2015 18:00,-11.5,957.1,26.1,184,35
4/1/2015 19:00,-11.8,957.1,25.4,182,35
4/1/2015 20:00,-12.1,957.2,20.5,172,34
4/1/2015 21:00,-12.4,957.0,22.7,177,35
4/1/2015 22:00,-12.1,956.9,23.4,183,31
4/1/2015 23:00,-11.6,957.0,23.3,182,31
4/2/2015 0:00,-11.8,956.8,23.5,187,35
4/2/2015 1:00,-10.8,956.6,21.8,188,32
4/2/2015 2:00,-12.1,956.6,19.1,185,36
4/2/2015 3:00,-11.9,956.6,6.7,20,36
4/2/2015 4:00,-12.7,956.4,6.1,43,38
4/2/2015 5:00,-12.7,956.4,7.1,190,38
4/2/2015 6:00,-11.8,955.8,23.6,178,34
4/2/2015 7:00,-10.8,955.7,24.9,171,37
4/2/2015 8:00,-10.4,955.9,25.5,171,37
4/2/2015 9:00,-10.2,956.3,19.4,176,37
4/2/2015 10:00,-9.2,956.5,19.9,178,34
4/2/2015 11:00,-9.1,956.3,22.1,174,37
4/2/2015 12:00,-8.3,956.5,22.8,169,35
4/2/2015 13:00,-7.9,956.8,21.7,168,32
4/2/2015 14:00,-8.6,957.3,24.4,169,35
4/2/2015 15:00,-8.6,957.7,21.3,170,35
4/2/2015 16:00,-9.3,958.0,23.5,172,35
4/2/2015 17:00,-9.9,958.7,23.3,171,36
4/2/2015 18:00,-9.8,959.0,24.6,171,35
4/2/2015 19:00,-10.3,959.4,25.1,174,38
4/2/2015 20:00,-9.5,960.2,25.2,169,40
4/2/2015 21:00,-9.3,960.3,23.0,176,40
4/2/2015 22:00,-9.0,960.4,23.1,176,42
4/2/2015 23:00,-8.8,960.8,23.5,178,41
4/3/2015 0:00,-8.6,961.9,23.9,174,39
4/3/2015 1:00,-7.9,962.5,23.2,176,38
4/3/2015 2:00,-8.6,963.2,24.4,178,42
4/3/2015 3:00,-8.3,963.7,22.1,176,43
4/3/2015 4:00,-8.9,964.5,24.5,176,41
4/3/2015 5:00,-9.1,965.5,24.6,176,42
4/3/2015 6:00,-8.4,966.6,25.8,176,41
4/3/2015 7:00,-8.8,967.9,22.0,178,45
4/3/2015 8:00,-8.0,968.8,21.1,178,48
4/3/2015 9:00,-7.7,970.1,18.7,183,54
4/3/2015 10:00,-6.7,970.9,20.7,179,54
4/3/2015 11:00,-5.8,971.8,19.5,181,46
4/3/2015 12:00,-6.1,972.5,20.5,182,50
4/3/2015 13:00,-6.1,973.3,19.7,182,47
4/3/2015 14:00,-5.8,974.7,12.5,248,43
4/3/2015 15:00,-6.2,975.7,8.8,221,51
4/3/2015 16:00,-6.7,976.3,7.8,168,51
4/3/2015 17:00,-8.7,976.7,18.9,187,43
4/3/2015 18:00,-10.3,977.2,20.0,193,43
4/3/2015 19:00,-10.3,977.4,22.9,185,38
4/3/2015 20:00,-10.1,977.6,26.2,184,35
4/3/2015 21:00,-10.2,977.7,24.6,176,34
4/3/2015 22:00,-9.6,977.9,23.3,175,32
4/3/2015 23:00,-11.2,977.8,24.9,180,32
4/4/2015 0:00,-11.4,977.6,21.1,176,36
4/4/2015 1:00,-9.8,977.6,22.4,178,32
4/4/2015 2:00,-9.1,977.8,20.3,185,33
4/4/2015 3:00,-12.0,977.6,24.0,193,39
4/4/2015 4:00,-11.5,978.0,17.3,184,39
4/4/2015 5:00,-8.8,978.5,9.5,98,36
4/4/2015 6:00,-10.7,979.1,4.5,106,42
4/4/2015 7:00,-10.3,979.2,5.5,113,42
4/4/2015 8:00,-7.5,978.6,14.7,173,28
4/4/2015 9:00,-7.2,977.7,23.7,179,32
4/4/2015 10:00,-5.5,977.8,26.7,177,30
4/4/2015 11:00,-5.7,977.8,29.0,177,35
4/4/2015 12:00,-5.4,978.5,23.2,177,34
4/4/2015 13:00,-4.8,979.0,28.3,179,33
4/4/2015 14:00,-4.5,979.1,25.0,174,31
4/4/2015 15:00,-4.7,979.3,35.5,165,29
4/4/2015 16:00,-4.8,980.0,31.1,163,26
4/4/2015 17:00,-4.6,980.0,26.5,168,24
4/4/2015 18:00,-6.7,980.3,25.8,177,28
4/4/2015 19:00,-7.3,979.5,28.7,180,31
4/4/2015 20:00,-7.3,979.6,27.7,182,28
4/4/2015 21:00,-7.9,980.0,15.6,181,30
4/4/2015 22:00,-8.6,979.2,28.5,182,31
4/4/2015 23:00,-7.3,979.0,29.9,178,30
4/5/2015 0:00,-7.3,978.6,28.5,182,34
4/5/2015 1:00,-7.5,977.8,26.7,182,30
4/5/2015 2:00,-7.1,978.3,1.8,319,31
4/5/2015 3:00,-8.7,977.2,13.2,263,35
4/5/2015 4:00,-8.1,976.3,2.5,80,35
4/5/2015 5:00,-7.7,975.1,11.9,133,37
4/5/2015 6:00,-9.3,974.4,9.3,138,44
4/5/2015 7:00,-8.2,973.7,3.7,190,40
4/5/2015 8:00,-10.1,973.1,6.2,109,46
4/5/2015 9:00,-10.0,972.8,8.1,187,48
4/5/2015 10:00,-7.7,972.4,6.4,245,42
4/5/2015 11:00,-5.8,972.5,6.8,111,39
4/5/2015 12:00,-4.4,972.3,11.0,128,44
4/5/2015 13:00,-4.2,971.8,20.8,157,42
4/5/2015 14:00,-4.0,971.3,20.6,152,42
4/5/2015 15:00,-4.0,970.5,23.9,163,39
4/5/2015 16:00,-4.0,970.6,22.5,150,37
4/5/2015 17:00,-5.2,970.4,17.8,156,41
4/5/2015 18:00,-6.2,970.6,12.6,154,44
4/5/2015 19:00,-5.1,969.4,28.5,165,40
4/5/2015 20:00,-5.2,969.5,12.2,113,42
4/5/2015 21:00,-5.7,969.5,17.3,142,41
4/5/2015 22:00,-5.1,969.1,17.7,134,34
4/5/2015 23:00,-5.1,969.1,20.0,115,32
4/6/2015 0:00,-6.0,969.6,16.2,123,36
4/6/2015 1:00,-6.4,969.2,13.7,132,37
4/6/2015 2:00,-6.9,968.5,11.7,145,41
4/6/2015 3:00,-7.5,967.9,18.9,171,40
4/6/2015 4:00,-6.5,967.2,22.6,163,38
4/6/2015 5:00,-6.9,967.2,11.4,157,37
4/6/2015 6:00,-6.4,966.7,12.3,124,35
4/6/2015 7:00,-6.5,966.6,3.3,121,37
4/6/2015 8:00,-6.3,966.7,11.4,109,35
4/6/2015 9:00,-5.9,966.5,14.4,118,37
4/6/2015 10:00,-4.3,966.4,11.7,75,30
4/6/2015 11:00,-3.4,966.0,5.6,132,27
4/6/2015 12:00,-4.0,965.7,13.9,58,32
4/6/2015 13:00,-4.7,965.5,9.0,7,35
4/6/2015 14:00,-6.6,965.1,7.7,280,37
4/6/2015 15:00,-7.3,964.4,8.0,258,43
4/6/2015 16:00,-8.4,963.9,9.1,276,46
4/6/2015 17:00,-9.2,963.5,10.9,190,49
4/6/2015 18:00,-10.3,963.6,6.3,86,49
4/6/2015 19:00,-11.3,963.9,4.3,81,53
4/6/2015 20:00,-11.5,963.8,5.4,38,49
4/6/2015 21:00,-12.5,964.1,3.2,161,56
4/6/2015 22:00,-12.3,963.5,7.4,358,54
4/6/2015 23:00,-11.7,963.5,7.1,90,47
4/7/2015 0:00,-12.5,963.2,8.5,143,52
4/7/2015 1:00,-12.2,962.7,7.4,121,43
4/7/2015 2:00,-12.9,962.1,6.7,152,48
4/7/2015 3:00,-13.8,962.0,7.9,192,50
4/7/2015 4:00,-14.4,961.9,2.8,87,51
4/7/2015 5:00,-15.0,961.6,8.5,198,51
4/7/2015 6:00,-14.9,961.4,10.3,200,50
4/7/2015 7:00,-14.5,962.1,7.8,90,55
4/7/2015 8:00,-14.3,962.3,6.0,125,53
4/7/2015 9:00,-14.1,962.5,7.4,138,56
4/7/2015 10:00,-13.7,962.2,11.6,95,48
4/7/2015 11:00,-15.0,962.5,9.8,88,45
4/7/2015 12:00,-15.5,962.8,6.0,84,42
4/7/2015 13:00,-14.4,963.0,10.8,156,45
4/7/2015 14:00,-14.0,962.8,8.2,129,46
4/7/2015 15:00,-13.2,962.8,6.7,36,37
4/7/2015 16:00,-14.8,962.6,5.5,0,50
4/7/2015 17:00,-15.8,963.0,8.1,89,52
4/7/2015 18:00,-16.3,963.3,17.7,161,48
4/7/2015 19:00,-16.1,963.9,12.0,156,39
4/7/2015 20:00,-18.0,963.6,12.7,193,49
4/7/2015 21:00,-18.9,963.0,15.8,195,49
4/7/2015 22:00,-19.3,962.8,15.0,190,48
4/7/2015 23:00,-18.7,962.8,9.0,192,46
4/8/2015 0:00,-17.5,972.3,61.3,298,42
4/8/2015 1:00,-17.2,972.6,46.2,295,40
4/8/2015 2:00,-17.7,962.8,12.0,151,35
4/8/2015 3:00,-18.3,973.5,63.2,298,44
4/8/2015 4:00,-18.3,973.9,62.6,298,43
4/8/2015 5:00,-18.6,974.0,44.4,300,45
4/8/2015 6:00,-18.6,975.1,63.2,298,45
4/8/2015 7:00,-17.4,975.3,61.9,298,38
4/8/2015 8:00,-17.1,974.9,62.6,298,37
4/8/2015 9:00,-17.5,975.0,49.5,304,38
4/8/2015 10:00,-16.1,974.8,62.6,298,35
4/8/2015 11:00,-16.2,963.7,9.2,194,37
4/8/2015 12:00,-17.4,963.9,9.5,182,40
4/8/2015 13:00,-13.8,964.1,7.8,78,29
4/8/2015 14:00,-16.2,964.0,4.3,184,39
4/8/2015 15:00,-16.5,963.9,10.2,146,33
4/8/2015 16:00,-16.7,963.9,16.3,158,29
4/8/2015 17:00,-17.6,964.1,16.2,168,32
4/8/2015 18:00,-19.8,963.8,24.1,185,36
4/8/2015 19:00,-19.1,964.3,22.6,176,35
4/8/2015 20:00,-19.2,964.4,23.3,177,36
4/8/2015 21:00,-19.2,964.1,24.6,175,39
4/8/2015 22:00,-18.6,964.1,26.2,174,36
4/8/2015 23:00,-18.6,964.1,27.8,174,36
4/9/2015 0:00,-14.5,968.5,63.2,298,25
4/9/2015 1:00,-17.8,968.0,62.6,298,35
4/9/2015 2:00,-16.6,967.9,63.2,298,31
4/9/2015 3:00,-17.9,964.5,24.4,175,35
4/9/2015 4:00,-18.0,964.6,26.6,178,36
4/9/2015 5:00,-16.7,964.6,25.6,174,32
4/9/2015 6:00,-16.7,964.5,24.0,174,35
4/9/2015 7:00,-16.2,964.6,26.4,172,34
4/9/2015 8:00,-15.8,964.4,27.1,173,34
4/9/2015 9:00,-15.1,964.7,27.3,166,36
4/9/2015 10:00,-14.5,964.8,24.7,165,38
4/9/2015 11:00,-14.1,964.9,26.6,161,40
4/9/2015 12:00,-13.5,964.7,24.2,162,44
4/9/2015 13:00,-13.4,964.5,22.2,167,47
4/9/2015 14:00,-12.9,964.3,24.1,161,46
4/9/2015 15:00,-13.2,964.1,25.4,167,47
4/9/2015 16:00,-13.3,964.2,22.0,166,48
4/9/2015 17:00,-12.7,964.2,24.2,166,48
4/9/2015 18:00,-11.6,964.3,20.0,135,46
4/9/2015 19:00,-12.3,964.3,21.1,160,55
4/9/2015 20:00,-12.4,964.3,22.5,155,53
4/9/2015 21:00,-11.9,963.7,22.7,166,48
4/9/2015 22:00,-11.5,963.4,24.3,167,45
4/9/2015 23:00,-11.6,963.2,27.8,167,43
4/10/2015 0:00,-5.4,965.9,63.9,298,66
4/10/2015 1:00,-5.1,966.2,64.9,298,58
4/10/2015 2:00,-6.0,966.8,43.7,303,78
4/10/2015 3:00,-5.6,967.1,62.6,298,73
4/10/2015 4:00,-5.8,967.6,61.3,298,79
4/10/2015 5:00,-5.9,967.9,61.3,298,83
4/10/2015 6:00,-5.8,968.8,68.4,299,87
4/10/2015 7:00,-5.8,969.6,22.5,315,90
4/10/2015 8:00,-5.7,970.1,61.9,298,91
4/10/2015 9:00,-5.7,970.7,62.6,298,91
4/10/2015 10:00,-5.8,972.2,63.9,298,92
4/10/2015 11:00,-5.9,972.6,63.3,301,92
4/10/2015 12:00,-5.9,972.7,63.3,298,92
4/10/2015 13:00,-6.1,973.3,62.0,298,89
4/10/2015 14:00,-6.1,972.9,61.9,298,87
4/10/2015 15:00,-6.0,973.4,61.3,298,86
4/10/2015 16:00,-6.3,973.4,62.0,301,82
4/10/2015 17:00,-6.1,973.6,61.9,298,77
4/10/2015 18:00,-6.3,973.6,63.9,298,73
4/10/2015 19:00,-6.7,973.8,63.3,298,75
4/10/2015 20:00,-7.3,973.1,63.3,298,88
4/10/2015 21:00,-7.4,970.1,25.7,140,44
4/10/2015 22:00,-7.4,969.9,26.0,141,47
4/10/2015 23:00,-7.1,969.7,24.9,145,43
4/11/2015 0:00,-7.8,969.5,23.2,163,45
4/11/2015 1:00,-7.9,969.4,21.4,142,43
4/11/2015 2:00,-7.3,969.2,19.5,119,43
4/11/2015 3:00,-7.9,968.9,17.4,117,48
4/11/2015 4:00,-8.5,969.0,10.7,124,52
4/11/2015 5:00,-8.8,968.8,14.8,130,47
4/11/2015 6:00,-9.5,968.5,12.9,133,49
4/11/2015 7:00,-9.9,968.2,17.4,153,45
4/11/2015 8:00,-9.1,977.1,62.6,300,53
4/11/2015 9:00,-9.6,977.4,62.6,300,52
4/11/2015 10:00,-9.0,977.8,55.6,308,53
4/11/2015 11:00,-8.4,978.1,63.3,298,50
4/11/2015 12:00,-9.2,978.3,62.6,298,51
4/11/2015 13:00,-8.9,978.0,61.9,298,57
4/11/2015 14:00,-9.0,965.1,6.6,153,34
4/11/2015 15:00,-9.1,976.9,62.0,300,52
4/11/2015 16:00,-9.4,976.8,62.6,298,58
4/11/2015 17:00,-9.9,976.4,62.6,298,61
4/11/2015 18:00,-10.4,976.2,64.1,298,73
4/11/2015 19:00,-10.7,960.7,25.6,178,32
4/11/2015 20:00,-10.1,960.0,27.6,175,31
4/11/2015 21:00,-10.2,958.7,27.7,182,28
4/11/2015 22:00,-10.9,972.8,61.3,298,90
4/11/2015 23:00,-10.8,972.5,63.5,298,90
4/12/2015 0:00,-3.6,962.3,27.6,138,55
4/12/2015 1:00,-3.5,962.0,26.8,143,55
4/12/2015 2:00,-3.5,961.8,26.9,138,57
4/12/2015 3:00,-3.4,961.3,31.9,143,52
4/12/2015 4:00,-3.3,961.1,28.3,146,53
4/12/2015 5:00,-3.1,961.0,31.5,144,49
4/12/2015 6:00,-3.1,960.8,27.9,142,49
4/12/2015 7:00,-3.4,961.3,30.2,134,49
4/12/2015 8:00,-3.3,960.9,28.7,136,47
4/12/2015 9:00,-3.1,960.6,28.8,139,46
4/12/2015 10:00,-2.7,960.3,26.9,140,48
4/12/2015 11:00,-2.5,960.1,27.7,139,50
4/12/2015 12:00,-2.4,960.0,28.8,144,50
4/12/2015 13:00,-2.5,959.9,27.9,141,50
4/12/2015 14:00,-2.3,959.6,24.7,139,52
4/12/2015 15:00,-2.0,959.1,23.3,136,53
4/12/2015 16:00,-1.9,959.0,21.7,139,54
4/12/2015 17:00,-2.2,958.6,22.4,141,55
4/12/2015 18:00,-2.3,958.5,20.4,146,57
4/12/2015 19:00,-2.4,958.1,23.2,141,55
4/12/2015 20:00,-2.4,957.9,19.7,146,55
4/12/2015 21:00,-2.5,957.5,18.8,145,54
4/12/2015 22:00,-2.6,957.3,20.5,146,54
4/12/2015 23:00,-2.6,957.3,16.8,150,55
4/13/2015 0:00,-16.1,969.4,5.1,89,52
4/13/2015 1:00,-16.5,969.9,5.4,328,54
4/13/2015 2:00,-16.8,970.3,8.2,105,56
4/13/2015 3:00,-17.4,970.2,7.9,134,58
4/13/2015 4:00,-16.8,970.5,6.1,62,54
4/13/2015 5:00,-17.0,971.4,14.6,156,54
4/13/2015 6:00,-15.5,971.7,6.8,100,48
4/13/2015 7:00,-15.7,971.8,8.8,143,48
4/13/2015 8:00,-15.5,972.5,5.4,123,51
4/13/2015 9:00,-15.5,973.2,6.5,174,51
4/13/2015 10:00,-14.8,973.7,6.3,3,50
4/13/2015 11:00,-14.8,974.5,4.2,0,48
4/13/2015 12:00,-14.4,974.7,9.8,163,49
4/13/2015 13:00,-13.4,974.6,10.5,196,47
4/13/2015 14:00,-13.5,974.9,7.5,324,46
4/13/2015 15:00,-14.6,975.1,6.7,281,53
4/13/2015 16:00,-15.8,975.5,7.7,241,61
4/13/2015 17:00,-14.4,976.0,15.3,101,41
4/13/2015 18:00,-15.0,976.7,15.8,97,40
4/13/2015 19:00,-15.4,977.0,11.8,131,41
4/13/2015 20:00,-15.5,976.8,9.6,120,41
4/13/2015 21:00,-15.4,976.7,10.1,87,44
4/13/2015 22:00,-15.0,976.3,15.0,114,39
4/13/2015 23:00,-15.1,976.7,17.4,106,40
4/14/2015 0:00,-14.6,976.4,13.9,136,42
4/14/2015 1:00,-15.0,976.4,9.3,72,49
4/14/2015 2:00,-15.1,975.7,6.1,155,50
4/14/2015 3:00,-13.9,975.5,21.5,94,38
4/14/2015 4:00,-14.9,975.3,14.9,126,39
4/14/2015 5:00,-14.1,973.9,11.4,129,40
4/14/2015 6:00,-12.7,973.3,12.0,124,40
4/14/2015 7:00,-13.4,974.5,17.8,100,40
4/14/2015 8:00,-13.4,974.3,18.9,101,38
4/14/2015 9:00,-14.3,973.9,12.2,134,39
4/14/2015 10:00,-14.4,974.2,7.7,62,37
4/14/2015 11:00,-14.6,973.7,8.3,306,36
4/14/2015 12:00,-14.8,974.9,4.2,135,38
4/14/2015 13:00,-14.1,974.3,13.0,156,49
4/14/2015 14:00,-13.3,973.3,8.7,160,48
4/14/2015 15:00,-13.1,972.6,7.4,6,48
4/14/2015 16:00,-13.9,972.6,8.5,147,47
4/14/2015 17:00,-13.6,972.6,6.2,138,46
4/14/2015 18:00,-14.3,972.1,9.9,187,51
4/14/2015 19:00,-14.3,971.4,8.0,164,44
4/14/2015 20:00,-14.0,970.9,8.4,174,43
4/14/2015 21:00,-14.5,969.9,7.4,359,44
4/14/2015 22:00,-13.3,968.5,15.2,172,39
4/14/2015 23:00,-14.5,968.2,7.8,68,44
4/15/2015 0:00,-15.3,967.0,4.8,292,48
4/15/2015 1:00,-15.4,965.7,5.3,191,46
4/15/2015 2:00,-14.9,964.4,3.3,231,42
4/15/2015 3:00,-16.7,963.4,5.1,108,49
4/15/2015 4:00,-16.7,962.5,6.5,67,45
4/15/2015 5:00,-17.6,962.8,8.1,140,54
4/15/2015 6:00,-14.5,961.8,13.9,134,40
4/15/2015 7:00,-13.6,961.1,18.3,152,36
4/15/2015 8:00,-12.9,960.7,6.2,333,36
4/15/2015 9:00,-12.6,960.0,2.6,184,36
4/15/2015 10:00,-13.2,959.6,6.8,147,37
4/15/2015 11:00,-12.3,959.0,6.7,47,40
4/15/2015 12:00,-11.7,958.8,6.1,91,39
4/15/2015 13:00,-12.4,958.2,7.4,130,41
4/15/2015 14:00,-9.7,957.5,4.4,5,33
4/15/2015 15:00,-11.6,956.5,5.8,265,37
4/15/2015 16:00,-14.2,956.0,6.8,59,44
4/15/2015 17:00,-15.1,955.7,7.0,77,42
4/15/2015 18:00,-14.3,955.8,2.7,247,40
4/15/2015 19:00,-16.6,956.2,6.8,301,49
4/15/2015 20:00,-15.4,956.5,6.6,149,38
4/15/2015 21:00,-16.8,957.2,4.8,123,49
4/15/2015 22:00,-16.6,957.7,8.3,136,44
4/15/2015 23:00,-16.5,958.2,5.4,94,43
4/16/2015 0:00,-17.2,958.2,6.3,166,43
4/16/2015 1:00,-17.4,958.3,7.3,274,43
4/16/2015 2:00,-17.5,958.3,7.9,263,42
4/16/2015 3:00,-18.2,959.0,6.5,281,43
4/16/2015 4:00,-19.6,959.0,5.1,357,50
4/16/2015 5:00,-19.6,959.2,5.7,252,52
4/16/2015 6:00,-20.3,959.6,5.1,59,53
4/16/2015 7:00,-20.0,959.9,9.3,278,51
4/16/2015 8:00,-16.7,959.8,8.5,281,40
4/16/2015 9:00,-15.8,959.8,7.7,184,37
4/16/2015 10:00,-17.1,959.7,4.0,148,41
4/16/2015 11:00,-17.1,960.1,2.6,155,39
4/16/2015 12:00,-15.0,960.1,4.5,244,36
4/16/2015 13:00,-14.4,960.5,2.3,323,39
4/16/2015 14:00,-14.4,960.1,6.7,312,38
4/16/2015 15:00,-17.0,960.6,9.9,153,44
4/16/2015 16:00,-17.4,961.1,5.7,101,47
4/16/2015 17:00,-17.0,961.5,14.8,105,43
4/16/2015 18:00,-14.8,962.3,26.3,97,34
4/16/2015 19:00,-14.9,962.5,25.3,118,36
4/16/2015 20:00,-14.4,962.6,21.7,143,35
4/16/2015 21:00,-14.2,963.1,19.1,141,33
4/16/2015 22:00,-13.7,962.8,24.3,134,31
4/16/2015 23:00,-13.1,962.0,28.4,135,29
4/17/2015 0:00,-12.9,961.5,27.9,143,29
4/17/2015 1:00,-12.5,960.8,27.1,145,32
4/17/2015 2:00,-12.0,960.3,24.0,136,31
4/17/2015 3:00,-11.9,959.6,21.8,134,30
4/17/2015 4:00,-11.6,958.7,30.9,136,29
4/17/2015 5:00,-11.8,958.9,24.9,147,29
4/17/2015 6:00,-11.4,959.4,21.7,150,29
4/17/2015 7:00,-11.7,960.2,21.5,162,33
4/17/2015 8:00,-12.6,961.2,20.8,159,36
4/17/2015 9:00,-11.2,961.9,18.8,136,27
4/17/2015 10:00,-11.9,963.0,14.2,112,34
4/17/2015 11:00,-11.8,963.6,11.1,124,33
4/17/2015 12:00,-12.1,964.3,4.9,106,34
4/17/2015 13:00,-11.9,965.0,12.9,95,31
4/17/2015 14:00,-13.1,965.5,5.4,116,37
4/17/2015 15:00,-13.2,965.5,8.6,168,36
4/17/2015 16:00,-13.5,966.0,5.6,131,37
4/17/2015 17:00,-13.7,966.5,7.4,135,35
4/17/2015 18:00,-14.3,966.8,8.2,151,41
4/17/2015 19:00,-14.4,967.1,1.7,138,41
4/17/2015 20:00,-14.7,967.4,4.3,242,41
4/17/2015 21:00,-15.5,967.5,5.3,168,45
4/17/2015 22:00,-16.0,967.3,8.8,179,49
4/17/2015 23:00,-16.2,967.7,4.7,202,47
4/18/2015 0:00,-16.3,967.3,6.7,102,42
4/18/2015 1:00,-15.9,966.6,12.5,164,38
4/18/2015 2:00,-16.1,966.3,2.8,258,43
4/18/2015 3:00,-16.9,965.1,6.3,53,40
4/18/2015 4:00,-17.2,964.7,5.8,79,40
4/18/2015 5:00,-17.6,964.8,3.2,136,45
4/18/2015 6:00,-16.6,964.6,12.3,176,36
4/18/2015 7:00,-17.9,964.9,4.6,130,44
4/18/2015 8:00,-15.2,965.0,8.2,82,33
4/18/2015 9:00,-15.5,964.9,10.6,128,31
4/18/2015 10:00,-14.6,964.9,10.0,125,30
4/18/2015 11:00,-13.6,964.5,6.8,131,27
4/18/2015 12:00,-13.4,964.5,11.3,101,29
4/18/2015 13:00,-13.2,964.3,13.5,90,32
4/18/2015 14:00,-14.1,964.2,13.2,95,42
4/18/2015 15:00,-12.4,963.9,15.3,108,36
4/18/2015 16:00,-13.7,964.0,15.7,115,41
4/18/2015 17:00,-14.4,964.2,15.1,111,45
4/18/2015 18:00,-14.3,964.3,11.3,127,48
4/18/2015 19:00,-14.2,964.4,13.7,113,47
4/18/2015 20:00,-14.2,964.5,12.1,123,51
4/18/2015 21:00,-13.7,964.6,13.0,126,48
4/18/2015 22:00,-13.4,964.4,14.7,114,52
4/18/2015 23:00,-12.6,964.4,15.3,105,50
4/19/2015 0:00,-12.4,964.1,15.5,113,55
4/19/2015 1:00,-11.5,963.5,19.9,132,47
4/19/2015 2:00,-10.6,962.9,20.4,134,42
4/19/2015 3:00,-10.9,963.0,17.2,110,42
4/19/2015 4:00,-11.2,962.9,13.3,105,44
4/19/2015 5:00,-11.5,963.1,15.1,113,47
4/19/2015 6:00,-11.2,963.3,20.5,119,42
4/19/2015 7:00,-10.8,963.3,20.5,126,35
4/19/2015 8:00,-10.4,963.6,20.3,121,34
4/19/2015 9:00,-10.2,963.9,21.3,125,35
4/19/2015 10:00,-9.8,964.0,21.1,129,32
4/19/2015 11:00,-10.1,964.5,20.3,113,38
4/19/2015 12:00,-10.1,964.7,17.7,114,40
4/19/2015 13:00,-9.9,964.9,17.0,111,38
4/19/2015 14:00,-9.8,964.5,14.8,117,43
4/19/2015 15:00,-9.8,964.7,13.1,110,42
4/19/2015 16:00,-9.6,965.0,15.0,111,40
4/19/2015 17:00,-9.2,965.6,15.0,108,36
4/19/2015 18:00,-9.4,966.0,14.0,106,36
4/19/2015 19:00,-9.3,966.1,15.3,126,34
4/19/2015 20:00,-9.3,966.6,15.1,117,36
4/19/2015 21:00,-10.7,967.1,10.2,132,48
4/19/2015 22:00,-10.3,967.2,8.5,57,44
4/19/2015 23:00,-10.5,967.6,8.9,127,39
4/20/2015 0:00,-10.8,967.8,12.3,94,39
4/20/2015 1:00,-10.9,967.9,15.1,110,36
4/20/2015 2:00,-10.6,967.7,11.4,114,36
4/20/2015 3:00,-10.7,967.3,9.4,125,41
4/20/2015 4:00,-10.7,967.7,18.5,160,42
4/20/2015 5:00,-10.9,967.9,16.1,149,39
4/20/2015 6:00,-10.9,968.6,10.8,119,37
4/20/2015 7:00,-11.4,968.8,12.5,134,38
4/20/2015 8:00,-12.6,969.5,10.1,63,45
4/20/2015 9:00,-11.9,969.8,19.4,108,36
4/20/2015 10:00,-10.3,970.0,22.2,116,30
4/20/2015 11:00,-9.8,970.0,22.1,115,32
4/20/2015 12:00,-9.4,969.6,25.0,117,30
4/20/2015 13:00,-9.7,969.8,19.6,134,34
4/20/2015 14:00,-10.3,970.1,21.1,123,32
4/20/2015 15:00,-11.8,970.4,21.8,150,42
4/20/2015 16:00,-13.4,971.3,13.1,119,44
4/20/2015 17:00,-13.7,972.3,15.2,112,39
4/20/2015 18:00,-13.7,972.6,19.0,103,35
4/20/2015 19:00,-14.5,972.9,17.9,158,42
4/20/2015 20:00,-14.4,973.6,14.7,108,38
4/20/2015 21:00,-14.1,973.4,17.6,110,34
4/20/2015 22:00,-14.6,973.9,27.4,113,36
4/20/2015 23:00,-14.6,973.3,17.0,114,40
4/21/2015 0:00,-14.2,974.0,20.8,96,38
4/21/2015 1:00,-14.0,973.5,23.7,106,35
4/21/2015 2:00,-13.7,973.4,17.5,101,35
4/21/2015 3:00,-13.3,973.4,24.1,115,31
4/21/2015 4:00,-13.2,973.7,17.1,101,32
4/21/2015 5:00,-12.6,973.5,15.7,115,32
4/21/2015 6:00,-12.2,973.0,18.7,134,31
4/21/2015 7:00,-12.0,972.5,20.9,138,30
4/21/2015 8:00,-11.4,972.6,19.3,138,29
4/21/2015 9:00,-10.5,972.5,25.4,129,27
4/21/2015 10:00,-9.7,972.6,26.6,131,25
4/21/2015 11:00,-9.1,972.4,28.5,135,25
4/21/2015 12:00,-8.9,972.1,28.1,134,24
4/21/2015 13:00,-8.5,972.1,28.1,134,25
4/21/2015 14:00,-8.8,972.1,22.5,129,25
4/21/2015 15:00,-8.9,972.2,23.6,130,25
4/21/2015 16:00,-8.7,971.8,26.3,135,24
4/21/2015 17:00,-10.1,971.4,27.1,163,29
4/21/2015 18:00,-10.5,970.7,28.3,161,30
4/21/2015 19:00,-10.6,970.3,27.0,170,31
4/21/2015 20:00,-10.6,969.7,30.5,168,31
4/21/2015 21:00,-10.2,969.5,32.1,169,28
4/21/2015 22:00,-10.2,968.8,33.0,168,29
4/21/2015 23:00,-10.1,968.5,30.9,169,27
4/22/2015 0:00,-10.2,968.1,33.9,167,26
4/22/2015 1:00,-10.7,967.8,31.6,169,27
4/22/2015 2:00,-10.7,967.0,29.2,170,27
4/22/2015 3:00,-11.6,966.7,26.6,175,32
4/22/2015 4:00,-11.7,966.1,23.1,167,32
4/22/2015 5:00,-12.2,965.2,28.7,177,33
4/22/2015 6:00,-11.9,964.6,26.7,176,31
4/22/2015 7:00,-11.7,964.1,23.0,167,31
4/22/2015 8:00,-10.8,963.7,30.6,173,29
4/22/2015 9:00,-11.2,963.7,24.3,169,34
4/22/2015 10:00,-11.5,963.7,25.8,167,35
4/22/2015 11:00,-11.7,963.6,31.2,168,35
4/22/2015 12:00,-12.1,964.3,30.6,167,37
4/22/2015 13:00,-12.3,965.1,22.7,173,36
4/22/2015 14:00,-12.0,965.7,24.7,166,34
4/22/2015 15:00,-11.3,965.7,28.5,149,37
4/22/2015 16:00,-10.9,965.9,26.9,143,36
4/22/2015 17:00,-10.4,966.0,28.4,137,35
4/22/2015 18:00,-10.2,966.2,22.9,141,34
4/22/2015 19:00,-10.2,966.6,24.0,134,35
4/22/2015 20:00,-10.3,966.7,23.8,134,35
4/22/2015 21:00,-10.2,966.7,22.3,132,35
4/22/2015 22:00,-10.2,966.5,20.3,131,35
4/22/2015 23:00,-10.6,966.3,23.3,134,34
4/23/2015 0:00,-10.7,966.2,22.0,135,35
4/23/2015 1:00,-10.7,965.8,19.4,124,32
4/23/2015 2:00,-11.1,965.8,27.7,138,32
4/23/2015 3:00,-11.1,965.7,23.8,135,32
4/23/2015 4:00,-11.5,965.7,21.2,135,34
4/23/2015 5:00,-12.3,965.5,20.9,146,36
4/23/2015 6:00,-12.7,965.2,23.4,156,35
4/23/2015 7:00,-12.1,965.3,23.4,143,33
4/23/2015 8:00,-12.1,964.9,18.8,138,32
4/23/2015 9:00,-12.1,965.1,15.7,124,33
4/23/2015 10:00,-12.3,965.4,15.8,134,36
4/23/2015 11:00,-12.1,965.2,18.8,137,34
4/23/2015 12:00,-12.1,965.0,21.6,136,33
4/23/2015 13:00,-12.5,965.1,20.8,140,34
4/23/2015 14:00,-12.2,965.3,21.0,132,30
4/23/2015 15:00,-12.5,965.4,23.6,133,32
4/23/2015 16:00,-12.6,965.8,17.1,122,33
4/23/2015 17:00,-12.4,966.1,20.6,118,30
4/23/2015 18:00,-12.7,966.6,14.9,133,30
4/23/2015 19:00,-12.5,967.2,22.9,128,31
4/23/2015 20:00,-12.6,967.4,20.6,141,34
4/23/2015 21:00,-12.2,968.0,23.8,142,34
4/23/2015 22:00,-11.8,968.8,26.1,134,37
4/23/2015 23:00,-11.5,969.8,25.1,134,40
4/24/2015 0:00,-11.1,970.5,20.3,124,37
4/24/2015 1:00,-10.9,970.7,18.9,143,39
4/24/2015 2:00,-10.7,971.5,17.9,126,40
4/24/2015 3:00,-10.5,971.9,24.2,135,41
4/24/2015 4:00,-10.2,972.6,23.9,136,41
4/24/2015 5:00,-10.1,973.0,23.6,129,43
4/24/2015 6:00,-10.0,973.5,22.1,132,45
4/24/2015 7:00,-9.9,974.3,21.0,130,46
4/24/2015 8:00,-9.8,974.9,21.7,129,43
4/24/2015 9:00,-9.5,975.5,17.5,127,42
4/24/2015 10:00,-9.6,976.0,19.3,137,42
4/24/2015 11:00,-9.6,976.2,19.7,132,37
4/24/2015 12:00,-9.5,976.8,17.0,133,36
4/24/2015 13:00,-9.6,977.3,17.4,115,35
4/24/2015 14:00,-9.9,977.0,16.7,127,34
4/24/2015 15:00,-10.5,977.4,16.1,123,34
4/24/2015 16:00,-10.5,977.0,23.8,140,33
4/24/2015 17:00,-10.3,977.1,23.4,138,31
4/24/2015 18:00,-10.3,977.3,24.7,136,30
4/24/2015 19:00,-10.4,976.9,23.8,140,32
4/24/2015 20:00,-10.3,976.5,25.8,144,31
4/24/2015 21:00,-9.9,976.5,25.3,142,30
4/24/2015 22:00,-10.4,976.6,18.7,126,30
4/24/2015 23:00,-11.2,976.3,28.2,141,32
4/25/2015 0:00,-11.2,975.7,33.3,148,33
4/25/2015 1:00,-11.3,974.8,33.8,151,32
4/25/2015 2:00,-11.1,974.3,32.2,159,33
4/25/2015 3:00,-11.3,974.0,34.5,150,32
4/25/2015 4:00,-11.4,973.6,40.6,152,32
4/25/2015 5:00,-11.2,974.1,35.2,147,33
4/25/2015 6:00,-10.7,974.4,24.2,138,28
4/25/2015 7:00,-10.5,975.2,22.8,125,29
4/25/2015 8:00,-11.0,974.9,23.1,138,31
4/25/2015 9:00,-11.0,975.9,20.5,116,32
4/25/2015 10:00,-10.8,976.1,26.9,112,27
4/25/2015 11:00,-10.9,975.6,24.6,114,34
4/25/2015 12:00,-11.0,975.3,20.2,115,32
4/25/2015 13:00,-10.8,974.6,19.6,118,33
4/25/2015 14:00,-10.8,974.1,24.5,116,30
4/25/2015 15:00,-10.6,973.5,20.7,117,33
4/25/2015 16:00,-9.9,972.9,23.3,118,31
4/25/2015 17:00,-9.8,971.3,30.6,129,29
4/25/2015 18:00,-9.8,970.4,31.6,132,29
4/25/2015 19:00,-9.7,970.0,33.4,132,27
4/25/2015 20:00,-9.6,968.0,34.3,128,27
4/25/2015 21:00,-9.2,967.2,31.8,121,26
4/25/2015 22:00,-8.8,965.6,27.9,124,27
4/25/2015 23:00,-8.4,962.9,37.1,130,25
4/26/2015 0:00,-8.3,962.6,28.9,123,27
4/26/2015 1:00,-8.2,960.4,36.0,137,27
4/26/2015 2:00,-8.0,959.3,35.7,124,26
4/26/2015 3:00,-7.9,958.6,37.8,133,27
4/26/2015 4:00,-8.2,957.1,38.1,134,29
4/26/2015 5:00,-7.8,955.2,46.8,142,31
4/26/2015 6:00,-7.2,954.4,49.6,145,33
4/26/2015 7:00,-6.4,954.4,48.4,148,37
4/26/2015 8:00,-6.4,953.4,49.8,142,53
4/26/2015 9:00,-5.9,953.3,46.4,141,42
4/26/2015 10:00,-5.9,953.3,44.9,145,37
4/26/2015 11:00,-6.1,952.8,47.9,146,32
4/26/2015 12:00,-5.8,951.9,50.5,145,29
4/26/2015 13:00,-5.7,952.1,44.3,141,30
4/26/2015 14:00,-6.1,952.7,44.6,144,32
4/26/2015 15:00,-6.2,952.6,38.8,142,33
4/26/2015 16:00,-6.1,953.0,41.3,140,34
4/26/2015 17:00,-6.0,953.1,36.9,143,37
4/26/2015 18:00,-6.2,953.8,34.8,144,36
4/26/2015 19:00,-6.2,953.3,37.2,145,38
4/26/2015 20:00,-6.1,953.7,35.4,140,39
4/26/2015 21:00,-6.3,954.1,36.6,132,40
4/26/2015 22:00,-6.5,954.1,38.5,130,42
4/26/2015 23:00,-6.5,954.5,39.0,130,41
4/27/2015 0:00,-6.5,954.8,39.9,141,42
4/27/2015 1:00,-6.6,955.2,41.5,146,43
4/27/2015 2:00,-6.5,954.9,44.8,142,40
4/27/2015 3:00,-6.7,955.2,43.3,142,41
4/27/2015 4:00,-6.8,955.6,40.3,141,42
4/27/2015 5:00,-6.7,956.5,37.6,136,42
4/27/2015 6:00,-6.6,957.5,35.5,140,42
4/27/2015 7:00,-6.6,958.0,39.0,142,41
4/27/2015 8:00,-6.4,958.2,39.7,144,39
4/27/2015 9:00,-6.6,958.0,42.2,145,39
4/27/2015 10:00,-6.7,958.2,45.7,147,38
4/27/2015 11:00,-6.2,958.6,48.6,148,36
4/27/2015 12:00,-6.0,958.3,43.8,146,36
4/27/2015 13:00,-5.8,958.1,45.4,148,37
4/27/2015 14:00,-5.9,958.7,43.1,146,37
4/27/2015 15:00,-6.0,959.6,43.0,147,37
4/27/2015 16:00,-5.8,959.8,45.8,151,38
4/27/2015 17:00,-5.6,960.0,36.8,150,39
4/27/2015 18:00,-5.1,960.1,33.7,151,37
4/27/2015 19:00,-4.8,960.2,40.4,156,37
4/27/2015 20:00,-4.4,960.2,39.4,153,35
4/27/2015 21:00,-4.8,960.3,35.8,151,36
4/27/2015 22:00,-4.2,960.1,38.3,150,33
4/27/2015 23:00,-5.0,960.8,28.4,152,40
4/28/2015 0:00,-4.9,960.6,42.7,162,35
4/28/2015 1:00,-6.8,961.0,34.1,168,39
4/28/2015 2:00,-6.3,961.1,34.6,167,36
4/28/2015 3:00,-6.4,961.2,34.2,168,35
4/28/2015 4:00,-6.5,961.4,32.2,168,36
4/28/2015 5:00,-6.2,961.4,31.5,168,35
4/28/2015 6:00,-5.8,961.6,30.4,167,34
4/28/2015 7:00,-5.5,962.2,30.8,164,33
4/28/2015 8:00,-5.7,962.4,29.9,168,34
4/28/2015 9:00,-5.7,962.7,24.7,165,35
4/28/2015 10:00,-6.0,963.4,22.3,174,36
4/28/2015 11:00,-6.3,964.3,22.0,176,38
4/28/2015 12:00,-7.5,964.5,22.7,179,42
4/28/2015 13:00,-7.3,964.9,20.3,180,45
4/28/2015 14:00,-7.9,965.1,23.9,178,41
4/28/2015 15:00,-8.2,965.6,24.0,181,41
4/28/2015 16:00,-8.3,966.1,22.6,182,44
4/28/2015 17:00,-8.4,966.6,23.2,183,44
4/28/2015 18:00,-8.1,967.3,23.0,177,40
4/28/2015 19:00,-8.1,967.4,21.9,177,38
4/28/2015 20:00,-8.4,968.1,22.5,177,40
4/28/2015 21:00,-9.0,968.3,21.4,183,41
4/28/2015 22:00,-10.2,968.6,24.1,184,43
4/28/2015 23:00,-10.7,968.6,24.4,184,40
4/29/2015 0:00,-11.1,969.0,25.7,184,42
4/29/2015 1:00,-11.6,969.2,24.4,185,45
4/29/2015 2:00,-10.6,969.2,21.6,186,41
4/29/2015 3:00,-11.6,969.7,6.5,313,42
4/29/2015 4:00,-11.1,969.5,17.6,182,38
4/29/2015 5:00,-11.2,969.5,16.2,181,37
4/29/2015 6:00,-13.0,969.5,20.2,184,44
4/29/2015 7:00,-12.6,969.5,18.6,182,39
4/29/2015 8:00,-12.2,969.7,15.7,178,39
4/29/2015 9:00,-12.3,969.7,12.5,173,39
4/29/2015 10:00,-12.1,969.7,15.5,180,42
4/29/2015 11:00,-12.2,969.6,16.7,184,44
4/29/2015 12:00,-11.9,969.4,10.0,180,44
4/29/2015 13:00,-10.9,969.4,4.1,33,42
4/29/2015 14:00,-12.3,969.0,3.9,66,45
4/29/2015 15:00,-14.4,968.6,5.2,99,54
4/29/2015 16:00,-14.9,968.4,5.7,172,57
4/29/2015 17:00,-13.9,968.0,11.6,191,49
4/29/2015 18:00,-15.1,967.6,19.6,187,52
4/29/2015 19:00,-14.5,967.6,3.5,119,50
4/29/2015 20:00,-14.2,967.2,11.3,191,48
4/29/2015 21:00,-14.9,967.0,4.8,38,51
4/29/2015 22:00,-13.8,966.6,6.5,97,46
4/29/2015 23:00,-14.9,966.6,3.8,214,50
4/30/2015 0:00,-14.3,966.6,5.8,8,47
4/30/2015 1:00,-15.7,966.7,5.7,233,52
4/30/2015 2:00,-15.2,966.2,4.5,127,46
4/30/2015 3:00,-14.2,965.6,9.8,179,39
4/30/2015 4:00,-14.3,965.4,5.1,135,36
4/30/2015 5:00,-16.3,965.6,6.8,240,49
4/30/2015 6:00,-16.5,965.9,5.5,198,49
4/30/2015 7:00,-16.1,966.1,7.1,207,48
4/30/2015 8:00,-15.3,965.7,4.4,166,43
4/30/2015 9:00,-15.7,965.9,5.8,180,43
4/30/2015 10:00,-15.8,965.7,7.4,193,46
4/30/2015 11:00,-15.1,965.6,1.8,42,43
4/30/2015 12:00,-14.5,965.6,3.8,112,41
4/30/2015 13:00,-13.7,965.3,5.8,248,39
4/30/2015 14:00,-14.0,965.1,8.3,57,38
4/30/2015 15:00,-16.1,965.3,9.5,266,49
4/30/2015 16:00,-16.2,965.1,7.4,272,49
4/30/2015 17:00,-16.3,965.2,6.4,241,53
4/30/2015 18:00,-15.6,965.1,5.3,222,49
4/30/2015 19:00,-14.9,965.2,12.6,101,41
4/30/2015 20:00,-14.0,964.9,11.8,119,42
4/30/2015 21:00,-13.9,964.7,12.5,117,41
4/30/2015 22:00,-13.2,964.4,13.1,124,38
4/30/2015 23:00,-13.6,964.4,15.6,125,36
5/1/2015 9:00,-16.1,959.0,21.2,183,36
5/1/2015 10:00,-16.7,958.2,18.5,185,39
5/1/2015 11:00,-17.0,957.4,23.6,192,37
5/1/2015 12:00,-16.5,956.3,15.7,195,36
5/1/2015 13:00,-16.4,955.0,9.8,180,36
5/1/2015 14:00,-16.8,953.5,22.9,186,36
5/1/2015 15:00,-17.6,952.8,16.6,186,39
5/1/2015 16:00,-17.7,951.5,18.0,191,38
5/1/2015 17:00,-18.0,950.4,16.1,195,39
5/1/2015 18:00,-18.5,949.2,18.3,191,38
5/1/2015 19:00,-18.2,947.8,16.1,189,40
5/1/2015 20:00,-17.6,946.8,11.0,183,39
5/1/2015 21:00,-17.9,946.0,16.2,187,36
5/1/2015 22:00,-17.9,944.9,21.8,179,35
5/1/2015 23:00,-17.8,944.1,23.1,180,34
5/2/2015 0:00,-16.2,942.9,21.5,178,31
5/2/2015 1:00,-16.2,942.4,5.8,116,33
5/2/2015 2:00,-16.6,941.4,8.5,161,36
5/2/2015 3:00,-16.1,940.6,7.5,109,38
5/2/2015 4:00,-20.4,940.0,6.9,102,50
5/2/2015 5:00,-20.6,939.4,6.2,108,51
5/2/2015 6:00,-21.3,938.9,6.8,84,54
5/2/2015 7:00,-21.4,938.6,4.0,109,56
5/2/2015 8:00,-21.3,938.4,6.6,74,60
5/2/2015 9:00,-21.6,938.0,4.9,80,65
5/2/2015 10:00,-21.9,937.7,5.0,23,66
5/2/2015 11:00,-23.5,937.7,6.1,354,67
5/2/2015 12:00,-23.1,938.4,10.1,98,67
5/2/2015 13:00,-21.6,940.5,16.4,110,72
5/2/2015 14:00,-21.8,943.1,17.1,112,70
5/2/2015 15:00,-21.8,946.3,16.4,108,73
5/2/2015 16:00,-21.0,948.7,12.4,137,74
5/2/2015 17:00,-18.8,950.1,14.3,163,73
5/2/2015 18:00,-17.8,951.3,17.4,166,74
5/2/2015 19:00,-17.1,952.4,16.8,161,75
5/2/2015 20:00,-17.0,953.2,18.6,159,79
5/2/2015 21:00,-17.2,954.1,22.3,167,74
5/2/2015 22:00,-16.9,954.7,21.9,169,71
5/2/2015 23:00,-16.7,954.6,24.3,168,69
5/3/2015 0:00,-16.5,956.0,15.8,131,67
5/3/2015 1:00,-16.4,956.3,19.0,138,72
5/3/2015 2:00,-17.0,956.9,15.7,124,72
5/3/2015 3:00,-17.0,957.0,21.6,141,70
5/3/2015 4:00,-16.6,956.7,19.9,144,69
5/3/2015 5:00,-16.1,956.2,21.3,151,70
5/3/2015 6:00,-16.0,956.3,20.4,140,72
5/3/2015 7:00,-15.7,956.3,17.6,117,71
5/3/2015 8:00,-15.1,956.0,20.6,133,66
5/3/2015 9:00,-15.4,956.1,19.6,132,66
5/3/2015 10:00,-15.4,955.8,22.4,143,66
5/3/2015 11:00,-15.0,954.9,26.1,140,77
5/3/2015 12:00,-14.5,954.1,29.0,142,75
5/3/2015 13:00,-14.2,954.1,25.7,140,73
5/3/2015 14:00,-14.2,953.7,28.1,135,75
5/3/2015 15:00,-14.3,953.5,29.8,135,72
5/3/2015 16:00,-14.4,953.3,27.5,136,71
5/3/2015 17:00,-14.3,953.5,24.2,129,69
5/3/2015 18:00,-14.3,953.8,24.5,135,68
5/3/2015 19:00,-14.4,953.8,26.7,134,68
5/3/2015 20:00,-14.6,953.5,28.7,139,66
5/3/2015 21:00,-14.4,953.4,28.4,135,61
5/3/2015 22:00,-14.3,953.6,28.1,136,59
5/3/2015 23:00,-14.5,953.7,23.9,128,63
5/4/2015 0:00,-14.1,953.7,26.6,129,60
5/4/2015 1:00,-13.7,954.0,26.4,128,55
5/4/2015 2:00,-13.6,954.0,16.6,126,57
5/4/2015 3:00,-13.4,954.2,23.7,128,57
5/4/2015 4:00,-12.8,953.9,22.5,139,51
5/4/2015 5:00,-13.2,954.3,25.7,141,50
5/4/2015 6:00,-12.8,954.9,35.0,140,47
5/4/2015 7:00,-12.3,955.6,30.6,140,43
5/4/2015 8:00,-12.3,956.6,32.8,139,42
5/4/2015 9:00,-12.4,957.5,33.9,142,41
5/4/2015 10:00,-12.0,958.1,32.2,139,39
5/4/2015 11:00,-12.0,959.0,26.6,144,41
5/4/2015 12:00,-12.2,960.0,28.0,161,44
5/4/2015 13:00,-12.5,961.0,29.9,148,46
5/4/2015 14:00,-12.1,961.8,28.7,159,40
5/4/2015 15:00,-13.3,962.1,27.8,152,45
5/4/2015 16:00,-13.6,962.9,30.2,150,47
5/4/2015 17:00,-13.6,964.1,27.3,157,47
5/4/2015 18:00,-13.0,965.1,29.8,158,42
5/4/2015 19:00,-12.8,965.4,33.1,160,43
5/4/2015 20:00,-12.6,966.1,33.2,166,43
5/4/2015 21:00,-12.0,967.0,32.5,161,39
5/4/2015 22:00,-12.8,967.7,27.4,161,46
5/4/2015 23:00,-12.4,968.6,24.4,163,45
5/5/2015 0:00,-11.6,969.1,26.6,158,44
5/5/2015 1:00,-11.0,969.9,32.3,162,44
5/5/2015 2:00,-10.7,969.7,30.4,169,46
5/5/2015 3:00,-9.6,970.5,35.8,167,43
5/5/2015 4:00,-9.5,970.1,30.0,171,46
5/5/2015 5:00,-9.2,970.4,32.9,171,45
5/5/2015 6:00,-9.5,971.1,28.6,177,43
5/5/2015 7:00,-9.9,970.7,34.5,174,42
5/5/2015 8:00,-9.4,970.8,36.6,171,39
5/5/2015 9:00,-9.0,971.3,32.3,173,37
5/5/2015 10:00,-10.0,971.6,32.4,178,40
5/5/2015 11:00,-10.6,971.4,29.9,177,45
5/5/2015 12:00,-10.6,971.4,34.8,178,43
5/5/2015 13:00,-8.8,971.8,35.1,167,37
5/5/2015 14:00,-9.2,971.1,31.8,178,41
5/5/2015 15:00,-9.1,970.5,34.0,178,40
5/5/2015 16:00,-8.4,969.9,33.1,177,37
5/5/2015 17:00,-8.8,969.7,29.9,178,38
5/5/2015 18:00,-8.4,969.1,31.6,178,35
5/5/2015 19:00,-8.6,968.2,33.0,177,36
5/5/2015 20:00,-7.6,967.9,32.4,173,33
5/5/2015 21:00,-7.4,967.0,36.6,168,35
5/5/2015 22:00,-6.5,966.9,34.0,168,35
5/5/2015 23:00,-7.1,966.3,34.3,167,44
5/6/2015 0:00,-6.4,965.7,30.4,153,45
5/6/2015 1:00,-4.2,964.9,34.7,149,37
5/6/2015 2:00,-4.1,963.6,34.0,148,38
5/6/2015 3:00,-4.1,962.6,35.2,146,39
5/6/2015 4:00,-4.3,961.8,35.5,143,41
5/6/2015 5:00,-4.5,961.6,41.5,147,42
5/6/2015 6:00,-4.6,961.2,36.5,144,42
5/6/2015 7:00,-4.5,960.6,43.0,147,42
5/6/2015 8:00,-4.1,959.6,42.4,149,41
5/6/2015 9:00,-3.8,958.8,40.8,145,40
5/6/2015 10:00,-3.8,957.9,46.1,148,39
5/6/2015 11:00,-3.3,957.1,43.3,148,41
5/6/2015 12:00,-3.7,956.8,42.4,148,43
5/6/2015 13:00,-4.1,956.7,39.6,143,49
5/6/2015 14:00,-4.5,956.5,34.1,141,54
5/6/2015 15:00,-4.7,956.7,32.6,136,58
5/6/2015 16:00,-5.2,956.9,33.3,138,64
5/6/2015 17:00,-5.4,957.1,32.1,144,64
5/6/2015 18:00,-5.6,957.1,29.3,142,69
5/6/2015 19:00,-5.9,957.6,33.7,135,73
5/6/2015 20:00,-6.2,958.1,30.9,137,73
5/6/2015 21:00,-6.3,958.3,30.1,137,76
5/6/2015 22:00,-6.4,958.4,29.0,120,76
5/6/2015 23:00,-6.4,958.2,31.0,137,75
5/7/2015 0:00,-6.2,958.1,30.1,141,73
5/7/2015 1:00,-6.1,957.9,27.8,124,74
5/7/2015 2:00,-6.2,958.2,26.0,145,70
5/7/2015 3:00,-6.7,957.9,34.0,130,85
5/7/2015 4:00,-6.9,958.0,34.0,129,84
5/7/2015 5:00,-7.0,958.6,36.5,130,79
5/7/2015 6:00,-6.7,959.4,33.6,129,73
5/7/2015 7:00,-6.8,960.6,31.0,116,71
5/7/2015 8:00,-7.0,961.5,29.3,128,68
5/7/2015 9:00,-7.0,962.3,30.7,144,65
5/7/2015 10:00,-6.8,962.8,26.9,134,64
5/7/2015 11:00,-6.9,963.1,24.8,127,61
5/7/2015 12:00,-6.9,963.7,26.7,129,59
5/7/2015 13:00,-6.9,964.3,24.4,122,61
5/7/2015 14:00,-6.9,964.1,26.1,130,64
5/7/2015 15:00,-6.9,964.4,28.4,123,62
5/7/2015 16:00,-7.1,964.6,28.5,127,60
5/7/2015 17:00,-7.1,965.6,26.2,128,59
5/7/2015 18:00,-7.2,966.0,24.1,128,63
5/7/2015 19:00,-7.2,966.5,24.5,128,64
5/7/2015 20:00,-7.5,967.2,26.2,128,66
5/7/2015 21:00,-7.4,967.7,25.4,124,65
5/7/2015 22:00,-7.5,968.6,26.0,119,67
5/7/2015 23:00,-7.7,968.7,24.6,130,67
5/8/2015 0:00,-7.6,969.0,29.3,128,61
5/8/2015 1:00,-7.2,969.1,32.0,131,49
5/8/2015 2:00,-7.1,969.5,30.5,129,47
5/8/2015 3:00,-7.0,970.3,27.0,125,46
5/8/2015 4:00,-7.1,970.6,28.1,131,47
5/8/2015 5:00,-6.8,970.9,27.6,131,46
5/8/2015 6:00,-7.1,971.9,26.0,129,47
5/8/2015 7:00,-7.1,972.4,24.0,133,46
5/8/2015 8:00,-7.1,972.6,26.3,130,43
5/8/2015 9:00,-6.9,973.2,21.4,127,44
5/8/2015 10:00,-6.9,973.8,26.4,118,44
5/8/2015 11:00,-7.2,974.0,23.6,117,47
5/8/2015 12:00,-6.8,974.2,22.9,119,43
5/8/2015 13:00,-6.8,974.6,19.0,120,42
5/8/2015 14:00,-6.9,974.9,19.5,127,42
5/8/2015 15:00,-7.1,975.3,18.8,129,45
5/8/2015 16:00,-7.2,975.5,14.0,125,44
5/8/2015 17:00,-7.3,975.7,16.6,106,45
5/8/2015 18:00,-7.5,975.8,16.9,96,46
5/8/2015 19:00,-7.9,976.1,10.2,127,53
5/8/2015 20:00,-8.0,976.1,7.6,97,50
5/8/2015 21:00,-8.6,976.3,4.6,4,52
5/8/2015 22:00,-9.0,976.4,1.6,128,51
5/8/2015 23:00,-9.2,976.4,6.5,227,53
5/9/2015 0:00,-9.3,976.3,5.9,36,51
5/9/2015 1:00,-9.3,976.3,7.7,238,52
5/9/2015 2:00,-10.3,976.2,11.6,225,55
5/9/2015 3:00,-11.1,976.3,8.6,258,56
5/9/2015 4:00,-11.9,976.1,10.2,266,57
5/9/2015 5:00,-11.6,976.1,15.1,218,51
5/9/2015 6:00,-13.0,976.0,16.5,201,53
5/9/2015 7:00,-13.3,976.4,5.1,177,55
5/9/2015 8:00,-13.0,976.3,8.2,31,52
5/9/2015 9:00,-13.3,975.8,10.1,254,54
5/9/2015 10:00,-14.1,975.8,8.2,103,59
5/9/2015 11:00,-14.7,976.0,5.2,128,58
5/9/2015 12:00,-14.5,976.0,5.7,207,56
5/9/2015 13:00,-14.3,976.3,5.5,219,52
5/9/2015 14:00,-15.4,976.2,8.1,194,56
5/9/2015 15:00,-15.1,976.1,6.4,261,53
5/9/2015 16:00,-14.6,976.2,6.3,189,48
5/9/2015 17:00,-15.2,976.0,5.1,275,50
5/9/2015 18:00,-15.4,976.1,5.6,80,50
5/9/2015 19:00,-16.0,975.8,6.3,255,53
5/9/2015 20:00,-16.7,975.8,5.9,84,55
5/9/2015 21:00,-16.4,975.7,6.7,250,57
5/9/2015 22:00,-16.3,976.0,11.4,202,52
5/9/2015 23:00,-16.0,975.9,6.8,241,50
5/10/2015 0:00,-8.1,976.1,61.3,298,88
5/10/2015 1:00,-7.6,975.5,58.2,300,82
5/10/2015 2:00,-8.0,975.7,47.9,286,81
5/10/2015 3:00,-7.7,976.3,62.6,298,67
5/10/2015 4:00,-7.6,977.1,63.6,298,63
5/10/2015 5:00,-7.8,977.3,63.3,298,63
5/10/2015 6:00,-7.6,977.2,63.2,301,61
5/10/2015 7:00,-7.5,976.9,63.3,298,56
5/10/2015 8:00,-7.3,976.5,61.3,298,56
5/10/2015 9:00,-7.2,976.2,61.3,298,56
5/10/2015 10:00,-7.1,976.1,61.3,298,56
5/10/2015 11:00,-7.0,976.1,61.9,301,60
5/10/2015 12:00,-7.1,976.2,61.9,298,59
5/10/2015 13:00,-7.2,976.3,63.3,298,59
5/10/2015 14:00,-7.5,975.8,63.9,298,58
5/10/2015 15:00,-7.5,975.6,64.1,298,59
5/10/2015 16:00,-7.6,975.6,46.9,315,57
5/10/2015 17:00,-7.9,975.6,62.6,298,58
5/10/2015 18:00,-8.2,975.9,61.3,298,59
5/10/2015 19:00,-8.2,976.1,61.9,298,56
5/10/2015 20:00,-8.3,976.7,62.0,301,55
5/10/2015 21:00,-8.5,977.4,29.8,281,54
5/10/2015 22:00,-9.0,977.9,62.8,298,60
5/10/2015 23:00,-8.8,978.5,62.3,297,56
5/11/2015 0:00,-10.9,972.2,56.7,296,90
5/11/2015 1:00,-10.8,954.0,36.5,130,35
5/11/2015 2:00,-10.6,971.7,61.9,298,91
5/11/2015 3:00,-10.4,971.3,63.9,298,91
5/11/2015 4:00,-10.2,970.9,62.6,298,91
5/11/2015 5:00,-9.6,945.9,53.2,136,45
5/11/2015 6:00,-8.6,944.1,55.4,138,44
5/11/2015 7:00,-8.0,943.5,68.3,150,47
5/11/2015 8:00,-8.4,944.4,46.3,137,55
5/11/2015 9:00,-8.7,944.1,41.3,129,60
5/11/2015 10:00,-8.3,944.1,38.0,124,57
5/11/2015 11:00,-8.7,944.0,42.6,136,58
5/11/2015 12:00,-8.6,944.3,43.2,135,53
5/11/2015 13:00,-8.2,944.8,40.1,135,51
5/11/2015 14:00,-8.2,945.2,38.9,144,53
5/11/2015 15:00,-7.9,943.6,47.8,142,52
5/11/2015 16:00,-7.5,942.2,53.3,142,54
5/11/2015 17:00,-7.4,942.2,50.5,144,59
5/11/2015 18:00,-7.4,942.7,47.7,145,60
5/11/2015 19:00,-6.8,942.3,45.7,144,55
5/11/2015 20:00,-6.7,942.5,50.7,144,55
5/11/2015 21:00,-6.6,943.3,42.2,141,56
5/11/2015 22:00,-6.8,944.4,46.5,145,62
5/11/2015 23:00,-6.9,945.4,47.2,143,67
5/12/2015 0:00,-2.7,956.8,18.5,150,57
5/12/2015 1:00,-2.1,956.4,17.4,113,52
5/12/2015 2:00,-1.6,955.8,21.7,124,44
5/12/2015 3:00,-1.5,955.1,27.1,146,39
5/12/2015 4:00,-1.5,955.2,25.6,149,36
5/12/2015 5:00,-1.7,955.0,25.5,140,37
5/12/2015 6:00,-1.6,954.0,26.1,136,36
5/12/2015 7:00,-1.5,953.4,25.5,136,35
5/12/2015 8:00,-1.0,952.9,26.3,124,37
5/12/2015 9:00,-0.2,952.3,19.0,139,41
5/12/2015 10:00,0.0,951.6,22.8,125,41
5/12/2015 11:00,1.1,951.0,22.5,99,37
5/12/2015 12:00,0.2,950.3,24.4,96,40
5/12/2015 13:00,0.4,949.7,21.3,100,44
5/12/2015 14:00,0.5,949.1,21.5,96,43
5/12/2015 15:00,0.6,948.5,21.0,96,45
5/12/2015 16:00,0.5,947.9,21.9,99,43
5/12/2015 17:00,0.2,947.5,20.5,102,46
5/12/2015 18:00,-0.2,947.1,23.1,112,46
5/12/2015 19:00,-0.7,946.8,16.7,115,50
5/12/2015 20:00,-1.1,946.6,18.8,127,46
5/12/2015 21:00,-1.5,946.3,20.0,127,45
5/12/2015 22:00,-2.0,946.1,23.5,134,45
5/12/2015 23:00,-2.4,946.0,26.9,136,42
5/13/2015 0:00,-9.7,964.8,26.3,118,90
5/13/2015 1:00,-10.0,965.2,24.5,117,90
5/13/2015 2:00,-10.1,965.3,22.3,114,90
5/13/2015 3:00,-10.3,965.6,20.0,121,90
5/13/2015 4:00,-10.5,965.1,19.8,111,90
5/13/2015 5:00,-10.5,964.3,25.2,119,90
5/13/2015 6:00,-10.6,964.0,26.6,131,90
5/13/2015 7:00,-10.6,963.6,26.8,134,90
5/13/2015 8:00,-10.3,962.9,27.5,128,90
5/13/2015 9:00,-10.1,962.3,28.1,135,90
5/13/2015 10:00,-9.9,962.0,24.8,134,90
5/13/2015 11:00,-10.1,962.2,22.8,140,90
5/13/2015 12:00,-10.3,961.9,22.0,129,89
5/13/2015 13:00,-10.9,961.7,18.3,138,89
5/13/2015 14:00,-11.4,961.1,18.9,143,89
5/13/2015 15:00,-11.6,960.9,18.8,163,88
5/13/2015 16:00,-12.0,960.5,22.8,167,88
5/13/2015 17:00,-12.2,959.9,23.4,167,88
5/13/2015 18:00,-12.7,959.2,25.2,170,87
5/13/2015 19:00,-12.8,958.9,26.9,167,87
5/13/2015 20:00,-12.8,959.0,12.5,151,87
5/13/2015 21:00,-12.7,958.5,6.4,342,87
5/13/2015 22:00,-13.4,958.1,2.9,188,87
5/13/2015 23:00,-14.0,958.1,7.7,357,87
5/14/2015 0:00,-15.1,957.8,2.7,254,86
5/14/2015 1:00,-15.6,957.6,9.4,240,85
5/14/2015 2:00,-14.7,956.9,6.2,91,86
5/14/2015 3:00,-14.4,955.9,20.7,169,86
5/14/2015 4:00,-14.0,955.8,19.1,158,86
5/14/2015 5:00,-14.6,955.4,22.9,171,85
5/14/2015 6:00,-14.6,955.1,21.8,154,85
5/14/2015 7:00,-14.9,955.0,21.1,151,85
5/14/2015 8:00,-14.7,955.1,18.8,149,85
5/14/2015 9:00,-15.0,955.8,20.4,158,84
5/14/2015 10:00,-16.4,957.1,15.8,132,83
5/14/2015 11:00,-17.0,957.5,17.5,133,83
5/14/2015 12:00,-16.9,958.3,13.8,131,83
5/14/2015 13:00,-17.3,958.9,14.6,135,82
5/14/2015 14:00,-18.0,959.6,16.4,127,81
5/14/2015 15:00,-18.3,960.6,15.4,143,81
5/14/2015 16:00,-18.1,960.9,16.3,176,81
5/14/2015 17:00,-18.1,961.1,18.4,176,80
5/14/2015 18:00,-17.7,961.3,21.3,177,79
5/14/2015 19:00,-16.7,961.7,24.3,167,79
5/14/2015 20:00,-16.4,962.2,23.5,169,79
5/14/2015 21:00,-15.6,962.6,24.1,168,79
5/14/2015 22:00,-15.5,963.1,24.0,168,82
5/14/2015 23:00,-15.5,963.3,26.3,164,81
5/15/2015 0:00,-15.5,963.7,23.3,163,81
5/15/2015 1:00,-15.4,964.1,20.5,148,80
5/15/2015 2:00,-14.9,964.6,22.7,162,81
5/15/2015 3:00,-14.8,964.6,22.5,157,79
5/15/2015 4:00,-14.3,965.1,16.5,115,78
5/15/2015 5:00,-14.5,966.0,15.8,116,78
5/15/2015 6:00,-14.9,966.5,15.5,116,79
5/15/2015 7:00,-15.2,967.3,17.6,113,79
5/15/2015 8:00,-15.2,967.6,18.0,119,78
5/15/2015 9:00,-14.8,968.0,24.2,118,76
5/15/2015 10:00,-14.9,968.8,21.7,122,75
5/15/2015 11:00,-15.3,970.4,18.0,76,80
5/15/2015 12:00,-15.8,971.1,18.9,94,80
5/15/2015 13:00,-15.3,971.4,22.9,114,78
5/15/2015 14:00,-15.6,972.2,21.5,94,79
5/15/2015 15:00,-15.7,972.8,17.5,91,81
5/15/2015 16:00,-14.5,973.4,17.2,87,78
5/15/2015 17:00,-13.4,973.7,13.0,116,74
5/15/2015 18:00,-12.9,973.9,19.0,126,72
5/15/2015 19:00,-13.2,974.0,22.1,153,71
5/15/2015 20:00,-13.5,973.9,25.7,162,67
5/15/2015 21:00,-13.1,974.2,23.2,155,62
5/15/2015 22:00,-13.0,974.3,24.2,171,58
5/15/2015 23:00,-12.8,974.7,25.3,173,55
5/16/2015 0:00,-13.2,975.0,23.6,173,55
5/16/2015 1:00,-12.3,975.5,21.5,171,51
5/16/2015 2:00,-12.4,975.8,21.8,171,47
5/16/2015 3:00,-12.2,976.0,17.7,173,45
5/16/2015 4:00,-12.5,976.6,16.4,174,44
5/16/2015 5:00,-11.7,977.3,12.7,164,45
5/16/2015 6:00,-12.1,977.9,9.1,142,49
5/16/2015 7:00,-13.1,977.8,13.8,180,46
5/16/2015 8:00,-14.9,977.8,16.3,184,49
5/16/2015 9:00,-15.6,977.8,16.3,192,51
5/16/2015 10:00,-16.2,977.7,18.6,196,53
5/16/2015 11:00,-16.6,978.0,7.3,282,60
5/16/2015 12:00,-16.5,977.6,14.3,202,55
5/16/2015 13:00,-17.8,977.7,7.7,84,68
5/16/2015 14:00,-18.3,977.8,7.2,82,68
5/16/2015 15:00,-18.4,977.9,5.5,250,67
5/16/2015 16:00,-18.4,978.0,5.1,135,55
5/16/2015 17:00,-18.6,977.7,10.8,279,61
5/16/2015 18:00,-18.6,977.2,8.4,146,54
5/16/2015 19:00,-19.1,976.8,6.3,120,57
5/16/2015 20:00,-20.1,976.4,7.6,117,63
5/16/2015 21:00,-18.9,975.9,6.1,131,56
5/16/2015 22:00,-19.2,975.1,3.4,174,53
5/16/2015 23:00,-19.6,974.9,5.8,132,55
5/17/2015 0:00,-20.1,974.3,1.4,72,60
5/17/2015 1:00,-19.1,973.5,6.6,197,48
5/17/2015 2:00,-21.2,972.9,3.6,239,60
5/17/2015 3:00,-20.9,972.0,4.4,79,60
5/17/2015 4:00,-19.1,971.0,7.0,324,47
5/17/2015 5:00,-19.6,970.4,12.3,192,47
5/17/2015 6:00,-20.4,969.6,7.2,199,52
5/17/2015 7:00,-21.1,969.3,4.6,21,56
5/17/2015 8:00,-18.1,968.6,7.6,177,44
5/17/2015 9:00,-21.7,968.1,3.8,263,57
5/17/2015 10:00,-15.2,966.7,13.5,174,41
5/17/2015 11:00,-15.0,966.5,5.3,195,42
5/17/2015 12:00,-16.4,966.6,10.6,338,41
5/17/2015 13:00,-17.4,966.1,6.1,322,45
5/17/2015 14:00,-14.8,965.6,13.0,3,36
5/17/2015 15:00,-14.6,965.7,8.8,31,34
5/17/2015 16:00,-16.0,965.7,7.2,329,37
5/17/2015 17:00,-16.5,965.6,11.3,269,45
5/17/2015 18:00,-15.7,966.2,10.5,275,40
5/17/2015 19:00,-16.0,966.6,6.9,200,42
5/17/2015 20:00,-11.9,966.8,10.6,140,38
5/17/2015 21:00,-11.8,967.1,19.3,129,37
5/17/2015 22:00,-11.5,966.7,23.9,158,35
5/17/2015 23:00,-10.9,966.5,28.3,170,35
5/18/2015 0:00,-10.4,967.5,26.8,157,33
5/18/2015 1:00,-10.5,967.0,27.6,166,34
5/18/2015 2:00,-11.7,967.7,14.4,141,37
5/18/2015 3:00,-11.1,969.0,18.6,117,35
5/18/2015 4:00,-10.7,968.4,24.3,142,31
5/18/2015 5:00,-10.6,968.5,22.5,138,31
5/18/2015 6:00,-10.6,969.0,24.1,137,33
5/18/2015 7:00,-10.5,969.4,20.9,131,32
5/18/2015 8:00,-10.6,969.8,21.7,135,34
5/18/2015 9:00,-10.2,969.8,21.5,133,32
5/18/2015 10:00,-10.6,970.5,18.7,134,33
5/18/2015 11:00,-10.6,970.6,20.7,136,31
5/18/2015 12:00,-10.3,971.0,21.7,115,32
5/18/2015 13:00,-10.5,971.2,18.8,131,32
5/18/2015 14:00,-10.6,971.0,19.2,129,32
5/18/2015 15:00,-11.2,971.7,18.7,113,35
5/18/2015 16:00,-10.7,971.9,20.8,111,34
5/18/2015 17:00,-10.7,971.5,16.8,124,35
5/18/2015 18:00,-10.5,971.3,20.9,121,32
5/18/2015 19:00,-10.7,972.6,17.2,97,33
5/18/2015 20:00,-10.9,973.0,18.4,108,32
5/18/2015 21:00,-11.1,973.5,17.1,108,34
5/18/2015 22:00,-11.0,973.6,19.3,103,31
5/18/2015 23:00,-12.1,973.1,11.0,117,37
5/19/2015 0:00,-11.8,973.2,15.7,110,34
5/19/2015 1:00,-11.7,973.2,10.9,59,34
5/19/2015 2:00,-12.0,972.9,9.6,54,35
5/19/2015 3:00,-12.0,972.3,9.5,92,35
5/19/2015 4:00,-11.6,971.9,12.3,95,33
5/19/2015 5:00,-12.0,972.2,9.4,43,36
5/19/2015 6:00,-13.2,971.7,2.7,161,38
5/19/2015 7:00,-13.8,971.0,7.9,236,40
5/19/2015 8:00,-13.9,970.2,6.6,64,41
5/19/2015 9:00,-10.8,969.7,12.8,118,33
5/19/2015 10:00,-10.2,969.8,16.0,117,30
5/19/2015 11:00,-9.8,969.6,12.5,112,30
5/19/2015 12:00,-8.7,968.7,23.4,138,25
5/19/2015 13:00,-8.3,968.1,26.8,129,25
5/19/2015 14:00,-9.7,968.0,25.0,127,26
5/19/2015 15:00,-8.7,966.7,25.5,140,27
5/19/2015 16:00,-8.7,966.8,24.5,120,27
5/19/2015 17:00,-8.5,966.2,22.9,133,27
5/19/2015 18:00,-8.6,965.5,15.2,125,31
5/19/2015 19:00,-8.2,965.0,23.7,111,31
5/19/2015 20:00,-8.0,964.7,21.6,115,29
5/19/2015 21:00,-7.0,963.8,23.7,122,26
5/19/2015 22:00,-6.5,963.2,23.0,126,28
5/19/2015 23:00,-7.2,963.5,24.3,109,32
5/20/2015 0:00,-7.7,963.2,22.4,115,35
5/20/2015 1:00,-7.7,963.7,26.4,117,36
5/20/2015 2:00,-8.6,963.8,21.9,116,35
5/20/2015 3:00,-7.7,963.2,26.5,113,31
5/20/2015 4:00,-8.4,963.9,19.8,114,37
5/20/2015 5:00,-8.3,962.8,22.7,111,34
5/20/2015 6:00,-7.2,961.9,26.3,131,29
5/20/2015 7:00,-6.3,961.8,27.2,127,26
5/20/2015 8:00,-7.0,961.2,33.0,136,30
5/20/2015 9:00,-6.7,960.8,38.7,149,26
5/20/2015 10:00,-6.3,959.8,42.5,151,27
5/20/2015 11:00,-6.2,959.3,45.3,154,26
5/20/2015 12:00,-6.1,959.1,44.0,154,24
5/20/2015 13:00,-6.8,958.8,35.0,143,28
5/20/2015 14:00,-7.3,959.0,38.8,146,29
5/20/2015 15:00,-6.7,958.6,36.3,146,25
5/20/2015 16:00,-6.6,958.6,33.4,153,26
5/20/2015 17:00,-7.1,957.9,39.1,158,28
5/20/2015 18:00,-8.9,958.1,31.6,142,34
5/20/2015 19:00,-8.0,958.7,32.0,133,26
5/20/2015 20:00,-7.6,958.9,29.6,137,25
5/20/2015 21:00,-8.4,959.0,34.7,140,25
5/20/2015 22:00,-8.4,959.9,30.3,130,26
5/20/2015 23:00,-9.0,960.4,26.0,124,28
5/21/2015 0:00,-9.6,962.7,25.0,103,28
5/21/2015 1:00,-10.2,962.6,22.1,120,32
5/21/2015 2:00,-9.1,962.2,25.1,124,26
5/21/2015 3:00,-9.1,962.5,26.7,128,25
5/21/2015 4:00,-9.3,962.5,27.1,123,26
5/21/2015 5:00,-10.4,964.1,23.0,109,30
5/21/2015 6:00,-9.7,964.0,24.8,124,26
5/21/2015 7:00,-10.0,965.8,22.1,116,28
5/21/2015 8:00,-11.2,967.0,17.3,93,31
5/21/2015 9:00,-11.5,967.5,17.1,112,32
5/21/2015 10:00,-11.8,968.1,16.8,115,32
5/21/2015 11:00,-12.0,968.6,17.1,115,29
5/21/2015 12:00,-11.9,969.0,16.5,111,29
5/21/2015 13:00,-11.6,969.2,21.4,121,27
5/21/2015 14:00,-11.6,969.6,23.4,114,26
5/21/2015 15:00,-11.2,969.5,26.9,117,25
5/21/2015 16:00,-11.2,969.9,20.6,119,23
5/21/2015 17:00,-11.5,970.2,16.1,114,25
5/21/2015 18:00,-11.3,969.6,21.1,134,24
5/21/2015 19:00,-11.1,969.9,25.8,130,23
5/21/2015 20:00,-11.0,970.1,18.8,122,23
5/21/2015 21:00,-10.9,970.5,16.0,127,23
5/21/2015 22:00,-10.8,970.2,17.7,117,23
5/21/2015 23:00,-11.1,970.0,14.6,109,24
5/22/2015 0:00,-11.0,969.7,19.0,113,23
5/22/2015 1:00,-11.2,969.6,21.5,114,26
5/22/2015 2:00,-11.4,969.8,18.1,113,28
5/22/2015 3:00,-11.1,969.4,19.1,93,23
5/22/2015 4:00,-10.9,969.0,26.7,98,22
5/22/2015 5:00,-11.8,968.8,16.7,120,32
5/22/2015 6:00,-12.0,968.9,18.5,116,32
5/22/2015 7:00,-11.5,968.8,21.4,109,25
5/22/2015 8:00,-11.7,969.1,19.8,114,27
5/22/2015 9:00,-12.1,968.7,17.1,118,29
5/22/2015 10:00,-12.4,968.5,11.1,135,33
5/22/2015 11:00,-12.2,968.5,16.1,105,28
5/22/2015 12:00,-12.8,968.3,12.8,111,28
5/22/2015 13:00,-13.4,968.2,11.0,113,31
5/22/2015 14:00,-14.0,967.8,10.3,152,36
5/22/2015 15:00,-13.9,967.4,7.0,140,34
5/22/2015 16:00,-14.2,966.9,8.9,140,34
5/22/2015 17:00,-15.1,966.8,10.6,177,36
5/22/2015 18:00,-14.7,966.4,3.3,171,34
5/22/2015 19:00,-15.2,966.5,7.9,143,33
5/22/2015 20:00,-14.4,966.4,8.5,76,29
5/22/2015 21:00,-14.4,966.4,4.9,118,30
5/22/2015 22:00,-15.3,966.3,9.8,183,36
5/22/2015 23:00,-15.5,966.3,11.2,164,31
5/23/2015 0:00,-15.1,966.0,12.3,175,33
5/23/2015 1:00,-14.9,966.0,7.2,160,32
5/23/2015 2:00,-15.1,965.9,3.9,192,31
5/23/2015 3:00,-16.1,965.7,11.4,178,32
5/23/2015 4:00,-15.6,965.6,3.9,335,32
5/23/2015 5:00,-15.2,966.1,4.4,115,32
5/23/2015 6:00,-14.7,966.2,14.4,156,28
5/23/2015 7:00,-14.8,966.5,13.6,153,29
5/23/2015 8:00,-15.2,966.8,6.9,140,30
5/23/2015 9:00,-14.5,967.0,13.1,150,28
5/23/2015 10:00,-14.3,967.1,15.7,166,27
5/23/2015 11:00,-15.5,967.1,15.6,175,30
5/23/2015 12:00,-14.9,967.3,5.5,132,28
5/23/2015 13:00,-16.9,967.8,7.3,172,37
5/23/2015 14:00,-14.6,967.3,14.9,168,26
5/23/2015 15:00,-15.0,967.6,10.6,167,28
5/23/2015 16:00,-16.9,967.7,17.5,184,34
5/23/2015 17:00,-18.3,968.4,5.6,124,38
5/23/2015 18:00,-17.4,968.2,15.0,184,34
5/23/2015 19:00,-18.3,968.1,14.6,190,36
5/23/2015 20:00,-19.4,968.0,17.2,195,41
5/23/2015 21:00,-20.7,968.8,10.0,146,48
5/23/2015 22:00,-20.7,969.6,6.2,100,48
5/23/2015 23:00,-19.7,969.5,6.9,154,42
5/24/2015 0:00,-20.1,968.6,12.0,195,41
5/24/2015 1:00,-19.7,968.2,12.9,200,39
5/24/2015 2:00,-18.8,967.7,13.5,212,36
5/24/2015 3:00,-21.2,967.5,5.3,348,43
5/24/2015 4:00,-22.3,966.8,3.3,97,50
5/24/2015 5:00,-22.7,966.7,3.4,70,50
5/24/2015 6:00,-21.4,966.4,4.7,111,44
5/24/2015 7:00,-20.5,966.6,5.6,89,40
5/24/2015 8:00,-19.7,965.9,4.3,210,36
5/24/2015 9:00,-20.2,965.1,8.4,254,39
5/24/2015 10:00,-20.0,964.9,5.6,59,37
5/24/2015 11:00,-23.3,964.2,7.4,101,50
5/24/2015 12:00,-22.9,963.9,6.2,17,48
5/24/2015 13:00,-22.7,963.2,5.6,87,49
5/24/2015 14:00,-23.5,962.8,6.7,142,52
5/24/2015 15:00,-23.8,962.5,4.9,182,52
5/24/2015 16:00,-23.6,962.8,3.9,187,51
5/24/2015 17:00,-23.5,963.5,5.8,19,49
5/24/2015 18:00,-20.1,963.5,9.5,181,41
5/24/2015 19:00,-18.1,963.6,13.9,230,35
5/24/2015 20:00,-17.2,963.8,13.1,105,36
5/24/2015 21:00,-19.8,963.9,6.1,311,40
5/24/2015 22:00,-20.8,964.8,7.3,179,44
5/24/2015 23:00,-21.8,965.1,13.3,251,47
5/25/2015 0:00,-20.6,965.1,11.2,265,42
5/25/2015 1:00,-21.1,966.5,7.9,159,46
5/25/2015 2:00,-20.0,966.4,9.9,164,43
5/25/2015 3:00,-21.1,966.4,9.1,183,51
5/25/2015 4:00,-20.8,967.1,4.1,221,48
5/25/2015 5:00,-20.6,968.1,11.0,106,43
5/25/2015 6:00,-21.5,968.3,6.1,176,48
5/25/2015 7:00,-21.6,968.5,10.5,186,48
5/25/2015 8:00,-20.5,969.0,11.2,168,46
5/25/2015 9:00,-20.4,969.2,5.6,176,47
5/25/2015 10:00,-20.2,969.1,7.2,130,46
5/25/2015 11:00,-20.1,969.7,5.8,228,45
5/25/2015 12:00,-19.6,969.1,10.5,173,41
5/25/2015 13:00,-19.5,969.3,6.2,162,41
5/25/2015 14:00,-16.5,969.2,23.6,158,33
5/25/2015 15:00,-15.6,969.0,25.9,166,29
5/25/2015 16:00,-15.4,968.7,27.4,157,30
5/25/2015 17:00,-15.4,968.9,25.7,174,30
5/25/2015 18:00,-14.8,968.4,23.1,162,30
5/25/2015 19:00,-13.3,968.5,23.3,166,29
5/25/2015 20:00,-13.1,968.2,22.8,163,31
5/25/2015 21:00,-13.4,967.9,26.1,172,34
5/25/2015 22:00,-12.1,968.2,23.0,163,31
5/25/2015 23:00,-11.5,968.1,26.8,175,29
5/26/2015 0:00,-11.7,968.2,27.0,171,30
5/26/2015 1:00,-11.3,968.2,26.0,173,29
5/26/2015 2:00,-11.5,968.1,28.1,177,30
5/26/2015 3:00,-11.1,968.2,28.0,176,29
5/26/2015 4:00,-11.5,968.1,27.0,177,32
5/26/2015 5:00,-10.5,968.0,32.5,175,27
5/26/2015 6:00,-11.7,968.4,28.4,174,34
5/26/2015 7:00,-11.2,969.1,28.9,176,31
5/26/2015 8:00,-11.0,969.3,29.1,173,28
5/26/2015 9:00,-11.3,969.6,27.0,168,29
5/26/2015 10:00,-11.1,969.6,24.6,166,27
5/26/2015 11:00,-10.9,969.8,24.1,158,28
5/26/2015 12:00,-11.2,970.2,23.7,152,31
5/26/2015 13:00,-11.3,970.1,19.7,166,28
5/26/2015 14:00,-10.9,970.1,13.7,161,28
5/26/2015 15:00,-13.7,969.7,6.2,214,36
5/26/2015 16:00,-15.1,969.8,12.6,278,42
5/26/2015 17:00,-15.2,970.6,4.9,211,42
5/26/2015 18:00,-15.4,970.7,11.5,183,42
5/26/2015 19:00,-15.8,970.3,12.4,190,41
5/26/2015 20:00,-15.7,970.7,6.1,127,40
5/26/2015 21:00,-13.9,970.5,13.4,141,35
5/26/2015 22:00,-13.5,970.1,9.6,141,33
5/26/2015 23:00,-13.7,969.8,15.1,157,32
5/27/2015 0:00,-13.9,969.9,9.8,151,34
5/27/2015 1:00,-13.3,969.8,15.7,156,31
5/27/2015 2:00,-13.5,969.9,14.3,124,33
5/27/2015 3:00,-12.9,969.4,16.2,166,31
5/27/2015 4:00,-14.5,968.9,17.1,185,37
5/27/2015 5:00,-13.7,969.0,5.7,265,32
5/27/2015 6:00,-16.9,968.8,4.4,300,39
5/27/2015 7:00,-14.2,969.1,5.7,39,34
5/27/2015 8:00,-14.6,969.6,11.8,155,34
5/27/2015 9:00,-15.3,969.8,7.6,172,36
5/27/2015 10:00,-15.1,970.1,9.2,129,35
5/27/2015 11:00,-14.1,969.8,18.3,165,30
5/27/2015 12:00,-14.6,969.9,21.8,167,33
5/27/2015 13:00,-15.0,969.7,17.0,176,34
5/27/2015 14:00,-14.5,970.6,10.0,108,35
5/27/2015 15:00,-15.3,970.8,13.7,119,36
5/27/2015 16:00,-15.7,971.2,14.2,124,42
5/27/2015 17:00,-15.9,970.8,16.6,109,42
5/27/2015 18:00,-15.5,971.8,18.4,108,40
5/27/2015 19:00,-15.3,972.4,20.9,114,38
5/27/2015 20:00,-15.0,972.4,21.4,126,38
5/27/2015 21:00,-15.0,972.8,21.6,124,39
5/27/2015 22:00,-14.8,973.4,21.3,126,38
5/27/2015 23:00,-14.9,973.7,21.5,133,37
5/28/2015 0:00,-14.7,974.2,16.6,108,38
5/28/2015 1:00,-14.3,973.9,20.4,139,40
5/28/2015 2:00,-14.2,974.0,14.0,150,42
5/28/2015 3:00,-14.0,974.1,8.6,353,43
5/28/2015 4:00,-15.2,974.2,9.9,244,48
5/28/2015 5:00,-15.2,974.6,6.9,270,46
5/28/2015 6:00,-14.9,974.7,3.9,179,45
5/28/2015 7:00,-15.3,974.6,9.0,150,52
5/28/2015 8:00,-14.7,974.6,10.9,119,43
5/28/2015 9:00,-14.6,974.8,12.1,130,44
5/28/2015 10:00,-14.5,974.8,13.2,137,45
5/28/2015 11:00,-14.2,975.0,11.5,116,44
5/28/2015 12:00,-14.6,974.9,8.8,134,48
5/28/2015 13:00,-14.7,974.7,10.4,76,47
5/28/2015 14:00,-14.8,974.7,11.0,130,41
5/28/2015 15:00,-14.9,974.4,7.3,179,43
5/28/2015 16:00,-14.7,973.9,8.0,157,45
5/28/2015 17:00,-15.2,974.3,6.7,126,47
5/28/2015 18:00,-15.7,973.7,13.6,139,50
5/28/2015 19:00,-15.0,973.4,21.5,110,42
5/28/2015 20:00,-15.3,973.2,24.6,100,46
5/28/2015 21:00,-15.4,973.2,16.4,109,57
5/28/2015 22:00,-14.8,972.1,20.9,138,57
5/28/2015 23:00,-13.9,971.0,20.6,132,47
5/29/2015 0:00,-13.2,970.4,22.2,134,44
5/29/2015 1:00,-12.7,969.6,25.6,139,42
5/29/2015 2:00,-12.8,968.6,24.8,155,43
5/29/2015 3:00,-13.7,967.5,29.8,163,36
5/29/2015 4:00,-13.6,966.8,21.4,152,35
5/29/2015 5:00,-14.3,966.9,21.9,137,36
5/29/2015 6:00,-14.2,966.8,21.1,115,34
5/29/2015 7:00,-14.3,966.1,23.3,169,33
5/29/2015 8:00,-12.8,965.9,23.4,135,31
5/29/2015 9:00,-14.0,964.4,29.1,166,33
5/29/2015 10:00,-13.0,964.3,26.0,151,33
5/29/2015 11:00,-12.8,963.5,27.8,159,31
5/29/2015 12:00,-12.2,962.6,28.7,135,30
5/29/2015 13:00,-11.5,962.0,35.5,150,30
5/29/2015 14:00,-10.6,962.3,26.7,156,29
5/29/2015 15:00,-9.7,961.6,34.0,149,29
5/29/2015 16:00,-10.9,961.5,28.7,153,34
5/29/2015 17:00,-10.4,961.7,30.8,157,33
5/29/2015 18:00,-10.3,961.5,30.0,157,36
5/29/2015 19:00,-8.6,961.9,30.1,141,28
5/29/2015 20:00,-8.2,962.1,29.7,142,28
5/29/2015 21:00,-9.2,962.4,24.4,151,38
5/29/2015 22:00,-9.1,962.4,27.9,156,37
5/29/2015 23:00,-7.3,963.0,24.1,138,28
5/30/2015 0:00,-6.7,963.2,21.8,132,26
5/30/2015 1:00,-6.2,963.6,22.8,127,23
5/30/2015 2:00,-7.2,964.4,21.5,98,29
5/30/2015 3:00,-7.6,964.6,18.9,99,31
5/30/2015 4:00,-7.7,965.1,16.5,108,31
5/30/2015 5:00,-7.3,965.6,15.5,113,29
5/30/2015 6:00,-7.5,965.8,18.8,114,30
5/30/2015 7:00,-7.1,966.6,15.1,110,30
5/30/2015 8:00,-7.7,966.7,16.9,114,34
5/30/2015 9:00,-7.1,967.4,18.4,114,32
5/30/2015 10:00,-7.7,968.1,17.8,114,33
5/30/2015 11:00,-7.8,968.9,13.7,107,33
5/30/2015 12:00,-8.6,969.2,12.3,136,40
5/30/2015 13:00,-8.6,969.1,18.7,136,39
5/30/2015 14:00,-8.9,969.9,15.6,119,40
5/30/2015 15:00,-9.5,970.9,14.3,114,41
5/30/2015 16:00,-8.8,971.2,26.1,96,31
5/30/2015 17:00,-9.0,972.1,21.8,108,34
5/30/2015 18:00,-9.8,972.8,17.7,111,39
5/30/2015 19:00,-9.9,973.6,17.2,105,38
5/30/2015 20:00,-9.8,973.3,21.9,118,37
5/30/2015 21:00,-10.1,973.2,15.2,123,43
5/30/2015 22:00,-9.7,973.1,15.5,128,39
5/30/2015 23:00,-10.1,973.6,9.9,110,42
5/31/2015 0:00,-10.6,974.1,9.4,122,43
5/31/2015 1:00,-10.5,974.3,11.5,99,38
5/31/2015 2:00,-10.4,974.1,14.6,116,36
5/31/2015 3:00,-10.3,973.8,12.8,108,38
5/31/2015 4:00,-9.9,973.4,15.9,126,34
5/31/2015 5:00,-10.0,973.4,16.3,131,35
5/31/2015 6:00,-9.3,973.0,22.6,133,29
5/31/2015 7:00,-9.1,973.4,17.9,119,31
5/31/2015 8:00,-9.4,973.1,18.1,126,31
5/31/2015 9:00,-9.8,972.9,20.1,132,32
5/31/2015 10:00,-9.3,972.8,18.7,118,30
5/31/2015 11:00,-8.8,972.4,12.2,131,31
5/31/2015 12:00,-9.7,972.5,14.1,122,36
5/31/2015 13:00,-9.2,972.0,17.1,125,30
5/31/2015 14:00,-9.6,972.0,14.0,119,37
5/31/2015 15:00,-9.6,971.7,18.4,115,34
5/31/2015 16:00,-10.2,971.5,12.8,104,36
5/31/2015 17:00,-10.6,970.6,6.7,97,44
5/31/2015 18:00,-10.0,969.7,15.6,118,41
5/31/2015 19:00,-10.6,970.1,13.4,118,42
5/31/2015 20:00,-10.3,969.6,14.1,113,37
5/31/2015 21:00,-10.2,969.3,16.8,110,33
5/31/2015 22:00,-10.3,968.1,15.7,116,38
5/31/2015 23:00,-9.7,967.5,17.4,105,37
6/6/2015 0:00,-13.2,972.4,27.6,134,87
6/6/2015 1:00,-12.9,971.8,25.8,126,87
6/6/2015 2:00,-12.3,971.0,25.8,128,87
6/6/2015 3:00,-12.3,970.4,17.9,120,86
6/6/2015 4:00,-11.8,969.1,29.3,120,88
6/6/2015 5:00,-12.1,968.2,32.6,133,88
6/6/2015 6:00,-11.5,967.6,34.8,131,89
6/6/2015 7:00,-10.9,966.2,37.5,134,89
6/6/2015 8:00,-11.0,966.3,30.4,132,89
6/6/2015 9:00,-11.1,965.5,36.7,131,89
6/6/2015 10:00,-11.2,964.9,39.9,135,89
6/6/2015 11:00,-10.8,964.9,32.6,131,89
6/6/2015 12:00,-10.7,965.2,26.8,125,89
6/6/2015 13:00,-10.7,965.1,25.9,113,89
6/6/2015 14:00,-10.2,963.7,27.4,120,89
6/6/2015 15:00,-10.0,963.3,27.1,110,89
6/6/2015 16:00,-9.7,963.0,32.4,106,89
6/6/2015 17:00,-9.6,962.7,33.2,113,89
6/6/2015 18:00,-9.5,962.7,29.6,113,88
6/6/2015 19:00,-9.5,963.2,35.4,113,87
6/6/2015 20:00,-9.9,962.8,31.6,119,86
6/6/2015 21:00,-10.1,964.4,33.3,117,85
6/6/2015 22:00,-10.2,965.0,29.5,121,83
6/6/2015 23:00,-10.3,965.3,28.5,122,82
6/7/2015 0:00,-21.4,961.6,26.6,68,41
6/7/2015 1:00,-21.4,960.0,28.2,78,35
6/7/2015 2:00,-21.5,959.4,24.3,75,33
6/7/2015 3:00,-21.1,957.8,24.3,78,31
6/7/2015 4:00,-19.0,954.9,32.3,92,26
6/7/2015 5:00,-19.0,952.4,36.0,101,33
6/7/2015 6:00,-18.2,951.1,31.5,100,33
6/7/2015 7:00,-17.1,950.0,29.2,82,24
6/7/2015 8:00,-16.7,948.8,31.1,72,22
6/7/2015 9:00,-16.8,949.4,25.4,57,25
6/7/2015 10:00,-17.3,950.0,25.5,55,28
6/7/2015 11:00,-17.5,950.0,23.6,57,29
6/7/2015 12:00,-17.1,949.6,28.4,68,28
6/7/2015 13:00,-17.1,948.6,33.8,64,27
6/7/2015 14:00,-17.0,948.4,27.2,66,27
6/7/2015 15:00,-16.8,948.1,30.7,65,27
6/7/2015 16:00,-16.7,948.0,23.8,58,27
6/7/2015 17:00,-16.6,947.7,21.4,59,30
6/7/2015 18:00,-16.4,947.2,17.8,52,31
6/7/2015 19:00,-16.3,946.9,15.0,59,36
6/7/2015 20:00,-15.6,946.3,15.0,63,33
6/7/2015 21:00,-16.3,946.6,7.6,262,42
6/7/2015 22:00,-18.4,946.8,11.6,228,50
6/7/2015 23:00,-18.2,946.7,17.3,204,48
6/8/2015 0:00,-24.5,988.4,48.1,305,51
6/8/2015 1:00,-24.0,988.7,52.6,303,48
6/8/2015 2:00,-24.8,988.7,63.2,298,51
6/8/2015 3:00,-23.6,988.8,63.2,298,47
6/8/2015 4:00,-23.4,988.2,61.2,298,44
6/8/2015 5:00,-25.3,988.7,59.8,300,51
6/8/2015 6:00,-24.8,989.0,61.9,299,49
6/8/2015 7:00,-25.5,988.7,63.2,298,51
6/8/2015 8:00,-25.3,988.7,58.8,304,49
6/8/2015 9:00,-26.4,989.3,43.6,300,51
6/8/2015 10:00,-25.8,989.0,61.9,298,53
6/8/2015 11:00,-25.4,988.3,64.4,298,50
6/8/2015 12:00,-24.2,987.7,57.4,296,45
6/8/2015 13:00,-24.3,987.5,63.0,299,44
6/8/2015 14:00,-26.2,987.9,63.2,299,51
6/8/2015 15:00,-26.2,987.3,61.3,298,51
6/8/2015 16:00,-25.2,986.5,61.6,300,47
6/8/2015 17:00,-25.2,985.6,60.1,299,46
6/8/2015 18:00,-25.9,984.6,62.6,298,46
6/8/2015 19:00,-28.5,984.1,66.6,299,51
6/8/2015 20:00,-28.6,984.0,63.2,298,54
6/8/2015 21:00,-28.9,983.6,61.8,299,53
6/8/2015 22:00,-28.5,982.9,61.9,299,53
6/8/2015 23:00,-28.7,982.7,62.6,298,54
6/9/2015 0:00,-18.8,958.5,62.6,298,35
6/9/2015 1:00,-18.8,958.5,63.9,298,36
6/9/2015 2:00,-18.9,958.4,64.3,299,37
6/9/2015 3:00,-18.8,958.3,54.8,312,41
6/9/2015 4:00,-18.8,958.3,62.6,298,43
6/9/2015 5:00,-19.2,958.3,61.2,298,49
6/9/2015 6:00,-18.8,957.9,61.9,298,51
6/9/2015 7:00,-18.8,958.2,51.1,304,47
6/9/2015 8:00,-18.6,957.9,62.6,298,46
6/9/2015 9:00,-18.2,957.7,63.9,298,42
6/9/2015 10:00,-17.3,957.2,63.2,298,35
6/9/2015 11:00,-17.8,957.6,61.9,300,38
6/9/2015 12:00,-17.3,957.5,53.2,287,34
6/9/2015 13:00,-17.1,957.4,62.6,298,31
6/9/2015 14:00,-17.0,956.9,61.9,298,31
6/9/2015 15:00,-17.2,956.7,61.3,298,39
6/9/2015 16:00,-17.5,957.0,61.9,301,36
6/9/2015 17:00,-16.3,957.1,61.9,298,29
6/9/2015 18:00,-16.9,957.5,63.9,298,30
6/9/2015 19:00,-17.4,957.4,63.2,298,35
6/9/2015 20:00,-17.9,957.6,63.9,298,36
6/9/2015 21:00,-18.2,957.4,54.0,300,37
6/9/2015 22:00,-17.9,957.9,63.2,298,36
6/9/2015 23:00,-18.6,958.0,61.9,298,37
6/10/2015 0:00,-9.0,978.1,63.9,298,56
6/10/2015 1:00,-9.3,978.5,63.2,301,58
6/10/2015 2:00,-9.6,978.2,63.2,298,55
6/10/2015 3:00,-9.9,977.3,61.9,298,55
6/10/2015 4:00,-10.1,977.2,61.3,298,62
6/10/2015 5:00,-9.6,976.7,61.9,298,61
6/10/2015 6:00,-9.1,977.0,61.9,301,53
6/10/2015 7:00,-9.1,977.4,61.9,298,59
6/10/2015 8:00,-7.5,976.8,63.9,298,43
6/10/2015 9:00,-7.0,976.6,62.6,298,46
6/10/2015 10:00,-6.2,976.8,67.9,299,40
6/10/2015 11:00,-6.2,976.5,58.9,297,47
6/10/2015 12:00,-6.0,976.4,63.3,298,51
6/10/2015 13:00,-5.8,975.8,61.9,298,49
6/10/2015 14:00,-5.4,975.0,61.9,298,48
6/10/2015 15:00,-5.4,974.5,63.1,300,43
6/10/2015 16:00,-5.2,974.2,22.6,274,41
6/10/2015 17:00,-5.7,974.5,62.6,298,48
6/10/2015 18:00,-6.1,974.1,63.3,298,54
6/10/2015 19:00,-5.3,974.1,63.9,298,45
6/10/2015 20:00,-6.2,975.0,62.6,301,58
6/10/2015 21:00,-6.3,974.4,63.3,298,61
6/10/2015 22:00,-6.2,975.4,61.3,298,54
6/10/2015 23:00,-6.8,975.7,61.9,298,62
6/11/2015 0:00,-8.2,967.3,62.8,300,92
6/11/2015 1:00,-8.0,966.4,39.2,285,92
6/11/2015 2:00,-8.2,965.4,62.1,298,92
6/11/2015 3:00,-7.7,964.9,60.8,299,92
6/11/2015 4:00,-7.9,964.8,61.9,298,93
6/11/2015 5:00,-7.9,963.7,62.6,301,93
6/11/2015 6:00,-7.9,962.3,61.9,298,93
6/11/2015 7:00,-7.8,961.6,62.6,298,93
6/11/2015 8:00,-7.6,961.5,63.9,298,94
6/11/2015 9:00,-7.3,961.6,63.2,298,94
6/11/2015 10:00,-7.0,961.4,63.2,301,94
6/11/2015 11:00,-6.6,961.4,62.6,298,95
6/11/2015 12:00,-6.3,961.8,61.9,298,95
6/11/2015 13:00,-5.9,962.4,61.3,298,96
6/11/2015 14:00,-6.0,962.8,61.3,298,95
6/11/2015 15:00,-6.1,963.0,61.3,298,95
6/11/2015 16:00,-6.0,963.5,61.9,298,95
6/11/2015 17:00,-6.1,963.9,68.4,300,95
6/11/2015 18:00,-5.7,964.9,49.6,289,90
6/11/2015 19:00,-5.6,965.6,62.0,298,83
6/11/2015 20:00,-5.6,966.6,63.5,299,79
6/11/2015 21:00,-6.1,967.4,63.3,298,81
6/11/2015 22:00,-6.2,967.9,62.6,301,81
6/11/2015 23:00,-7.0,968.4,62.6,298,75
6/12/2015 0:00,-2.3,945.9,29.2,150,38
6/12/2015 1:00,-2.1,945.8,26.1,149,35
6/12/2015 2:00,-2.9,945.5,24.5,167,40
6/12/2015 3:00,-2.9,945.4,24.2,162,38
6/12/2015 4:00,-2.4,945.3,27.1,164,36
6/12/2015 5:00,-0.8,945.4,27.8,150,34
6/12/2015 6:00,0.1,946.0,30.3,147,36
6/12/2015 7:00,-0.3,946.1,26.6,148,44
6/12/2015 8:00,-0.1,946.1,28.9,145,43
6/12/2015 9:00,0.1,946.4,29.3,146,48
6/12/2015 10:00,0.3,946.7,30.6,145,46
6/12/2015 11:00,0.8,947.8,25.0,143,48
6/12/2015 12:00,1.0,948.4,26.5,137,50
6/12/2015 13:00,1.9,948.9,18.9,134,50
6/12/2015 14:00,1.6,949.5,22.9,100,48
6/12/2015 15:00,1.4,950.1,19.1,108,50
6/12/2015 16:00,1.6,950.6,20.3,108,50
6/12/2015 17:00,1.8,951.3,19.6,107,46
6/12/2015 18:00,1.6,951.9,20.7,116,44
6/12/2015 19:00,0.8,952.9,22.9,117,45
6/12/2015 20:00,0.4,953.5,22.9,133,46
6/12/2015 21:00,0.2,953.9,18.9,125,42
6/12/2015 22:00,0.1,954.4,23.6,130,41
6/12/2015 23:00,0.1,954.9,23.3,131,42
6/13/2015 0:00,-17.7,981.1,6.9,39,33
6/13/2015 1:00,-16.8,981.4,13.8,140,36
6/13/2015 2:00,-15.7,981.9,6.0,303,32
6/13/2015 3:00,-16.7,982.2,7.2,79,36
6/13/2015 4:00,-18.1,983.0,8.6,131,38
6/13/2015 5:00,-15.7,983.1,10.3,132,35
6/13/2015 6:00,-16.4,982.9,18.0,145,37
6/13/2015 7:00,-16.2,982.8,24.0,144,36
6/13/2015 8:00,-15.5,984.0,6.6,86,35
6/13/2015 9:00,-14.4,984.2,5.2,298,29
6/13/2015 10:00,-15.3,984.5,4.1,186,34
6/13/2015 11:00,-15.1,985.6,3.1,44,33
6/13/2015 12:00,-15.9,985.8,18.1,147,35
6/13/2015 13:00,-15.8,985.6,14.1,136,35
6/13/2015 14:00,-14.5,985.9,11.6,262,31
6/13/2015 15:00,-14.7,985.9,2.1,348,30
6/13/2015 16:00,-14.1,985.6,15.6,165,31
6/13/2015 17:00,-12.2,985.9,6.9,274,26
6/13/2015 18:00,-12.3,986.1,13.2,190,25
6/13/2015 19:00,-13.9,984.1,26.9,135,29
6/13/2015 20:00,-14.7,984.0,29.7,143,32
6/13/2015 21:00,-14.5,983.7,30.0,140,35
6/13/2015 22:00,-11.1,982.8,16.9,119,30
6/13/2015 23:00,-10.9,983.2,20.1,130,25
6/14/2015 0:00,-11.4,983.4,20.3,124,26
6/14/2015 1:00,-12.1,982.4,22.4,133,29
6/14/2015 2:00,-10.9,982.1,16.2,125,26
6/14/2015 3:00,-10.9,982.1,24.0,125,28
6/14/2015 4:00,-11.2,981.3,23.5,125,28
6/14/2015 5:00,-11.8,980.8,24.6,131,31
6/14/2015 6:00,-11.8,980.7,21.8,129,31
6/14/2015 7:00,-12.1,980.5,23.7,129,30
6/14/2015 8:00,-12.2,980.2,24.3,126,29
6/14/2015 9:00,-12.3,980.4,25.1,118,30
6/14/2015 10:00,-11.8,979.8,26.3,112,27
6/14/2015 11:00,-12.9,979.5,23.4,125,30
6/14/2015 12:00,-12.7,978.4,26.7,117,27
6/14/2015 13:00,-12.7,977.3,27.0,114,27
6/14/2015 14:00,-13.4,977.3,23.5,102,31
6/14/2015 15:00,-14.6,977.5,20.8,84,35
6/14/2015 16:00,-16.5,978.2,24.2,66,33
6/14/2015 17:00,-19.1,979.1,29.7,52,40
6/14/2015 18:00,-20.4,980.3,14.5,71,49
6/14/2015 19:00,-20.4,980.3,10.6,64,46
6/14/2015 20:00,-19.4,980.9,20.1,66,36
6/14/2015 21:00,-20.3,980.5,10.6,70,41
6/14/2015 22:00,-19.2,980.7,26.2,66,34
6/14/2015 23:00,-18.9,980.5,24.4,60,32
6/15/2015 0:00,-19.0,980.9,21.8,68,34
6/15/2015 1:00,-19.3,981.6,17.3,65,36
6/15/2015 2:00,-19.1,981.5,18.5,59,34
6/15/2015 3:00,-19.0,981.6,24.4,56,33
6/15/2015 4:00,-19.2,981.5,24.3,61,34
6/15/2015 5:00,-19.5,981.3,27.8,67,34
6/15/2015 6:00,-19.7,982.1,22.7,54,36
6/15/2015 7:00,-19.9,982.8,22.2,57,36
6/15/2015 8:00,-19.9,983.3,21.5,57,36
6/15/2015 9:00,-20.2,983.6,20.9,65,37
6/15/2015 10:00,-20.1,983.2,22.8,74,37
6/15/2015 11:00,-19.6,983.1,26.5,79,37
6/15/2015 12:00,-19.4,983.7,22.4,63,38
6/15/2015 13:00,-19.8,984.1,21.3,63,40
6/15/2015 14:00,-19.7,984.0,23.7,69,39
6/15/2015 15:00,-19.6,984.6,22.3,67,39
6/15/2015 16:00,-19.1,984.9,22.5,69,40
6/15/2015 17:00,-18.7,985.1,21.3,65,39
6/15/2015 18:00,-18.5,985.1,23.7,78,37
6/15/2015 19:00,-18.3,984.8,24.0,81,39
6/15/2015 20:00,-17.8,984.6,22.8,77,38
6/15/2015 21:00,-17.8,985.0,24.0,78,39
6/15/2015 22:00,-17.3,984.9,23.4,80,37
6/15/2015 23:00,-17.1,984.8,24.8,81,36
6/16/2015 0:00,-16.7,985.2,22.4,79,35
6/16/2015 1:00,-16.5,985.2,24.7,79,34
6/16/2015 2:00,-17.0,985.5,16.3,79,36
6/16/2015 3:00,-17.2,985.1,17.6,69,36
6/16/2015 4:00,-16.6,984.3,21.7,75,33
6/16/2015 5:00,-16.0,984.4,22.3,71,34
6/16/2015 6:00,-16.3,984.0,23.2,68,37
6/16/2015 7:00,-16.5,983.5,22.9,70,38
6/16/2015 8:00,-16.4,982.9,24.3,80,39
6/16/2015 9:00,-16.5,982.7,23.4,71,43
6/16/2015 10:00,-16.6,982.2,24.5,79,48
6/16/2015 11:00,-16.4,982.0,23.7,80,51
6/16/2015 12:00,-16.1,982.1,20.9,77,55
6/16/2015 13:00,-16.3,982.3,21.0,70,60
6/16/2015 14:00,-16.4,982.8,20.2,70,62
6/16/2015 15:00,-16.7,983.7,16.0,58,67
6/16/2015 16:00,-16.9,983.6,16.7,90,69
6/16/2015 17:00,-15.8,983.1,17.7,72,71
6/16/2015 18:00,-15.2,982.8,19.9,77,73
6/16/2015 19:00,-14.7,982.1,22.3,80,72
6/16/2015 20:00,-14.5,981.8,22.4,69,77
6/16/2015 21:00,-14.3,982.0,20.3,78,81
6/16/2015 22:00,-14.2,982.1,21.2,74,82
6/16/2015 23:00,-14.0,981.9,20.6,74,84
6/17/2015 0:00,-13.8,982.0,21.0,72,85
6/17/2015 1:00,-13.6,981.8,23.5,76,84
6/17/2015 2:00,-13.5,982.0,22.0,78,84
6/17/2015 3:00,-13.3,982.0,26.5,84,81
6/17/2015 4:00,-13.2,981.7,23.4,79,81
6/17/2015 5:00,-13.0,981.6,17.6,74,81
6/17/2015 6:00,-12.6,981.6,16.3,67,84
6/17/2015 7:00,-12.5,979.2,25.0,77,88
6/17/2015 8:00,-12.3,978.5,32.7,85,88
6/17/2015 9:00,-12.2,978.4,30.8,85,88
6/17/2015 10:00,-12.4,977.6,32.1,84,88
6/17/2015 11:00,-12.3,977.0,33.1,89,88
6/17/2015 12:00,-12.0,977.1,34.3,88,88
6/17/2015 13:00,-11.7,977.3,27.5,82,88
6/17/2015 14:00,-11.7,976.7,26.6,78,88
6/17/2015 15:00,-11.7,976.6,26.3,74,89
6/17/2015 16:00,-11.7,976.2,29.4,79,89
6/17/2015 17:00,-11.7,975.1,36.0,85,88
6/17/2015 18:00,-11.8,975.4,39.7,87,88
6/17/2015 19:00,-12.0,975.4,37.4,85,88
6/17/2015 20:00,-12.0,975.6,28.7,80,88
6/17/2015 21:00,-12.1,975.8,30.3,76,88
6/17/2015 22:00,-12.1,975.7,32.7,79,87
6/17/2015 23:00,-12.1,975.9,30.9,80,87
6/18/2015 0:00,-12.2,976.3,29.9,73,87
6/18/2015 1:00,-12.0,976.4,31.2,75,87
6/18/2015 2:00,-12.0,976.6,29.0,78,87
6/18/2015 3:00,-11.6,977.0,30.7,85,87
6/18/2015 4:00,-11.3,977.0,30.8,79,87
6/18/2015 5:00,-11.0,977.0,28.3,77,86
6/18/2015 6:00,-11.0,977.3,25.8,70,84
6/18/2015 7:00,-11.1,977.4,24.4,70,82
6/18/2015 8:00,-10.7,976.9,25.1,74,80
6/18/2015 9:00,-11.0,977.0,21.1,69,78
6/18/2015 10:00,-11.1,976.2,32.5,87,74
6/18/2015 11:00,-10.9,976.7,23.6,78,65
6/18/2015 12:00,-10.6,976.4,25.8,74,54
6/18/2015 13:00,-10.5,976.4,26.9,78,31
6/18/2015 14:00,-10.8,976.5,23.4,68,32
6/18/2015 15:00,-11.0,976.3,25.1,68,32
6/18/2015 16:00,-11.0,976.0,25.2,66,29
6/18/2015 17:00,-11.3,975.7,26.4,70,28
6/18/2015 18:00,-11.3,975.4,25.9,70,28
6/18/2015 19:00,-11.1,974.6,29.1,75,25
6/18/2015 20:00,-11.0,974.7,26.1,70,25
6/18/2015 21:00,-11.1,974.4,26.0,73,26
6/18/2015 22:00,-11.0,975.0,27.4,76,25
6/18/2015 23:00,-11.2,974.3,27.4,74,26
6/19/2015 0:00,-11.2,974.3,26.5,73,26
6/19/2015 1:00,-11.0,973.3,27.5,78,25
6/19/2015 2:00,-10.6,972.7,32.1,80,23
6/19/2015 3:00,-10.5,972.1,35.2,88,25
6/19/2015 4:00,-10.2,971.2,35.8,85,26
6/19/2015 5:00,-9.8,970.2,39.1,86,25
6/19/2015 6:00,-9.5,970.0,32.9,89,26
6/19/2015 7:00,-9.1,969.6,35.3,100,25
6/19/2015 8:00,-8.5,969.1,38.8,99,23
6/19/2015 9:00,-8.2,968.6,38.5,99,25
6/19/2015 10:00,-7.9,967.6,39.4,97,25
6/19/2015 11:00,-7.9,967.8,41.6,94,25
6/19/2015 12:00,-7.7,967.6,37.0,98,29
6/19/2015 13:00,-7.6,967.2,41.3,99,28
6/19/2015 14:00,-7.5,967.0,40.6,97,30
6/19/2015 15:00,-7.4,966.6,41.6,101,33
6/19/2015 16:00,-7.3,967.3,38.1,98,31
6/19/2015 17:00,-7.4,967.9,34.0,85,33
6/19/2015 18:00,-7.4,968.2,29.5,93,30
6/19/2015 19:00,-7.5,968.4,33.4,91,27
6/19/2015 20:00,-7.6,968.0,37.1,86,28
6/19/2015 21:00,-7.5,967.9,30.2,97,26
6/19/2015 22:00,-7.3,967.8,27.9,94,24
6/19/2015 23:00,-7.2,967.9,26.5,99,25
6/20/2015 0:00,-7.0,967.8,30.2,97,22
6/20/2015 1:00,-7.2,967.9,29.4,98,23
6/20/2015 2:00,-7.5,967.6,30.4,104,23
6/20/2015 3:00,-8.4,967.4,31.6,121,34
6/20/2015 4:00,-9.5,966.7,34.1,113,30
6/20/2015 5:00,-10.0,966.7,28.9,114,34
6/20/2015 6:00,-9.8,966.7,33.4,110,29
6/20/2015 7:00,-10.2,966.6,26.6,112,30
6/20/2015 8:00,-9.6,966.1,21.5,112,27
6/20/2015 9:00,-10.2,966.3,22.3,116,32
6/20/2015 10:00,-10.4,966.0,22.4,108,32
6/20/2015 11:00,-10.6,965.0,21.5,116,31
6/20/2015 12:00,-10.6,964.3,23.4,109,32
6/20/2015 13:00,-9.9,963.8,24.4,114,27
6/20/2015 14:00,-10.0,963.4,25.6,124,27
6/20/2015 15:00,-11.1,962.8,21.8,130,35
6/20/2015 16:00,-10.1,963.1,1.6,319,31
6/20/2015 17:00,-12.9,963.1,18.4,255,40
6/20/2015 18:00,-12.9,962.6,9.5,191,37
6/20/2015 19:00,-12.6,962.0,11.9,117,29
6/20/2015 20:00,-11.8,961.5,7.8,90,27
6/20/2015 21:00,-12.8,961.0,7.3,81,37
6/20/2015 22:00,-17.1,960.6,10.3,95,51
6/20/2015 23:00,-16.8,960.1,7.9,34,47
6/21/2015 0:00,-17.5,959.6,5.1,32,48
6/21/2015 1:00,-17.4,959.3,9.9,25,51
6/21/2015 2:00,-18.6,959.3,8.2,137,56
6/21/2015 3:00,-17.7,959.5,12.1,109,56
6/21/2015 4:00,-18.3,960.4,11.5,81,58
6/21/2015 5:00,-16.6,960.0,10.8,49,37
6/21/2015 6:00,-18.0,959.0,12.7,8,42
6/21/2015 7:00,-17.8,959.1,8.6,164,48
6/21/2015 8:00,-17.2,959.8,21.1,95,39
6/21/2015 9:00,-17.4,959.8,25.2,105,39
6/21/2015 10:00,-17.4,960.0,24.8,121,38
6/21/2015 11:00,-17.4,960.0,25.4,124,36
6/21/2015 12:00,-17.0,960.4,24.1,125,38
6/21/2015 13:00,-16.7,961.0,22.8,126,38
6/21/2015 14:00,-16.6,961.0,22.0,127,39
6/21/2015 15:00,-16.9,961.3,23.2,126,36
6/21/2015 16:00,-16.8,961.6,22.3,127,36
6/21/2015 17:00,-17.0,962.2,23.0,128,36
6/21/2015 18:00,-16.8,962.6,22.6,125,36
6/21/2015 19:00,-16.1,962.8,24.5,120,36
6/21/2015 20:00,-16.2,963.4,22.8,120,40
6/21/2015 21:00,-15.8,963.7,25.9,117,42
6/21/2015 22:00,-15.5,964.1,25.5,116,45
6/21/2015 23:00,-15.1,964.6,22.7,116,47
6/22/2015 0:00,-14.4,965.0,19.1,101,51
6/22/2015 1:00,-14.2,965.4,19.3,90,49
6/22/2015 2:00,-14.2,965.9,20.0,88,49
6/22/2015 3:00,-14.2,965.9,22.3,94,53
6/22/2015 4:00,-14.0,965.7,23.1,95,53
6/22/2015 5:00,-13.7,965.7,27.4,96,51
6/22/2015 6:00,-13.5,965.6,25.8,94,55
6/22/2015 7:00,-13.4,966.1,20.1,84,56
6/22/2015 8:00,-13.4,966.4,22.6,87,54
6/22/2015 9:00,-13.3,966.7,22.6,83,50
6/22/2015 10:00,-13.3,967.4,19.9,81,53
6/22/2015 11:00,-13.9,967.5,23.8,86,70
6/22/2015 12:00,-13.4,967.7,23.7,84,54
6/22/2015 13:00,-13.3,968.1,20.6,85,54
6/22/2015 14:00,-13.2,968.1,16.2,77,50
6/22/2015 15:00,-13.7,968.1,20.5,104,51
6/22/2015 16:00,-14.0,968.4,19.1,115,50
6/22/2015 17:00,-13.9,968.3,17.8,103,45
6/22/2015 18:00,-14.4,968.2,17.8,125,41
6/22/2015 19:00,-16.5,968.5,22.3,135,42
6/22/2015 20:00,-16.8,968.7,19.9,133,39
6/22/2015 21:00,-17.3,969.0,21.4,143,40
6/22/2015 22:00,-17.8,969.1,15.1,141,41
6/22/2015 23:00,-17.6,969.5,14.4,137,39
6/23/2015 0:00,-18.5,969.4,14.5,139,43
6/23/2015 1:00,-18.8,969.5,17.0,139,41
6/23/2015 2:00,-19.0,969.2,15.1,143,40
6/23/2015 3:00,-19.1,968.8,20.0,132,39
6/23/2015 4:00,-18.3,968.8,18.1,128,36
6/23/2015 5:00,-17.8,968.7,16.2,129,36
6/23/2015 6:00,-18.0,968.6,13.7,131,37
6/23/2015 7:00,-19.4,968.7,18.1,136,42
6/23/2015 8:00,-19.1,968.6,19.5,131,37
6/23/2015 9:00,-18.3,968.6,20.8,128,35
6/23/2015 10:00,-19.0,968.4,20.7,133,36
6/23/2015 11:00,-19.6,968.4,24.1,134,37
6/23/2015 12:00,-19.2,968.6,24.3,133,36
6/23/2015 13:00,-19.3,968.9,23.4,132,36
6/23/2015 14:00,-19.0,969.2,22.1,134,36
6/23/2015 15:00,-18.8,969.5,20.6,133,35
6/23/2015 16:00,-19.0,969.6,19.8,134,36
6/23/2015 17:00,-19.6,969.9,20.4,134,37
6/23/2015 18:00,-19.1,970.0,19.8,134,34
6/23/2015 19:00,-21.4,970.3,27.3,136,38
6/23/2015 20:00,-19.0,970.6,20.5,130,36
6/23/2015 21:00,-20.2,970.8,4.9,44,39
6/23/2015 22:00,-19.9,970.2,21.5,135,40
6/23/2015 23:00,-20.3,970.1,22.6,135,38
6/24/2015 0:00,-19.1,970.2,19.5,133,35
6/24/2015 1:00,-19.6,970.1,20.0,135,37
6/24/2015 2:00,-20.1,970.3,19.0,135,38
6/24/2015 3:00,-20.0,970.2,5.6,31,37
6/24/2015 4:00,-19.5,970.0,6.1,25,36
6/24/2015 5:00,-20.6,970.0,4.6,67,40
6/24/2015 6:00,-20.9,969.8,5.3,21,39
6/24/2015 7:00,-21.3,969.3,10.8,144,42
6/24/2015 8:00,-22.9,969.6,5.8,112,48
6/24/2015 9:00,-22.2,969.0,5.2,244,46
6/24/2015 10:00,-23.9,969.5,9.0,176,53
6/24/2015 11:00,-21.5,969.6,8.3,89,42
6/24/2015 12:00,-18.4,968.9,6.3,343,35
6/24/2015 13:00,-20.8,969.0,5.5,103,40
6/24/2015 14:00,-20.5,969.1,4.8,22,41
6/24/2015 15:00,-18.4,969.0,13.2,67,36
6/24/2015 16:00,-17.4,968.8,14.6,85,34
6/24/2015 17:00,-17.4,968.5,21.1,108,34
6/24/2015 18:00,-17.7,968.5,15.1,72,35
6/24/2015 19:00,-16.8,968.1,14.6,75,31
6/24/2015 20:00,-17.5,967.5,19.4,88,36
6/24/2015 21:00,-17.4,967.3,16.1,81,35
6/24/2015 22:00,-17.3,967.2,14.1,66,34
6/24/2015 23:00,-17.5,966.9,17.7,72,36
6/25/2015 0:00,-17.4,967.0,19.3,80,38
6/25/2015 1:00,-16.9,966.4,22.2,93,36
6/25/2015 2:00,-17.2,965.8,17.5,77,34
6/25/2015 3:00,-17.3,965.3,17.0,72,36
6/25/2015 4:00,-17.0,965.0,17.9,67,35
6/25/2015 5:00,-17.4,964.9,15.9,75,38
6/25/2015 6:00,-16.3,964.4,22.4,78,31
6/25/2015 7:00,-15.9,964.2,23.0,76,31
6/25/2015 8:00,-15.5,963.9,22.8,82,31
6/25/2015 9:00,-15.6,964.4,22.4,82,32
6/25/2015 10:00,-15.4,964.0,29.8,89,30
6/25/2015 11:00,-15.0,963.2,25.5,86,29
6/25/2015 12:00,-14.8,963.3,21.7,77,27
6/25/2015 13:00,-14.6,962.8,22.6,84,27
6/25/2015 14:00,-14.8,963.3,22.1,70,27
6/25/2015 15:00,-16.1,963.7,21.3,76,32
6/25/2015 16:00,-15.8,963.8,18.8,76,31
6/25/2015 17:00,-15.9,963.9,22.4,83,32
6/25/2015 18:00,-15.2,963.9,24.8,85,28
6/25/2015 19:00,-15.3,964.2,22.0,74,27
6/25/2015 20:00,-14.9,964.0,25.1,84,25
6/25/2015 21:00,-14.8,964.1,18.7,68,24
6/25/2015 22:00,-15.0,963.9,25.3,88,24
6/25/2015 23:00,-14.9,963.9,27.1,89,26
6/26/2015 0:00,-14.7,964.1,24.5,82,23
6/26/2015 1:00,-14.7,963.9,20.8,79,23
6/26/2015 2:00,-14.5,964.2,20.0,75,23
6/26/2015 3:00,-14.3,963.6,20.7,76,24
6/26/2015 4:00,-14.2,963.5,21.2,79,24
6/26/2015 5:00,-14.2,963.5,20.4,76,24
6/26/2015 6:00,-13.8,963.4,21.5,73,23
6/26/2015 7:00,-13.6,963.3,22.0,74,23
6/26/2015 8:00,-13.5,963.3,22.0,79,25
6/26/2015 9:00,-13.6,963.1,20.7,79,26
6/26/2015 10:00,-15.1,962.6,25.6,107,32
6/26/2015 11:00,-14.9,962.1,20.5,105,31
6/26/2015 12:00,-14.5,961.5,18.0,103,32
6/26/2015 13:00,-14.9,960.8,25.9,114,34
6/26/2015 14:00,-14.4,960.3,27.3,122,31
6/26/2015 15:00,-13.6,960.2,21.5,107,28
6/26/2015 16:00,-13.7,960.2,26.4,110,31
6/26/2015 17:00,-13.9,960.2,25.3,112,32
6/26/2015 18:00,-13.7,959.8,24.7,120,32
6/26/2015 19:00,-13.3,959.7,22.6,115,32
6/26/2015 20:00,-12.6,958.9,25.0,107,31
6/26/2015 21:00,-12.6,958.6,24.8,117,34
6/26/2015 22:00,-12.1,957.6,18.5,111,34
6/26/2015 23:00,-11.6,957.1,19.5,96,35
6/27/2015 0:00,-11.8,956.6,16.4,104,35
6/27/2015 1:00,-11.9,956.5,19.7,101,35
6/27/2015 2:00,-12.1,955.8,19.3,102,36
6/27/2015 3:00,-12.6,955.5,21.9,109,36
6/27/2015 4:00,-12.3,955.1,20.8,119,36
6/27/2015 5:00,-11.8,954.5,20.3,120,35
6/27/2015 6:00,-11.7,954.5,21.0,118,35
6/27/2015 7:00,-11.3,954.8,21.0,103,35
6/27/2015 8:00,-10.9,954.8,19.8,117,34
6/27/2015 9:00,-11.1,954.9,19.3,116,36
6/27/2015 10:00,-11.2,955.2,25.6,110,39
6/27/2015 11:00,-11.0,955.2,28.2,115,38
6/27/2015 12:00,-10.8,955.2,21.2,116,40
6/27/2015 13:00,-10.3,955.2,20.4,118,40
6/27/2015 14:00,-9.7,955.6,20.6,110,39
6/27/2015 15:00,-9.4,955.7,26.8,111,38
6/27/2015 16:00,-8.7,955.8,28.8,89,39
6/27/2015 17:00,-8.5,956.5,25.6,94,40
6/27/2015 18:00,-8.1,956.9,23.5,83,41
6/27/2015 19:00,-7.9,957.1,22.9,80,41
6/27/2015 20:00,-8.0,957.4,27.2,85,45
6/27/2015 21:00,-7.8,957.5,26.3,86,42
6/27/2015 22:00,-7.5,957.9,25.9,105,41
6/27/2015 23:00,-7.7,958.5,27.6,109,46
6/28/2015 0:00,-7.2,959.0,24.7,108,41
6/28/2015 1:00,-7.1,959.3,24.2,107,38
6/28/2015 2:00,-7.0,960.0,25.5,109,38
6/28/2015 3:00,-7.0,960.5,19.5,109,36
6/28/2015 4:00,-7.8,961.3,25.3,130,39
6/28/2015 5:00,-7.7,961.8,24.6,123,38
6/28/2015 6:00,-7.6,962.5,21.6,85,37
6/28/2015 7:00,-7.7,963.2,22.4,82,37
6/28/2015 8:00,-7.1,963.6,22.5,83,37
6/28/2015 9:00,-6.9,964.2,22.3,81,37
6/28/2015 10:00,-7.8,964.4,20.7,104,42
6/28/2015 11:00,-6.9,965.2,15.8,80,38
6/28/2015 12:00,-6.8,965.5,16.5,75,37
6/28/2015 13:00,-6.8,966.2,18.1,79,36
6/28/2015 14:00,-8.0,966.7,17.9,91,40
6/28/2015 15:00,-7.6,967.2,18.3,77,38
6/28/2015 16:00,-8.3,967.4,21.8,101,39
6/28/2015 17:00,-8.7,968.0,22.5,98,40
6/28/2015 18:00,-8.1,968.5,19.6,81,36
6/28/2015 19:00,-8.2,968.6,17.5,67,37
6/28/2015 20:00,-8.6,969.4,11.6,58,37
6/28/2015 21:00,-9.6,970.0,14.9,65,40
6/28/2015 22:00,-9.1,970.3,19.3,66,37
6/28/2015 23:00,-9.2,970.9,16.1,67,41
6/29/2015 0:00,-8.7,971.0,19.8,67,41
6/29/2015 1:00,-8.9,971.0,17.7,74,41
6/29/2015 2:00,-9.0,970.9,17.6,78,42
6/29/2015 3:00,-9.0,971.3,20.5,65,42
6/29/2015 4:00,-9.4,971.6,16.9,64,46
6/29/2015 5:00,-9.2,972.1,16.8,65,49
6/29/2015 6:00,-8.9,972.2,17.3,70,49
6/29/2015 7:00,-9.0,972.4,14.4,61,47
6/29/2015 8:00,-7.7,972.3,22.1,82,40
6/29/2015 9:00,-8.1,973.0,20.6,83,44
6/29/2015 10:00,-8.1,972.8,21.6,88,39
6/29/2015 11:00,-8.4,972.9,25.1,94,40
6/29/2015 12:00,-8.4,973.3,21.5,90,38
6/29/2015 13:00,-8.7,973.7,19.1,84,37
6/29/2015 14:00,-8.4,973.3,24.5,88,33
6/29/2015 15:00,-8.4,973.3,21.2,84,34
6/29/2015 16:00,-8.4,973.5,17.2,68,32
6/29/2015 17:00,-9.2,973.7,10.2,43,37
6/29/2015 18:00,-10.9,974.1,8.3,86,44
6/29/2015 19:00,-11.3,973.9,5.8,4,44
6/29/2015 20:00,-12.8,974.1,5.0,204,53
6/29/2015 21:00,-13.6,974.1,6.8,282,56
6/29/2015 22:00,-13.7,973.9,4.9,12,51
6/29/2015 23:00,-13.9,973.9,4.6,105,52
6/30/2015 0:00,-13.2,973.8,10.7,45,41
6/30/2015 1:00,-11.5,973.2,18.2,119,31
6/30/2015 2:00,-11.5,973.2,7.4,316,37
6/30/2015 3:00,-14.2,973.2,3.9,50,42
6/30/2015 4:00,-15.6,972.8,3.2,86,47
6/30/2015 5:00,-13.4,972.6,6.3,55,36
6/30/2015 6:00,-15.0,972.8,4.6,56,42
6/30/2015 7:00,-12.6,972.5,16.8,114,30
6/30/2015 8:00,-12.9,972.3,19.9,104,31
6/30/2015 9:00,-12.9,971.9,19.6,113,32
6/30/2015 10:00,-13.0,971.6,17.7,120,31
6/30/2015 11:00,-12.7,971.1,20.8,114,28
6/30/2015 12:00,-13.7,971.4,11.3,110,31
6/30/2015 13:00,-13.9,971.0,10.2,60,33
6/30/2015 14:00,-14.4,970.9,8.5,58,35
6/30/2015 15:00,-14.0,970.7,13.6,65,32
6/30/2015 16:00,-13.9,970.6,14.1,60,32
6/30/2015 17:00,-14.0,970.4,15.5,70,29
6/30/2015 18:00,-13.8,969.9,13.9,80,30
6/30/2015 19:00,-14.5,969.7,13.8,72,33
6/30/2015 20:00,-14.9,970.2,14.4,79,34
6/30/2015 21:00,-14.3,969.6,23.7,80,28
6/30/2015 22:00,-14.2,969.3,21.1,81,28
6/30/2015 23:00,-13.4,969.1,19.3,61,29
7/6/2015 0:00,-10.4,965.1,24.7,118,77
7/6/2015 1:00,-10.1,965.0,33.4,116,72
7/6/2015 2:00,-10.6,965.3,23.5,111,65
7/6/2015 3:00,-10.7,965.5,31.0,117,55
7/6/2015 4:00,-11.1,966.8,25.8,114,55
7/6/2015 5:00,-11.5,967.0,25.4,113,52
7/6/2015 6:00,-12.1,966.6,29.6,114,53
7/6/2015 7:00,-12.6,966.5,30.8,117,54
7/6/2015 8:00,-12.8,966.4,33.1,117,56
7/6/2015 9:00,-12.7,966.9,29.2,129,56
7/6/2015 10:00,-12.3,966.1,34.4,130,51
7/6/2015 11:00,-12.1,966.2,28.0,123,48
7/6/2015 12:00,-12.2,966.6,27.9,124,47
7/6/2015 13:00,-12.2,967.2,25.1,129,47
7/6/2015 14:00,-12.4,968.3,24.1,125,46
7/6/2015 15:00,-12.7,969.0,25.9,121,44
7/6/2015 16:00,-13.1,969.9,24.6,111,45
7/6/2015 17:00,-13.3,970.4,24.5,106,45
7/6/2015 18:00,-13.4,969.6,26.1,119,48
7/6/2015 19:00,-13.2,969.0,26.2,130,47
7/6/2015 20:00,-12.7,969.2,25.3,119,49
7/6/2015 21:00,-12.4,970.2,18.4,108,50
7/6/2015 22:00,-12.4,970.3,17.2,113,49
7/6/2015 23:00,-12.2,969.9,21.9,111,47
7/7/2015 0:00,-18.0,946.1,11.7,246,41
7/7/2015 1:00,-18.0,946.2,8.2,193,43
7/7/2015 2:00,-18.0,945.8,10.1,205,45
7/7/2015 3:00,-17.9,945.2,12.4,141,55
7/7/2015 4:00,-17.7,945.4,9.4,139,61
7/7/2015 5:00,-17.5,944.8,13.2,146,62
7/7/2015 6:00,-16.6,944.7,14.1,134,61
7/7/2015 7:00,-16.1,944.7,12.9,131,50
7/7/2015 8:00,-16.8,944.4,18.0,143,56
7/7/2015 9:00,-15.6,944.6,16.7,133,47
7/7/2015 10:00,-16.2,945.0,16.0,135,49
7/7/2015 11:00,-15.6,944.8,6.6,139,42
7/7/2015 12:00,-16.5,945.7,8.4,223,49
7/7/2015 13:00,-16.2,945.8,16.5,127,49
7/7/2015 14:00,-16.2,946.3,2.4,201,47
7/7/2015 15:00,-16.3,946.3,9.8,167,46
7/7/2015 16:00,-16.7,946.6,15.5,138,51
7/7/2015 17:00,-16.8,947.5,8.3,25,53
7/7/2015 18:00,-16.3,947.6,12.8,77,41
7/7/2015 19:00,-16.1,947.9,16.1,86,42
7/7/2015 20:00,-16.3,947.8,13.0,75,46
7/7/2015 21:00,-16.6,947.6,21.5,58,45
7/7/2015 22:00,-17.0,948.3,13.0,87,48
7/7/2015 23:00,-17.2,948.6,11.2,68,48
7/8/2015 0:00,-28.0,981.3,55.7,305,52
7/8/2015 1:00,-27.1,980.0,61.9,298,48
7/8/2015 2:00,-28.1,979.3,61.9,298,50
7/8/2015 3:00,-28.3,978.3,62.5,299,50
7/8/2015 4:00,-29.0,977.9,62.6,298,52
7/8/2015 5:00,-28.8,976.6,63.2,299,52
7/8/2015 6:00,-28.5,975.6,59.4,295,51
7/8/2015 7:00,-28.4,974.8,61.2,298,51
7/8/2015 8:00,-27.7,974.5,62.1,298,51
7/8/2015 9:00,-27.3,973.4,62.6,298,47
7/8/2015 10:00,-22.8,972.3,70.3,299,42
7/8/2015 11:00,-24.4,971.5,61.7,298,43
7/8/2015 12:00,-20.0,970.4,63.2,298,37
7/8/2015 13:00,-19.8,969.1,61.2,299,41
7/8/2015 14:00,-27.8,969.3,62.6,300,46
7/8/2015 15:00,-22.2,968.4,63.8,298,36
7/8/2015 16:00,-27.6,968.5,61.5,296,48
7/8/2015 17:00,-24.9,967.7,59.3,293,46
7/8/2015 18:00,-26.2,966.8,61.3,298,48
7/8/2015 19:00,-26.7,965.8,56.5,299,51
7/8/2015 20:00,-26.5,965.1,62.6,298,49
7/8/2015 21:00,-26.2,964.0,63.2,299,47
7/8/2015 22:00,-25.4,963.2,62.6,300,48
7/8/2015 23:00,-25.1,962.9,61.3,298,49
7/9/2015 0:00,-18.4,958.1,61.3,298,36
7/9/2015 1:00,-18.1,958.3,61.0,301,36
7/9/2015 2:00,-18.7,958.2,62.0,298,37
7/9/2015 3:00,-18.5,957.9,63.1,299,37
7/9/2015 4:00,-17.8,957.9,63.2,298,36
7/9/2015 5:00,-17.4,957.7,63.2,300,32
7/9/2015 6:00,-16.8,958.0,63.0,298,31
7/9/2015 7:00,-15.9,957.8,60.9,299,25
7/9/2015 8:00,-16.1,957.6,61.3,298,31
7/9/2015 9:00,-15.3,957.7,61.9,298,28
7/9/2015 10:00,-14.7,957.7,60.9,302,29
7/9/2015 11:00,-14.8,958.1,62.6,299,33
7/9/2015 12:00,-14.0,957.7,60.1,295,32
7/9/2015 13:00,-13.7,957.6,63.9,298,38
7/9/2015 14:00,-13.6,957.4,70.7,299,43
7/9/2015 15:00,-13.5,957.4,36.9,325,48
7/9/2015 16:00,-13.5,957.4,63.2,299,50
7/9/2015 17:00,-13.6,957.8,61.9,298,49
7/9/2015 18:00,-13.7,958.3,61.9,298,57
7/9/2015 19:00,-13.5,958.6,62.6,300,53
7/9/2015 20:00,-13.7,959.0,71.1,299,59
7/9/2015 21:00,-13.6,959.1,52.3,301,63
7/9/2015 22:00,-13.6,959.2,61.9,298,64
7/9/2015 23:00,-13.6,959.6,61.9,298,68
7/10/2015 0:00,-7.3,975.4,61.9,298,66
7/10/2015 1:00,-7.7,976.3,61.9,301,66
7/10/2015 2:00,-7.9,976.4,61.9,298,63
7/10/2015 3:00,-7.9,976.7,62.6,298,66
7/10/2015 4:00,-7.7,976.2,63.3,298,62
7/10/2015 5:00,-7.3,975.9,63.2,298,59
7/10/2015 6:00,-6.6,975.6,52.0,296,53
7/10/2015 7:00,-5.4,975.4,63.3,298,48
7/10/2015 8:00,-4.2,974.5,61.9,298,45
7/10/2015 9:00,-3.2,973.5,61.3,298,44
7/10/2015 10:00,-2.2,972.5,61.9,298,41
7/10/2015 11:00,-2.1,971.8,61.2,298,41
7/10/2015 12:00,-1.9,970.8,61.9,298,43
7/10/2015 13:00,-1.6,970.3,61.9,298,42
7/10/2015 14:00,-1.4,969.7,62.6,298,40
7/10/2015 15:00,-1.4,969.6,61.9,298,43
7/10/2015 16:00,-1.2,969.5,70.6,299,41
7/10/2015 17:00,-2.1,969.3,63.7,300,42
7/10/2015 18:00,-2.2,969.6,62.6,301,39
7/10/2015 19:00,-2.4,970.1,61.9,301,44
7/10/2015 20:00,-3.0,970.5,57.7,309,44
7/10/2015 21:00,-3.6,970.8,61.9,298,43
7/10/2015 22:00,-3.6,970.8,62.6,298,40
7/10/2015 23:00,-4.4,971.9,61.9,298,44
7/11/2015 0:00,-6.9,969.2,61.3,298,70
7/11/2015 1:00,-7.6,969.8,61.3,298,65
7/11/2015 2:00,-8.6,970.5,61.3,298,62
7/11/2015 3:00,-8.7,971.2,62.6,301,63
7/11/2015 4:00,-8.4,972.0,62.6,298,64
7/11/2015 5:00,-8.0,972.6,63.9,298,64
7/11/2015 6:00,-7.4,973.7,63.9,298,72
7/11/2015 7:00,-7.6,974.0,63.3,298,70
7/11/2015 8:00,-7.1,974.8,63.9,298,66
7/11/2015 9:00,-5.8,975.1,63.9,298,67
7/11/2015 10:00,-5.2,975.2,62.6,298,62
7/11/2015 11:00,-3.2,975.2,63.9,298,60
7/11/2015 12:00,-2.6,975.3,78.6,299,59
7/11/2015 13:00,-2.9,975.5,63.3,301,60
7/11/2015 14:00,-4.1,974.9,63.2,301,62
7/11/2015 15:00,-3.8,974.5,46.4,306,57
7/11/2015 16:00,-3.5,974.0,27.0,285,57
7/11/2015 17:00,-3.3,973.3,62.5,298,56
7/11/2015 18:00,-3.0,973.1,63.3,298,50
7/11/2015 19:00,-4.6,973.0,63.3,298,58
7/11/2015 20:00,-4.3,972.2,61.8,298,56
7/11/2015 21:00,-4.8,972.5,61.3,298,61
7/11/2015 22:00,-5.0,972.3,62.3,301,63
7/11/2015 23:00,-6.5,972.2,62.6,298,88
7/12/2015 0:00,0.0,955.2,24.2,136,41
7/12/2015 1:00,-0.1,955.7,26.4,151,42
7/12/2015 2:00,-0.9,955.9,22.2,162,43
7/12/2015 3:00,-0.6,956.3,22.3,159,39
7/12/2015 4:00,-0.6,956.5,22.1,164,36
7/12/2015 5:00,-1.2,956.9,22.6,168,38
7/12/2015 6:00,-0.1,957.3,20.1,158,37
7/12/2015 7:00,0.3,957.4,17.3,163,41
7/12/2015 8:00,1.8,957.7,15.1,116,33
7/12/2015 9:00,2.0,957.9,14.3,145,42
7/12/2015 10:00,2.8,958.4,15.5,77,33
7/12/2015 11:00,3.7,958.7,9.0,59,30
7/12/2015 12:00,4.3,958.8,7.8,340,31
7/12/2015 13:00,2.7,958.8,8.5,248,32
7/12/2015 14:00,2.6,958.9,10.7,260,41
7/12/2015 15:00,2.5,958.8,6.1,248,37
7/12/2015 16:00,3.2,958.9,13.2,317,39
7/12/2015 17:00,1.5,959.2,10.7,321,48
7/12/2015 18:00,1.0,959.4,10.4,308,46
7/12/2015 19:00,0.4,959.9,12.2,357,54
7/12/2015 20:00,-0.8,960.2,6.6,2,47
7/12/2015 21:00,-0.5,960.4,6.4,238,48
7/12/2015 22:00,-0.9,960.5,4.9,217,48
7/12/2015 23:00,-2.8,960.6,14.3,190,60
7/13/2015 0:00,-25.4,965.2,4.8,39,42
7/13/2015 1:00,-24.8,964.7,3.9,245,41
7/13/2015 2:00,-22.1,965.3,6.4,118,36
7/13/2015 3:00,-20.7,965.4,7.6,161,35
7/13/2015 4:00,-26.1,967.1,7.3,124,47
7/13/2015 5:00,-23.8,967.3,11.8,216,45
7/13/2015 6:00,-23.3,967.4,11.2,252,47
7/13/2015 7:00,-25.7,968.8,4.2,22,48
7/13/2015 8:00,-25.1,968.5,13.1,221,48
7/13/2015 9:00,-25.3,968.5,10.1,205,49
7/13/2015 10:00,-25.3,969.2,9.9,255,54
7/13/2015 11:00,-25.0,969.0,4.8,250,50
7/13/2015 12:00,-26.9,969.3,7.7,212,56
7/13/2015 13:00,-26.0,969.5,9.3,130,57
7/13/2015 14:00,-24.7,969.4,7.0,225,50
7/13/2015 15:00,-24.2,969.5,10.3,183,49
7/13/2015 16:00,-23.6,970.0,5.5,201,46
7/13/2015 17:00,-24.8,969.8,6.3,267,49
7/13/2015 18:00,-23.3,969.4,7.7,73,44
7/13/2015 19:00,-24.7,969.8,6.1,78,47
7/13/2015 20:00,-25.6,970.7,7.9,104,45
7/13/2015 21:00,-25.9,970.6,7.7,358,49
7/13/2015 22:00,-26.1,970.9,7.4,84,50
7/13/2015 23:00,-26.2,970.3,4.8,356,51
7/14/2015 0:00,-26.5,969.4,6.1,100,53
7/14/2015 1:00,-26.3,969.4,6.6,91,53
7/14/2015 2:00,-25.6,969.9,10.7,16,48
7/14/2015 3:00,-25.8,969.5,6.0,16,47
7/14/2015 4:00,-26.0,969.0,10.9,111,51
7/14/2015 5:00,-25.2,968.4,5.5,30,47
7/14/2015 6:00,-25.5,967.3,4.3,49,49
7/14/2015 7:00,-23.2,966.7,5.6,75,47
7/14/2015 8:00,-21.8,966.2,15.3,75,41
7/14/2015 9:00,-20.9,966.5,12.2,73,37
7/14/2015 10:00,-20.9,966.3,10.4,71,37
7/14/2015 11:00,-21.0,966.0,11.6,64,36
7/14/2015 12:00,-21.8,966.0,12.0,65,41
7/14/2015 13:00,-22.5,965.8,6.5,88,44
7/14/2015 14:00,-22.8,966.3,10.0,54,45
7/14/2015 15:00,-22.3,966.1,11.2,87,40
7/14/2015 16:00,-21.5,966.1,15.4,98,36
7/14/2015 17:00,-22.9,966.7,9.2,79,43
7/14/2015 18:00,-23.0,966.4,10.0,88,39
7/14/2015 19:00,-22.9,967.0,9.5,61,36
7/14/2015 20:00,-23.4,967.8,6.7,59,40
7/14/2015 21:00,-23.6,968.1,12.2,129,39
7/14/2015 22:00,-23.2,968.3,16.4,92,39
7/14/2015 23:00,-23.4,968.2,14.1,132,36
7/15/2015 0:00,-24.8,969.3,6.9,191,40
7/15/2015 1:00,-24.8,969.8,11.0,154,40
7/15/2015 2:00,-24.6,969.7,11.2,163,38
7/15/2015 3:00,-25.1,970.3,6.1,91,38
7/15/2015 4:00,-25.0,970.3,5.2,101,39
7/15/2015 5:00,-25.7,970.5,14.3,138,40
7/15/2015 6:00,-25.9,970.5,10.9,139,41
7/15/2015 7:00,-24.9,969.9,10.3,123,37
7/15/2015 8:00,-25.7,969.7,13.1,137,37
7/15/2015 9:00,-26.3,969.7,4.0,308,39
7/15/2015 10:00,-25.8,969.7,13.3,125,38
7/15/2015 11:00,-25.2,969.8,11.4,126,37
7/15/2015 12:00,-26.0,970.3,9.6,74,38
7/15/2015 13:00,-26.4,969.9,14.2,135,39
7/15/2015 14:00,-25.8,969.5,15.4,85,40
7/15/2015 15:00,-25.2,968.3,16.0,85,35
7/15/2015 16:00,-25.1,968.1,17.3,87,35
7/15/2015 17:00,-25.8,967.6,22.1,76,35
7/15/2015 18:00,-26.6,967.9,17.1,73,38
7/15/2015 19:00,-26.9,967.2,18.5,41,39
7/15/2015 20:00,-26.9,966.6,18.8,55,39
7/15/2015 21:00,-26.0,965.8,19.9,65,39
7/15/2015 22:00,-25.6,965.4,22.2,66,36
7/15/2015 23:00,-25.9,965.3,18.9,52,37
7/16/2015 0:00,-26.1,964.8,23.5,69,36
7/16/2015 1:00,-25.1,964.5,26.1,64,35
7/16/2015 2:00,-24.9,964.3,30.4,65,34
7/16/2015 3:00,-25.5,964.3,26.8,52,34
7/16/2015 4:00,-24.8,964.3,24.6,58,37
7/16/2015 5:00,-25.0,964.0,26.9,54,33
7/16/2015 6:00,-24.2,963.3,30.4,55,32
7/16/2015 7:00,-23.3,963.4,30.3,63,29
7/16/2015 8:00,-23.2,963.2,30.6,65,30
7/16/2015 9:00,-23.7,963.9,28.5,57,33
7/16/2015 10:00,-23.5,962.9,27.6,59,31
7/16/2015 11:00,-22.8,962.4,27.2,65,30
7/16/2015 12:00,-22.7,962.9,31.9,64,29
7/16/2015 13:00,-22.3,962.8,28.7,70,29
7/16/2015 14:00,-22.4,962.9,29.2,70,29
7/16/2015 15:00,-21.6,962.9,29.1,65,28
7/16/2015 16:00,-21.6,962.8,30.1,64,29
7/16/2015 17:00,-21.2,962.6,31.4,67,29
7/16/2015 18:00,-20.6,962.3,30.4,65,28
7/16/2015 19:00,-20.7,962.6,31.2,67,30
7/16/2015 20:00,-20.3,961.8,33.0,79,31
7/16/2015 21:00,-20.0,961.4,36.2,85,31
7/16/2015 22:00,-19.1,960.5,36.8,88,31
7/16/2015 23:00,-18.5,960.3,31.8,94,34
7/17/2015 0:00,-17.9,959.9,27.6,85,41
7/17/2015 1:00,-17.1,959.7,24.4,79,43
7/17/2015 2:00,-16.3,959.3,28.2,77,36
7/17/2015 3:00,-15.9,958.2,29.4,82,36
7/17/2015 4:00,-15.4,958.0,31.5,82,34
7/17/2015 5:00,-15.0,957.4,27.0,78,38
7/17/2015 6:00,-14.4,957.1,23.9,72,33
7/17/2015 7:00,-14.1,956.8,24.1,81,32
7/17/2015 8:00,-14.4,956.8,20.8,82,32
7/17/2015 9:00,-14.6,956.6,21.6,101,37
7/17/2015 10:00,-15.0,955.4,23.0,105,41
7/17/2015 11:00,-14.6,954.7,22.6,114,41
7/17/2015 12:00,-14.3,954.2,21.6,113,46
7/17/2015 13:00,-13.9,953.2,22.1,121,40
7/17/2015 14:00,-13.5,952.3,23.0,125,36
7/17/2015 15:00,-13.0,951.2,21.2,127,38
7/17/2015 16:00,-14.9,950.0,27.5,136,40
7/17/2015 17:00,-14.7,949.1,28.0,133,37
7/17/2015 18:00,-14.8,948.2,27.1,133,38
7/17/2015 19:00,-14.7,947.3,28.1,133,37
7/17/2015 20:00,-15.8,946.4,31.8,138,40
7/17/2015 21:00,-16.0,945.7,31.0,137,40
7/17/2015 22:00,-14.8,945.4,26.9,134,38
7/17/2015 23:00,-15.4,944.6,30.5,138,40
7/18/2015 0:00,-15.8,944.0,33.3,137,39
7/18/2015 1:00,-15.0,943.8,31.9,137,39
7/18/2015 2:00,-14.4,943.0,30.7,138,40
7/18/2015 3:00,-13.7,942.8,25.8,138,41
7/18/2015 4:00,-11.8,943.1,25.3,128,41
7/18/2015 5:00,-9.9,943.5,23.5,124,46
7/18/2015 6:00,-9.4,943.8,22.9,121,72
7/18/2015 7:00,-8.1,943.8,28.5,103,59
7/18/2015 8:00,-8.1,944.2,29.1,106,59
7/18/2015 9:00,-8.2,944.7,28.0,104,62
7/18/2015 10:00,-7.9,945.0,27.5,106,54
7/18/2015 11:00,-7.8,945.0,24.5,105,49
7/18/2015 12:00,-7.8,945.3,22.0,104,49
7/18/2015 13:00,-8.5,945.4,23.2,99,51
7/18/2015 14:00,-7.8,945.4,20.9,92,52
7/18/2015 15:00,-7.6,945.0,17.1,85,52
7/18/2015 16:00,-7.6,944.7,12.4,72,53
7/18/2015 17:00,-7.7,944.5,9.3,75,53
7/18/2015 18:00,-9.1,944.3,7.2,183,58
7/18/2015 19:00,-9.8,944.1,8.0,142,59
7/18/2015 20:00,-9.7,943.6,8.3,112,56
7/18/2015 21:00,-9.6,943.8,3.4,19,57
7/18/2015 22:00,-7.2,943.8,15.4,85,55
7/18/2015 23:00,-9.0,944.7,5.6,296,58
7/19/2015 0:00,-7.9,944.8,19.7,85,50
7/19/2015 1:00,-7.2,945.3,22.8,78,44
7/19/2015 2:00,-8.0,946.2,18.8,78,52
7/19/2015 3:00,-7.8,947.0,17.9,68,54
7/19/2015 4:00,-8.5,948.1,18.5,58,60
7/19/2015 5:00,-9.0,949.5,20.3,66,66
7/19/2015 6:00,-9.4,951.0,21.3,75,71
7/19/2015 7:00,-10.1,952.9,21.8,76,81
7/19/2015 8:00,-10.3,954.9,20.9,70,76
7/19/2015 9:00,-11.2,956.1,21.9,75,77
7/19/2015 10:00,-11.6,956.9,26.7,83,79
7/19/2015 11:00,-11.9,957.9,28.9,85,85
7/19/2015 12:00,-11.5,958.9,23.9,75,73
7/19/2015 13:00,-11.2,959.6,25.9,75,62
7/19/2015 14:00,-11.9,960.8,28.0,81,80
7/19/2015 15:00,-11.6,961.5,30.7,87,63
7/19/2015 16:00,-11.7,962.0,25.5,84,59
7/19/2015 17:00,-11.7,962.4,27.9,80,55
7/19/2015 18:00,-11.7,962.5,25.7,75,52
7/19/2015 19:00,-11.7,963.5,25.1,72,49
7/19/2015 20:00,-11.6,963.9,22.9,76,48
7/19/2015 21:00,-11.7,963.9,27.0,76,47
7/19/2015 22:00,-11.8,964.1,27.2,67,47
7/19/2015 23:00,-11.8,964.0,25.6,77,45
7/20/2015 0:00,-12.2,964.1,28.8,86,44
7/20/2015 1:00,-12.4,963.9,28.1,88,43
7/20/2015 2:00,-12.7,963.5,30.4,93,41
7/20/2015 3:00,-13.1,963.7,27.3,104,41
7/20/2015 4:00,-13.6,963.3,24.7,108,40
7/20/2015 5:00,-14.0,962.9,25.1,119,41
7/20/2015 6:00,-13.9,962.3,24.0,106,41
7/20/2015 7:00,-13.9,962.1,20.9,120,36
7/20/2015 8:00,-15.3,961.7,20.6,133,38
7/20/2015 9:00,-16.2,961.3,18.8,133,39
7/20/2015 10:00,-15.9,960.4,18.8,130,38
7/20/2015 11:00,-15.8,960.1,17.1,133,38
7/20/2015 12:00,-16.4,960.3,7.4,338,45
7/20/2015 13:00,-18.6,959.8,6.9,146,54
7/20/2015 14:00,-17.8,959.2,8.2,170,46
7/20/2015 15:00,-18.0,959.1,5.5,259,48
7/20/2015 16:00,-18.9,958.6,4.7,235,50
7/20/2015 17:00,-19.0,958.2,6.4,220,50
7/20/2015 18:00,-19.9,958.0,5.4,228,53
7/20/2015 19:00,-19.8,957.8,6.0,185,52
7/20/2015 20:00,-20.1,957.7,13.7,153,51
7/20/2015 21:00,-20.5,957.6,12.8,147,50
7/20/2015 22:00,-22.7,958.3,6.9,72,60
7/20/2015 23:00,-23.3,958.2,6.0,64,62
7/21/2015 0:00,-19.8,958.1,16.2,129,44
7/21/2015 1:00,-21.3,958.4,6.5,295,50
7/21/2015 2:00,-21.4,958.7,4.5,123,51
7/21/2015 3:00,-22.8,959.1,1.6,179,54
7/21/2015 4:00,-22.7,959.4,8.1,214,53
7/21/2015 5:00,-22.4,960.1,1.7,313,51
7/21/2015 6:00,-23.6,960.9,3.4,173,57
7/21/2015 7:00,-23.8,961.6,6.1,124,60
7/21/2015 8:00,-23.0,962.2,5.3,186,58
7/21/2015 9:00,-22.6,962.6,5.9,89,57
7/21/2015 10:00,-22.4,963.0,3.5,95,56
7/21/2015 11:00,-21.7,963.1,4.9,170,53
7/21/2015 12:00,-20.4,963.6,5.4,135,49
7/21/2015 13:00,-20.8,963.8,5.8,356,51
7/21/2015 14:00,-18.5,963.3,15.4,126,39
7/21/2015 15:00,-17.4,962.6,22.2,122,35
7/21/2015 16:00,-17.4,962.1,25.9,116,37
7/21/2015 17:00,-16.7,962.2,24.0,109,39
7/21/2015 18:00,-15.7,961.5,25.8,91,40
7/21/2015 19:00,-15.1,960.4,27.2,89,39
7/21/2015 20:00,-14.3,959.8,22.5,71,36
7/21/2015 21:00,-14.7,958.9,29.0,85,39
7/21/2015 22:00,-14.6,957.8,24.7,75,40
7/21/2015 23:00,-14.4,957.3,25.4,79,44
7/22/2015 0:00,-13.6,955.8,27.4,78,43
7/22/2015 1:00,-13.4,954.6,26.3,69,44
7/22/2015 2:00,-13.5,953.9,30.5,77,58
7/22/2015 3:00,-14.3,952.8,29.8,78,84
7/22/2015 4:00,-14.2,952.3,36.1,83,84
7/22/2015 5:00,-13.7,951.5,32.8,79,82
7/22/2015 6:00,-12.9,951.0,30.7,71,72
7/22/2015 7:00,-13.1,951.1,32.2,65,68
7/22/2015 8:00,-13.5,951.6,25.0,60,66
7/22/2015 9:00,-13.5,951.5,29.0,73,62
7/22/2015 10:00,-13.1,951.2,26.5,57,55
7/22/2015 11:00,-13.0,951.0,34.6,63,53
7/22/2015 12:00,-12.8,950.0,26.4,70,54
7/22/2015 13:00,-12.6,948.6,33.0,67,56
7/22/2015 14:00,-11.8,947.3,34.3,75,47
7/22/2015 15:00,-11.8,947.5,32.3,73,46
7/22/2015 16:00,-11.5,947.1,35.8,72,44
7/22/2015 17:00,-11.1,946.3,36.1,76,42
7/22/2015 18:00,-10.3,947.4,37.3,80,41
7/22/2015 19:00,-10.5,947.5,34.3,76,45
7/22/2015 20:00,-10.6,948.5,31.8,77,45
7/22/2015 21:00,-10.8,947.6,31.4,80,45
7/22/2015 22:00,-10.6,948.7,39.9,84,40
7/22/2015 23:00,-10.3,949.8,35.6,83,39
7/23/2015 0:00,-10.2,950.4,34.1,81,37
7/23/2015 1:00,-9.9,949.9,33.1,77,36
7/23/2015 2:00,-9.6,950.3,32.6,89,36
7/23/2015 3:00,-9.4,950.7,30.3,93,35
7/23/2015 4:00,-9.3,950.8,27.7,76,36
7/23/2015 5:00,-9.1,951.0,25.7,75,36
7/23/2015 6:00,-8.6,951.0,29.9,82,35
7/23/2015 7:00,-8.5,951.0,29.3,99,34
7/23/2015 8:00,-8.5,951.2,34.6,84,34
7/23/2015 9:00,-8.5,951.3,26.0,81,33
7/23/2015 10:00,-9.5,952.0,26.1,107,40
7/23/2015 11:00,-9.7,953.8,27.8,114,33
7/23/2015 12:00,-10.0,955.1,23.7,125,30
7/23/2015 13:00,-11.1,956.1,22.5,128,33
7/23/2015 14:00,-11.5,956.9,25.7,123,31
7/23/2015 15:00,-13.5,959.1,5.1,17,50
7/23/2015 16:00,-13.0,960.1,13.8,132,33
7/23/2015 17:00,-13.9,960.9,7.0,180,36
7/23/2015 18:00,-14.2,962.0,5.9,219,40
7/23/2015 19:00,-15.9,961.8,10.1,101,50
7/23/2015 20:00,-16.8,962.2,6.1,98,49
7/23/2015 21:00,-15.9,962.0,3.6,41,42
7/23/2015 22:00,-16.3,962.4,11.8,154,46
7/23/2015 23:00,-18.0,962.6,16.7,149,50
7/24/2015 0:00,-16.3,962.6,9.0,170,47
7/24/2015 1:00,-17.6,962.1,9.7,173,49
7/24/2015 2:00,-17.4,962.2,8.3,138,48
7/24/2015 3:00,-17.7,962.1,11.6,152,47
7/24/2015 4:00,-17.6,961.7,5.9,166,48
7/24/2015 5:00,-17.7,961.5,8.4,132,40
7/24/2015 6:00,-17.7,961.3,7.3,134,40
7/24/2015 7:00,-17.8,961.7,10.8,162,42
7/24/2015 8:00,-18.3,961.9,9.7,144,39
7/24/2015 9:00,-20.2,961.8,6.0,59,50
7/24/2015 10:00,-16.5,960.6,10.2,151,37
7/24/2015 11:00,-19.6,962.1,9.0,41,49
7/24/2015 12:00,-16.5,961.9,13.2,97,41
7/24/2015 13:00,-15.7,961.8,15.4,65,39
7/24/2015 14:00,-15.8,962.4,15.8,63,43
7/24/2015 15:00,-15.9,962.3,15.8,57,43
7/24/2015 16:00,-16.0,962.3,16.8,64,47
7/24/2015 17:00,-16.4,962.7,18.3,78,71
7/24/2015 18:00,-16.5,963.3,18.4,65,73
7/24/2015 19:00,-16.9,963.7,21.1,70,74
7/24/2015 20:00,-17.4,964.5,20.4,64,76
7/24/2015 21:00,-17.7,965.4,19.4,77,77
7/24/2015 22:00,-18.1,965.3,20.6,67,79
7/24/2015 23:00,-18.0,966.4,17.8,73,72
7/25/2015 0:00,-17.4,966.7,19.0,76,68
7/25/2015 1:00,-16.9,966.7,18.8,77,65
7/25/2015 2:00,-16.6,966.1,23.1,77,66
7/25/2015 3:00,-16.3,966.1,23.6,80,66
7/25/2015 4:00,-16.2,965.4,24.0,85,73
7/25/2015 5:00,-16.0,964.9,22.8,79,76
7/25/2015 6:00,-15.9,964.1,21.9,80,76
7/25/2015 7:00,-15.7,963.6,23.9,78,77
7/25/2015 8:00,-15.3,962.8,23.9,77,81
7/25/2015 9:00,-15.1,961.6,27.0,78,85
7/25/2015 10:00,-14.4,960.8,29.1,81,85
7/25/2015 11:00,-14.6,960.4,26.3,73,85
7/25/2015 12:00,-13.9,958.7,29.9,68,87
7/25/2015 13:00,-14.0,957.3,30.5,70,87
7/25/2015 14:00,-13.8,955.6,36.5,69,87
7/25/2015 15:00,-14.0,954.3,35.4,70,86
7/25/2015 16:00,-14.4,953.2,35.6,72,86
7/25/2015 17:00,-14.1,951.9,40.8,78,86
7/25/2015 18:00,-13.9,950.5,42.9,82,87
7/25/2015 19:00,-13.6,948.8,41.1,83,87
7/25/2015 20:00,-13.7,948.9,41.2,83,87
7/25/2015 21:00,-13.9,948.1,43.2,82,87
7/25/2015 22:00,-14.0,948.0,62.6,299,87
7/25/2015 23:00,-14.0,948.6,61.8,298,87
7/26/2015 0:00,-14.0,947.9,62.3,298,87
7/26/2015 1:00,-14.2,948.0,61.3,300,86
7/26/2015 2:00,-14.3,948.0,60.4,298,86
7/26/2015 3:00,-14.6,948.3,62.9,299,86
7/26/2015 4:00,-14.7,949.1,63.2,298,86
7/26/2015 5:00,-14.9,948.8,63.2,298,86
7/26/2015 6:00,-15.2,949.4,63.6,300,86
7/26/2015 7:00,-15.3,950.7,63.2,299,85
7/26/2015 8:00,-15.4,951.0,61.9,298,85
7/26/2015 9:00,-15.6,950.8,61.3,298,85
7/26/2015 10:00,-16.1,951.0,60.5,300,85
7/26/2015 11:00,-16.8,953.3,55.7,294,85
7/26/2015 12:00,-18.1,955.1,59.9,297,84
7/26/2015 13:00,-19.1,955.0,63.4,298,83
7/26/2015 14:00,-19.1,955.0,66.4,299,82
7/26/2015 15:00,-19.6,957.2,62.6,298,82
7/26/2015 16:00,-20.4,958.3,59.8,299,82
7/26/2015 17:00,-20.7,958.4,61.9,299,81
7/26/2015 18:00,-21.1,959.1,63.2,298,81
7/26/2015 19:00,-21.2,959.9,63.2,299,81
7/26/2015 20:00,-21.1,960.6,56.5,300,81
7/26/2015 21:00,-20.8,960.7,61.3,298,81
7/26/2015 22:00,-20.2,960.4,47.5,294,81
7/26/2015 23:00,-19.8,960.8,62.6,298,82
7/27/2015 0:00,-19.8,961.0,63.6,298,82
7/27/2015 1:00,-19.9,961.1,63.2,299,82
7/27/2015 2:00,-19.9,960.9,62.5,298,82
7/27/2015 3:00,-19.8,960.6,61.3,299,82
7/27/2015 4:00,-19.7,960.4,61.9,300,82
7/27/2015 5:00,-19.6,960.3,63.2,298,82
7/27/2015 6:00,-19.8,960.3,61.9,301,82
7/27/2015 7:00,-19.6,960.3,49.1,290,82
7/27/2015 8:00,-19.6,960.2,61.3,298,82
7/27/2015 9:00,-19.5,959.6,48.0,301,82
7/27/2015 10:00,-19.1,958.5,51.1,307,82
7/27/2015 11:00,-18.8,957.5,62.6,298,83
7/27/2015 12:00,-18.3,956.6,63.9,298,83
7/27/2015 13:00,-18.0,955.5,63.2,299,83
7/27/2015 14:00,-17.7,954.2,62.5,300,84
7/27/2015 15:00,-17.8,952.4,62.5,300,83
7/27/2015 16:00,-17.3,950.8,62.6,298,84
7/27/2015 17:00,-16.9,949.5,61.2,298,84
7/27/2015 18:00,-16.5,948.2,61.3,301,77
7/27/2015 19:00,-17.0,946.7,62.6,300,74
7/27/2015 20:00,-16.7,945.7,62.6,298,69
7/27/2015 21:00,-16.3,944.6,63.9,298,60
7/27/2015 22:00,-17.3,944.2,63.2,299,71
7/27/2015 23:00,-19.2,943.6,62.6,300,72
7/28/2015 0:00,-20.2,943.1,63.2,298,73
7/28/2015 1:00,-21.3,942.5,61.9,299,73
7/28/2015 2:00,-21.2,941.9,62.1,300,74
7/28/2015 3:00,-20.9,941.5,63.9,298,76
7/28/2015 4:00,-20.5,941.2,62.6,298,77
7/28/2015 5:00,-20.0,940.9,62.6,298,79
7/28/2015 6:00,-19.7,940.6,63.9,298,80
7/28/2015 7:00,-19.8,941.3,63.5,299,80
7/28/2015 8:00,-18.7,942.6,25.0,278,80
7/28/2015 9:00,-16.8,944.4,62.1,298,70
7/28/2015 10:00,-18.5,946.6,61.3,298,80
7/28/2015 11:00,-17.7,948.4,60.1,299,84
7/28/2015 12:00,-16.7,949.8,61.9,301,83
7/28/2015 13:00,-16.5,950.6,62.6,298,82
7/28/2015 14:00,-13.5,952.4,63.2,298,87
7/28/2015 15:00,-14.5,954.6,63.6,298,85
7/28/2015 16:00,-15.6,956.9,63.2,301,84
7/28/2015 17:00,-15.3,957.7,62.6,298,84
7/28/2015 18:00,-15.8,957.9,62.0,298,84
7/28/2015 19:00,-15.4,957.8,61.3,298,85
7/28/2015 20:00,-15.1,958.1,61.2,298,84
7/28/2015 21:00,-14.4,957.7,61.7,301,84
7/28/2015 22:00,-14.1,957.0,62.3,298,81
7/28/2015 23:00,-14.7,956.4,63.9,298,81
7/29/2015 0:00,-14.9,955.8,63.9,298,81
7/29/2015 1:00,-14.7,954.6,62.4,300,82
7/29/2015 2:00,-14.5,954.2,58.9,301,79
7/29/2015 3:00,-15.1,953.4,63.1,298,80
7/29/2015 4:00,-14.0,952.6,61.3,298,79
7/29/2015 5:00,-13.7,951.9,61.9,298,78
7/29/2015 6:00,-13.0,951.6,61.9,301,77
7/29/2015 7:00,-13.7,951.0,61.9,298,78
7/29/2015 8:00,-13.4,950.7,63.9,298,77
7/29/2015 9:00,-12.1,949.7,62.6,298,74
7/29/2015 10:00,-11.2,948.3,59.4,299,73
7/29/2015 11:00,-10.4,947.0,49.0,296,69
7/29/2015 12:00,-10.8,945.7,62.6,298,67
7/29/2015 13:00,-10.0,945.2,61.9,298,54
7/29/2015 14:00,-10.3,945.2,61.9,298,50
7/29/2015 15:00,-11.2,944.9,61.9,301,50
7/29/2015 16:00,-9.0,944.8,62.1,297,49
7/29/2015 17:00,-8.3,945.2,62.3,298,52
7/29/2015 18:00,-7.7,945.0,63.9,298,53
7/29/2015 19:00,-8.3,946.3,63.9,298,64
7/29/2015 20:00,-8.5,947.1,62.6,301,56
7/29/2015 21:00,-10.3,949.8,62.6,298,57
7/29/2015 22:00,-11.3,949.1,61.9,298,70
7/29/2015 23:00,-11.7,950.4,61.9,298,59
7/30/2015 0:00,-11.3,950.4,62.0,299,50
7/30/2015 1:00,-11.7,950.4,53.5,298,52
7/30/2015 2:00,-11.8,950.5,62.6,298,51
7/30/2015 3:00,-10.5,950.6,63.9,298,46
7/30/2015 4:00,-10.0,951.8,63.2,298,44
7/30/2015 5:00,-9.5,952.9,63.6,301,57
7/30/2015 6:00,-8.9,953.0,61.0,296,50
7/30/2015 7:00,-8.6,953.9,62.6,298,44
7/30/2015 8:00,-9.2,954.9,62.1,298,41
7/30/2015 9:00,-9.5,954.7,63.2,298,39
7/30/2015 10:00,-11.3,954.8,62.6,301,47
7/30/2015 11:00,-11.2,954.6,61.9,298,42
7/30/2015 12:00,-12.5,954.4,63.9,298,56
7/30/2015 13:00,-10.2,954.7,63.2,298,41
7/30/2015 14:00,-10.1,955.3,63.3,299,51
7/30/2015 15:00,-9.9,955.8,51.6,303,43
7/30/2015 16:00,-10.1,956.3,62.6,298,42
7/30/2015 17:00,-10.8,957.2,61.3,298,41
7/30/2015 18:00,-10.2,957.3,61.3,298,38
7/30/2015 19:00,-9.7,957.8,61.9,301,36
7/30/2015 20:00,-9.7,958.2,61.9,298,38
7/30/2015 21:00,-9.4,958.7,63.8,298,42
7/30/2015 22:00,-10.1,958.8,63.2,298,47
7/30/2015 23:00,-10.2,958.9,64.1,298,51
7/31/2015 0:00,-10.5,959.4,59.3,302,56
7/31/2015 1:00,-9.8,959.9,63.2,298,43
7/31/2015 2:00,-10.4,959.7,61.6,298,44
7/31/2015 3:00,-10.4,960.1,61.3,298,39
7/31/2015 4:00,-9.9,959.3,60.8,300,37
7/31/2015 5:00,-10.3,959.1,42.1,281,51
7/31/2015 6:00,-11.3,959.3,62.9,298,68
7/31/2015 7:00,-11.7,960.2,62.3,299,71
7/31/2015 8:00,-11.9,961.1,63.9,298,72
7/31/2015 9:00,-12.3,961.4,62.6,301,72
7/31/2015 10:00,-12.2,961.9,62.6,298,64
7/31/2015 11:00,-12.1,962.8,61.3,298,69
7/31/2015 12:00,-11.4,963.8,62.6,298,68
7/31/2015 13:00,-11.4,964.0,61.0,299,68
7/31/2015 14:00,-12.1,965.1,13.1,287,71
7/31/2015 15:00,-12.5,966.1,61.9,298,75
7/31/2015 16:00,-12.4,966.1,63.9,298,72
7/31/2015 17:00,-12.7,966.2,63.9,298,59
7/31/2015 18:00,-12.1,965.7,63.3,301,52
7/31/2015 19:00,-12.4,966.2,63.2,298,54
7/31/2015 20:00,-12.7,965.9,61.9,298,53
7/31/2015 21:00,-12.0,964.6,62.3,298,50
7/31/2015 22:00,-11.6,963.9,60.8,299,46
7/31/2015 23:00,-11.6,963.0,51.6,305,47
8/6/2015 0:00,-12.3,970.1,15.1,107,51
8/6/2015 1:00,-12.8,970.3,13.3,107,53
8/6/2015 2:00,-13.0,970.1,14.1,113,54
8/6/2015 3:00,-12.8,970.0,20.2,114,50
8/6/2015 4:00,-12.8,970.2,21.9,111,49
8/6/2015 5:00,-12.7,970.1,22.7,114,50
8/6/2015 6:00,-12.5,969.7,23.3,109,51
8/6/2015 7:00,-12.7,969.3,18.4,106,53
8/6/2015 8:00,-12.6,968.9,18.7,100,53
8/6/2015 9:00,-12.5,968.8,18.6,99,48
8/6/2015 10:00,-12.6,968.7,15.2,105,50
8/6/2015 11:00,-12.7,968.8,13.1,107,52
8/6/2015 12:00,-12.7,968.5,12.1,88,49
8/6/2015 13:00,-12.7,968.2,13.7,75,50
8/6/2015 14:00,-12.7,968.0,10.3,89,49
8/6/2015 15:00,-13.2,967.3,12.3,99,54
8/6/2015 16:00,-13.5,967.1,14.2,93,58
8/6/2015 17:00,-13.8,966.9,16.9,81,57
8/6/2015 18:00,-13.8,966.3,22.3,98,59
8/6/2015 19:00,-13.9,965.7,23.9,108,58
8/6/2015 20:00,-14.0,965.8,23.0,103,62
8/6/2015 21:00,-20.1,967.1,7.4,302,74
8/6/2015 22:00,-20.2,966.2,4.4,24,72
8/6/2015 23:00,-20.1,966.5,7.3,332,76
8/7/2015 0:00,-17.3,948.9,15.2,55,45
8/7/2015 1:00,-17.7,948.5,12.1,71,45
8/7/2015 2:00,-17.9,948.4,10.3,79,46
8/7/2015 3:00,-18.2,947.8,9.6,68,45
8/7/2015 4:00,-18.3,947.2,9.5,74,45
8/7/2015 5:00,-18.4,946.8,10.4,72,44
8/7/2015 6:00,-18.5,946.4,11.9,123,46
8/7/2015 7:00,-18.7,946.0,14.6,127,50
8/7/2015 8:00,-18.7,945.8,17.3,122,39
8/7/2015 9:00,-19.8,945.6,15.4,128,41
8/7/2015 10:00,-20.5,945.8,6.3,129,48
8/7/2015 11:00,-20.1,945.7,15.3,119,35
8/7/2015 12:00,-20.4,945.6,17.4,125,36
8/7/2015 13:00,-20.1,945.7,23.2,113,36
8/7/2015 14:00,-20.0,946.0,22.7,114,40
8/7/2015 15:00,-19.7,946.3,24.4,116,50
8/7/2015 16:00,-19.2,947.2,16.3,85,49
8/7/2015 17:00,-19.3,947.9,14.5,67,42
8/7/2015 18:00,-19.8,948.3,11.1,67,44
8/7/2015 19:00,-20.5,948.5,12.1,70,48
8/7/2015 20:00,-20.2,948.9,13.0,69,42
8/7/2015 21:00,-20.7,949.2,7.3,49,48
8/7/2015 22:00,-20.5,949.6,14.7,61,42
8/7/2015 23:00,-21.1,950.3,10.8,61,44
8/8/2015 0:00,-25.4,962.5,61.2,299,55
8/8/2015 1:00,-24.3,962.5,62.6,298,58
8/8/2015 2:00,-22.6,961.7,61.9,298,53
8/8/2015 3:00,-22.1,962.1,63.2,298,51
8/8/2015 4:00,-22.1,962.1,63.2,298,51
8/8/2015 5:00,-22.1,962.7,61.9,298,51
8/8/2015 6:00,-21.2,963.1,62.6,300,48
8/8/2015 7:00,-22.4,963.5,63.9,298,55
8/8/2015 8:00,-22.6,963.8,63.2,298,56
8/8/2015 9:00,-24.1,963.5,50.6,291,59
8/8/2015 10:00,-24.0,963.3,61.3,298,58
8/8/2015 11:00,-22.8,963.4,62.9,299,55
8/8/2015 12:00,-23.3,963.3,62.6,298,53
8/8/2015 13:00,-25.2,963.8,63.9,298,58
8/8/2015 14:00,-25.5,964.3,63.2,300,58
8/8/2015 15:00,-26.1,965.0,61.9,298,58
8/8/2015 16:00,-25.7,965.6,61.3,298,58
8/8/2015 17:00,-26.1,965.8,40.5,297,56
8/8/2015 18:00,-23.3,966.4,62.6,299,48
8/8/2015 19:00,-22.3,966.7,60.2,299,42
8/8/2015 20:00,-22.4,967.4,63.2,298,42
8/8/2015 21:00,-21.8,967.9,61.9,298,39
8/8/2015 22:00,-25.1,968.8,62.6,301,48
8/8/2015 23:00,-24.3,968.7,62.6,298,48
8/9/2015 0:00,-13.8,959.9,61.9,300,71
8/9/2015 1:00,-13.7,960.5,62.6,299,71
8/9/2015 2:00,-13.9,960.9,63.2,298,74
8/9/2015 3:00,-14.0,961.3,63.2,298,78
8/9/2015 4:00,-14.5,961.7,67.7,299,85
8/9/2015 5:00,-14.4,962.0,59.0,304,86
8/9/2015 6:00,-14.3,962.5,62.6,299,86
8/9/2015 7:00,-14.3,962.7,62.6,298,86
8/9/2015 8:00,-14.0,963.2,62.6,298,87
8/9/2015 9:00,-13.8,963.5,62.5,298,87
8/9/2015 10:00,-13.7,963.6,62.2,299,87
8/9/2015 11:00,-13.5,963.7,61.7,300,87
8/9/2015 12:00,-13.3,964.2,62.6,298,87
8/9/2015 13:00,-12.5,963.9,63.9,298,82
8/9/2015 14:00,-11.9,963.9,63.2,299,79
8/9/2015 15:00,-11.5,964.1,64.5,299,77
8/9/2015 16:00,-11.5,964.5,42.9,284,80
8/9/2015 17:00,-11.2,964.9,61.5,298,73
8/9/2015 18:00,-11.1,964.9,61.3,298,65
8/9/2015 19:00,-11.0,964.8,61.3,299,52
8/9/2015 20:00,-12.2,965.2,64.0,299,63
8/9/2015 21:00,-13.6,964.9,62.6,298,65
8/9/2015 22:00,-13.1,964.8,62.6,298,63
8/9/2015 23:00,-14.0,965.6,65.1,298,63
8/10/2015 0:00,-4.6,972.2,63.9,298,37
8/10/2015 1:00,-4.7,972.5,63.9,298,37
8/10/2015 2:00,-5.7,973.0,63.7,300,40
8/10/2015 3:00,-5.7,973.4,62.8,297,35
8/10/2015 4:00,-6.3,974.0,61.9,298,39
8/10/2015 5:00,-6.2,974.4,61.2,298,37
8/10/2015 6:00,-6.2,974.8,61.3,298,37
8/10/2015 7:00,-6.0,975.1,63.4,299,37
8/10/2015 8:00,-5.0,975.0,12.5,330,39
8/10/2015 9:00,-5.0,975.0,61.9,298,41
8/10/2015 10:00,-4.5,974.7,62.6,298,35
8/10/2015 11:00,-4.5,974.6,62.6,298,39
8/10/2015 12:00,-4.4,974.3,63.9,298,35
8/10/2015 13:00,-4.7,974.3,63.3,298,33
8/10/2015 14:00,-5.1,973.9,63.9,298,37
8/10/2015 15:00,-5.6,974.2,63.3,298,36
8/10/2015 16:00,-5.6,974.0,61.6,298,30
8/10/2015 17:00,-6.0,974.0,47.8,295,66
8/10/2015 18:00,-5.8,974.1,63.3,298,42
8/10/2015 19:00,-6.1,974.0,61.3,298,40
8/10/2015 20:00,-6.5,974.3,61.3,298,44
8/10/2015 21:00,-6.3,974.2,62.1,298,38
8/10/2015 22:00,-5.6,973.9,25.9,311,40
8/10/2015 23:00,-6.0,974.3,62.6,298,38
8/11/2015 0:00,-6.9,972.8,63.1,298,93
8/11/2015 1:00,-7.4,973.2,63.2,298,93
8/11/2015 2:00,-7.1,971.6,63.9,298,94
8/11/2015 3:00,-6.8,972.6,62.6,301,94
8/11/2015 4:00,-6.6,971.3,62.6,298,95
8/11/2015 5:00,-6.6,970.4,62.0,298,95
8/11/2015 6:00,-6.5,968.8,62.6,298,95
8/11/2015 7:00,-6.5,968.9,61.3,298,95
8/11/2015 8:00,-7.3,968.0,62.0,301,94
8/11/2015 9:00,-7.5,966.9,61.9,298,94
8/11/2015 10:00,-7.9,967.1,62.6,298,93
8/11/2015 11:00,-7.8,966.7,63.3,298,94
8/11/2015 12:00,-7.5,965.0,63.6,298,94
8/11/2015 13:00,-7.2,964.7,50.1,307,94
8/11/2015 14:00,-6.9,963.1,63.0,299,94
8/11/2015 15:00,-6.7,961.8,61.9,298,95
8/11/2015 16:00,-6.5,962.6,61.9,298,95
8/11/2015 17:00,-6.6,964.3,61.3,298,95
8/11/2015 18:00,-6.6,964.0,24.8,297,95
8/11/2015 19:00,-6.7,964.1,62.6,298,95
8/11/2015 20:00,-6.8,964.9,63.3,298,95
8/11/2015 21:00,-6.6,964.1,63.9,298,95
8/11/2015 22:00,-6.5,964.5,62.9,301,95
8/11/2015 23:00,-6.3,963.9,63.3,298,95
8/12/2015 0:00,-3.0,960.9,15.4,178,46
8/12/2015 1:00,-2.6,961.3,14.2,164,48
8/12/2015 2:00,-2.9,961.4,12.9,174,48
8/12/2015 3:00,-2.9,961.4,18.4,173,42
8/12/2015 4:00,-2.5,961.5,19.7,166,36
8/12/2015 5:00,-2.4,961.8,17.1,171,39
8/12/2015 6:00,-2.1,962.0,16.1,163,45
8/12/2015 7:00,-0.6,962.2,19.3,137,35
8/12/2015 8:00,0.0,962.6,19.2,133,37
8/12/2015 9:00,0.5,962.8,16.0,128,40
8/12/2015 10:00,1.0,963.1,15.5,99,41
8/12/2015 11:00,1.6,963.2,12.5,82,41
8/12/2015 12:00,3.0,963.4,13.5,65,42
8/12/2015 13:00,2.8,963.5,13.7,74,44
8/12/2015 14:00,2.4,963.5,10.5,93,43
8/12/2015 15:00,0.6,963.4,10.2,155,48
8/12/2015 16:00,1.2,963.4,8.1,48,49
8/12/2015 17:00,0.4,963.3,9.7,46,52
8/12/2015 18:00,-0.9,963.6,8.4,344,61
8/12/2015 19:00,-0.8,963.8,8.9,6,57
8/12/2015 20:00,-1.7,964.1,6.2,84,60
8/12/2015 21:00,-1.0,964.2,7.1,114,58
8/12/2015 22:00,-1.6,964.4,6.4,136,64
8/12/2015 23:00,-2.5,964.6,11.1,163,67
8/13/2015 0:00,-13.8,960.6,63.2,298,39
8/13/2015 1:00,-15.7,960.4,61.5,298,41
8/13/2015 2:00,-15.9,960.2,61.9,298,40
8/13/2015 3:00,-14.6,960.9,61.3,298,38
8/13/2015 4:00,-15.3,960.6,61.9,301,38
8/13/2015 5:00,-15.4,960.6,62.6,298,40
8/13/2015 6:00,-15.2,959.9,62.6,298,30
8/13/2015 7:00,-15.8,959.4,63.2,298,34
8/13/2015 8:00,-16.4,958.6,70.7,300,32
8/13/2015 9:00,-15.1,957.9,60.8,301,33
8/13/2015 10:00,-15.4,956.9,62.6,298,33
8/13/2015 11:00,-14.5,956.3,61.9,298,31
8/13/2015 12:00,-14.6,956.0,61.3,298,35
8/13/2015 13:00,-15.4,955.2,61.9,301,36
8/13/2015 14:00,-14.4,954.4,61.9,298,32
8/13/2015 15:00,-14.6,953.5,63.2,298,31
8/13/2015 16:00,-13.3,952.9,63.9,298,26
8/13/2015 17:00,-13.8,952.2,64.2,298,28
8/13/2015 18:00,-13.8,951.8,57.2,306,29
8/13/2015 19:00,-13.9,951.9,63.2,298,32
8/13/2015 20:00,-13.4,951.1,61.4,298,27
8/13/2015 21:00,-14.6,951.6,61.9,298,30
8/13/2015 22:00,-15.6,951.6,62.6,301,36
8/13/2015 23:00,-15.0,951.1,62.5,298,32
8/14/2015 0:00,-14.6,951.1,63.9,298,32
8/14/2015 1:00,-13.1,951.1,63.9,298,27
8/14/2015 2:00,-14.7,951.8,64.5,298,34
8/14/2015 3:00,-15.6,952.5,50.1,307,36
8/14/2015 4:00,-15.5,952.5,63.2,298,31
8/14/2015 5:00,-16.1,952.8,61.9,298,36
8/14/2015 6:00,-16.1,953.1,61.9,298,33
8/14/2015 7:00,-16.3,953.6,61.9,301,31
8/14/2015 8:00,-16.7,953.6,61.9,298,33
8/14/2015 9:00,-16.5,953.0,63.9,298,31
8/14/2015 10:00,-16.3,953.4,62.6,298,32
8/14/2015 11:00,-15.9,953.2,63.2,298,32
8/14/2015 12:00,-15.4,953.0,61.1,305,32
8/14/2015 13:00,-14.9,952.6,62.6,298,31
8/14/2015 14:00,-14.6,952.2,62.6,298,34
8/14/2015 15:00,-14.2,952.5,61.9,298,35
8/14/2015 16:00,-14.4,952.2,56.9,300,38
8/14/2015 17:00,-14.0,951.5,41.4,278,37
8/14/2015 18:00,-15.0,950.9,62.6,298,37
8/14/2015 19:00,-14.6,950.2,61.8,298,37
8/14/2015 20:00,-14.3,949.6,63.9,298,37
8/14/2015 21:00,-13.2,949.2,63.2,301,35
8/14/2015 22:00,-13.4,948.7,62.6,298,35
8/14/2015 23:00,-13.7,948.5,61.9,298,35
8/15/2015 0:00,-13.8,948.1,62.6,298,36
8/15/2015 1:00,-13.7,948.2,65.3,299,36
8/15/2015 2:00,-13.7,948.4,53.8,307,36
8/15/2015 3:00,-13.8,948.1,61.9,298,34
8/15/2015 4:00,-14.0,948.3,63.1,299,35
8/15/2015 5:00,-14.1,948.0,63.2,298,35
8/15/2015 6:00,-14.4,948.0,63.0,301,36
8/15/2015 7:00,-14.1,948.3,62.6,298,35
8/15/2015 8:00,-14.1,948.8,61.9,298,36
8/15/2015 9:00,-13.9,949.5,61.3,298,34
8/15/2015 10:00,-14.4,950.0,61.5,298,36
8/15/2015 11:00,-14.4,950.1,40.5,303,36
8/15/2015 12:00,-14.5,951.0,62.6,298,38
8/15/2015 13:00,-14.6,952.0,63.9,298,36
8/15/2015 14:00,-15.4,952.8,63.9,298,39
8/15/2015 15:00,-16.0,953.6,61.8,301,40
8/15/2015 16:00,-16.4,953.8,62.5,302,38
8/15/2015 17:00,-16.3,954.5,61.9,298,37
8/15/2015 18:00,-16.9,955.5,61.3,298,40
8/15/2015 19:00,-16.8,955.8,61.9,298,37
8/15/2015 20:00,-16.6,956.9,62.6,301,37
8/15/2015 21:00,-17.3,957.4,61.9,298,43
8/15/2015 22:00,-17.3,957.6,63.4,298,38
8/15/2015 23:00,-17.3,958.4,63.9,298,40
8/16/2015 0:00,-16.9,958.7,66.9,300,40
8/16/2015 1:00,-17.1,959.7,48.3,291,45
8/16/2015 2:00,-17.1,959.4,62.2,298,50
8/16/2015 3:00,-17.1,959.8,61.9,298,58
8/16/2015 4:00,-17.2,960.0,61.9,298,50
8/16/2015 5:00,-17.0,960.4,61.9,301,46
8/16/2015 6:00,-17.2,960.6,62.6,298,52
8/16/2015 7:00,-17.5,960.4,63.2,298,54
8/16/2015 8:00,-17.7,960.4,63.2,298,53
8/16/2015 9:00,-17.9,961.0,55.4,299,63
8/16/2015 10:00,-18.1,961.0,40.5,277,79
8/16/2015 11:00,-17.8,961.1,60.5,302,64
8/16/2015 12:00,-17.8,960.6,62.6,298,66
8/16/2015 13:00,-17.6,960.2,61.9,298,68
8/16/2015 14:00,-18.0,960.3,61.3,300,73
8/16/2015 15:00,-17.5,959.7,62.6,299,58
8/16/2015 16:00,-17.4,959.4,63.9,298,58
8/16/2015 17:00,-17.4,958.9,63.2,298,59
8/16/2015 18:00,-17.1,958.6,63.2,298,57
8/16/2015 19:00,-16.9,958.2,32.7,286,55
8/16/2015 20:00,-16.8,957.5,57.6,301,55
8/16/2015 21:00,-16.7,958.0,61.3,298,54
8/16/2015 22:00,-17.2,958.0,61.3,298,56
8/16/2015 23:00,-17.2,957.6,61.3,300,57
8/17/2015 0:00,-17.2,957.4,62.5,299,56
8/17/2015 1:00,-17.4,957.0,63.2,298,57
8/17/2015 2:00,-17.2,956.1,63.9,298,51
8/17/2015 3:00,-16.9,956.5,59.0,299,45
8/17/2015 4:00,-17.5,955.9,41.3,310,44
8/17/2015 5:00,-17.2,955.9,62.6,299,42
8/17/2015 6:00,-16.6,955.7,60.5,298,37
8/17/2015 7:00,-16.7,956.1,61.3,298,38
8/17/2015 8:00,-16.6,956.1,61.3,300,36
8/17/2015 9:00,-16.9,956.4,61.3,299,38
8/17/2015 10:00,-16.7,956.4,62.9,297,38
8/17/2015 11:00,-16.4,956.7,63.9,298,36
8/17/2015 12:00,-16.2,956.9,59.6,298,37
8/17/2015 13:00,-16.3,956.7,55.7,296,36
8/17/2015 14:00,-17.1,956.9,63.2,299,37
8/17/2015 15:00,-16.7,956.6,63.2,298,36
8/17/2015 16:00,-15.6,956.1,61.9,298,32
8/17/2015 17:00,-15.6,956.3,61.2,300,34
8/17/2015 18:00,-15.4,956.9,61.0,298,34
8/17/2015 19:00,-15.2,957.2,61.6,302,33
8/17/2015 20:00,-15.0,957.2,63.2,298,31
8/17/2015 21:00,-15.3,957.3,63.9,298,33
8/17/2015 22:00,-14.9,957.6,63.2,299,31
8/17/2015 23:00,-15.1,957.1,62.6,299,33
8/18/2015 0:00,-14.6,956.5,61.9,298,31
8/18/2015 1:00,-14.8,956.4,61.3,298,32
8/18/2015 2:00,-14.7,956.1,59.7,299,32
8/18/2015 3:00,-14.7,956.1,51.6,294,33
8/18/2015 4:00,-14.6,955.9,62.9,300,33
8/18/2015 5:00,-14.4,956.0,63.2,298,33
8/18/2015 6:00,-14.5,955.8,63.9,298,35
8/18/2015 7:00,-14.3,955.7,63.2,299,34
8/18/2015 8:00,-14.2,955.9,62.6,300,34
8/18/2015 9:00,-13.9,956.0,61.9,298,34
8/18/2015 10:00,-14.2,955.8,61.9,298,35
8/18/2015 11:00,-14.2,956.5,57.2,299,36
8/18/2015 12:00,-14.2,956.4,52.9,301,36
8/18/2015 13:00,-14.0,956.8,62.6,300,36
8/18/2015 14:00,-14.0,956.5,61.9,298,35
8/18/2015 15:00,-13.8,956.5,63.9,298,35
8/18/2015 16:00,-13.8,956.6,63.2,299,36
8/18/2015 17:00,-13.7,956.0,62.7,300,37
8/18/2015 18:00,-13.8,956.6,62.6,298,36
8/18/2015 19:00,-13.6,957.3,62.1,298,35
8/18/2015 20:00,-14.2,957.8,59.1,298,36
8/18/2015 21:00,-14.8,957.3,61.8,299,38
8/18/2015 22:00,-14.2,956.8,62.0,300,36
8/18/2015 23:00,-14.0,956.8,61.9,298,37
8/19/2015 0:00,-13.7,955.9,63.9,298,36
8/19/2015 1:00,-13.0,954.6,62.6,299,35
8/19/2015 2:00,-12.6,953.4,67.6,300,35
8/19/2015 3:00,-11.9,953.1,21.6,291,35
8/19/2015 4:00,-11.6,953.0,62.6,298,34
8/19/2015 5:00,-11.3,952.1,61.3,298,36
8/19/2015 6:00,-10.6,951.4,55.6,301,35
8/19/2015 7:00,-10.6,951.1,62.6,300,35
8/19/2015 8:00,-10.7,951.4,61.9,298,32
8/19/2015 9:00,-11.3,951.2,63.9,298,35
8/19/2015 10:00,-11.1,950.2,62.0,298,36
8/19/2015 11:00,-10.6,949.9,67.0,299,32
8/19/2015 12:00,-10.6,948.7,51.1,305,31
8/19/2015 13:00,-10.3,948.5,63.2,298,32
8/19/2015 14:00,-10.1,947.9,62.6,298,34
8/19/2015 15:00,-9.9,946.7,61.9,298,32
8/19/2015 16:00,-9.6,946.3,62.1,301,33
8/19/2015 17:00,-9.6,946.2,61.9,298,34
8/19/2015 18:00,-9.5,945.6,63.1,298,35
8/19/2015 19:00,-9.3,945.3,63.9,298,34
8/19/2015 20:00,-8.8,944.2,63.9,298,33
8/19/2015 21:00,-8.7,943.9,63.2,301,34
8/19/2015 22:00,-8.9,944.2,63.2,298,37
8/19/2015 23:00,-8.5,943.4,61.3,298,38
8/20/2015 0:00,-8.5,943.9,61.9,298,38
8/20/2015 1:00,-8.4,944.6,60.8,299,38
8/20/2015 2:00,-8.6,946.1,24.4,308,42
8/20/2015 3:00,-8.5,944.8,61.9,298,44
8/20/2015 4:00,-8.4,944.1,63.0,299,42
8/20/2015 5:00,-8.5,944.6,63.9,298,38
8/20/2015 6:00,-8.5,945.2,63.1,300,40
8/20/2015 7:00,-8.3,944.8,63.3,298,37
8/20/2015 8:00,-8.4,945.7,61.9,298,36
8/20/2015 9:00,-8.4,945.7,61.3,298,37
8/20/2015 10:00,-8.5,945.9,60.9,298,40
8/20/2015 11:00,-8.4,945.7,49.1,301,41
8/20/2015 12:00,-8.2,946.6,61.9,298,43
8/20/2015 13:00,-8.4,946.2,63.9,298,47
8/20/2015 14:00,-8.3,946.0,63.9,298,46
8/20/2015 15:00,-8.3,946.6,63.7,298,43
8/20/2015 16:00,-8.9,947.5,33.3,307,48
8/20/2015 17:00,-9.0,948.1,61.7,298,48
8/20/2015 18:00,-9.5,949.4,61.9,298,49
8/20/2015 19:00,-9.9,950.3,61.9,298,52
8/20/2015 20:00,-10.5,951.3,61.9,301,56
8/20/2015 21:00,-11.0,953.2,61.9,298,62
8/20/2015 22:00,-11.4,953.6,63.2,298,63
8/20/2015 23:00,-11.9,954.2,62.6,298,75
8/21/2015 0:00,-11.8,955.0,65.1,298,66
8/21/2015 1:00,-11.8,955.6,46.8,301,63
8/21/2015 2:00,-11.8,956.2,63.2,298,63
8/21/2015 3:00,-11.7,956.1,61.3,298,62
8/21/2015 4:00,-11.7,956.3,61.3,298,64
8/21/2015 5:00,-11.4,956.4,63.5,300,59
8/21/2015 6:00,-10.9,956.2,59.4,296,49
8/21/2015 7:00,-11.0,956.2,62.7,298,43
8/21/2015 8:00,-10.9,956.5,62.1,299,36
8/21/2015 9:00,-10.6,956.2,63.9,298,33
8/21/2015 10:00,-10.9,956.3,62.6,301,33
8/21/2015 11:00,-11.0,956.1,63.2,298,34
8/21/2015 12:00,-11.0,956.3,61.9,298,35
8/21/2015 13:00,-10.8,956.2,61.3,298,32
8/21/2015 14:00,-10.8,956.5,61.3,298,33
8/21/2015 15:00,-10.9,956.3,62.6,301,31
8/21/2015 16:00,-11.0,956.2,61.9,298,33
8/21/2015 17:00,-11.1,956.3,62.6,298,35
8/21/2015 18:00,-11.0,956.2,63.9,298,34
8/21/2015 19:00,-10.8,956.1,63.9,298,36
8/21/2015 20:00,-11.3,956.1,22.8,296,36
8/21/2015 21:00,-11.6,956.1,62.4,298,31
8/21/2015 22:00,-12.4,956.1,61.4,298,35
8/21/2015 23:00,-12.5,955.7,61.3,298,32
8/22/2015 0:00,-13.2,955.8,61.9,301,32
8/22/2015 1:00,-13.2,955.9,61.9,298,30
8/22/2015 2:00,-13.4,955.6,63.9,298,30
8/22/2015 3:00,-13.6,955.6,63.2,298,30
8/22/2015 4:00,-14.1,955.8,62.7,298,29
8/22/2015 5:00,-14.3,956.0,51.0,290,29
8/22/2015 6:00,-14.8,956.2,62.6,298,33
8/22/2015 7:00,-14.8,955.9,61.3,298,29
8/22/2015 8:00,-15.3,955.9,62.6,298,33
8/22/2015 9:00,-14.9,956.5,62.0,301,29
8/22/2015 10:00,-15.0,956.4,62.6,298,32
8/22/2015 11:00,-15.0,956.3,63.9,298,28
8/22/2015 12:00,-14.5,956.0,63.2,298,29
8/22/2015 13:00,-14.8,956.0,63.9,298,31
8/22/2015 14:00,-15.0,955.8,63.2,301,32
8/22/2015 15:00,-15.3,955.8,63.2,298,34
8/22/2015 16:00,-15.9,955.5,61.9,298,26
8/22/2015 17:00,-16.1,955.1,61.3,298,30
8/22/2015 18:00,-16.8,955.3,63.3,299,31
8/22/2015 19:00,-16.6,955.0,51.3,306,34
8/22/2015 20:00,-16.0,954.5,62.6,298,27
8/22/2015 21:00,-17.1,955.0,63.2,298,34
8/22/2015 22:00,-17.5,955.3,63.2,298,34
8/22/2015 23:00,-18.1,955.6,62.6,301,38
8/23/2015 0:00,-18.3,956.1,62.6,298,37
8/23/2015 1:00,-18.5,956.3,61.3,298,33
8/23/2015 2:00,-18.6,956.3,61.3,298,32
8/23/2015 3:00,-18.7,956.6,61.9,298,33
8/23/2015 4:00,-20.7,956.5,26.7,296,37
8/23/2015 5:00,-21.4,956.6,63.9,298,40
8/23/2015 6:00,-20.2,956.7,62.6,298,36
8/23/2015 7:00,-19.7,956.6,62.8,298,34
8/23/2015 8:00,-21.9,956.4,61.9,298,41
8/23/2015 9:00,-20.8,956.9,62.6,301,37
8/23/2015 10:00,-19.7,957.0,62.6,298,39
8/23/2015 11:00,-18.8,956.8,63.9,298,37
8/23/2015 12:00,-19.1,956.9,63.9,298,42
8/23/2015 13:00,-20.5,957.1,54.4,299,40
8/23/2015 14:00,-20.1,957.4,41.8,315,38
8/23/2015 15:00,-20.5,957.2,61.3,298,43
8/23/2015 16:00,-20.4,956.8,70.2,299,40
8/23/2015 17:00,-21.6,957.1,62.6,298,42
8/23/2015 18:00,-24.2,958.3,63.2,298,51
8/23/2015 19:00,-24.9,959.2,63.2,300,50
8/23/2015 20:00,-24.0,960.0,61.8,298,49
8/23/2015 21:00,-22.1,960.3,61.9,298,40
8/23/2015 22:00,-22.8,960.7,61.7,297,43
8/23/2015 23:00,-23.6,961.0,63.2,298,45
8/24/2015 0:00,-23.0,960.9,55.2,299,41
8/24/2015 1:00,-23.0,960.9,62.6,298,41
8/24/2015 2:00,-24.1,960.1,63.2,298,41
8/24/2015 3:00,-22.9,959.9,62.6,301,35
8/24/2015 4:00,-20.6,959.7,63.2,298,30
8/24/2015 5:00,-21.4,960.1,61.9,298,32
8/24/2015 6:00,-21.7,960.1,54.9,291,35
8/24/2015 7:00,-21.6,959.5,61.9,298,35
8/24/2015 8:00,-21.7,958.8,60.8,298,34
8/24/2015 9:00,-22.6,958.0,61.9,298,38
8/24/2015 10:00,-22.0,957.9,62.6,298,37
8/24/2015 11:00,-22.0,957.2,63.2,301,38
8/24/2015 12:00,-19.2,956.7,63.2,298,35
8/24/2015 13:00,-20.7,956.4,61.9,298,37
8/24/2015 14:00,-21.2,956.4,61.9,298,38
8/24/2015 15:00,-20.0,956.1,62.6,301,34
8/24/2015 16:00,-20.1,956.1,63.2,298,35
8/24/2015 17:00,-23.1,956.1,63.2,298,42
8/24/2015 18:00,-21.2,956.2,62.7,298,35
8/24/2015 19:00,-22.3,956.1,61.2,298,36
8/24/2015 20:00,-23.3,956.5,63.2,300,38
8/24/2015 21:00,-20.4,956.5,62.6,298,33
8/24/2015 22:00,-22.5,957.2,63.2,298,37
8/24/2015 23:00,-23.6,957.8,59.3,301,40
8/25/2015 0:00,-22.9,958.3,63.2,298,38
8/25/2015 1:00,-21.9,959.3,61.3,298,38
8/25/2015 2:00,-23.0,959.6,61.9,298,42
8/25/2015 3:00,-21.9,960.5,62.6,298,37
8/25/2015 4:00,-22.2,961.1,63.3,300,36
8/25/2015 5:00,-22.8,962.8,63.2,298,38
8/25/2015 6:00,-20.5,963.2,61.9,298,36
8/25/2015 7:00,-19.0,963.5,56.2,305,30
8/25/2015 8:00,-18.2,964.1,62.6,298,28
8/25/2015 9:00,-20.0,965.2,63.9,298,33
8/25/2015 10:00,-20.3,966.2,63.2,298,34
8/25/2015 11:00,-18.7,966.9,64.8,300,35
8/25/2015 12:00,-17.5,967.5,62.6,298,33
8/25/2015 13:00,-17.3,967.6,61.3,298,32
8/25/2015 14:00,-18.7,968.4,61.3,298,35
8/25/2015 15:00,-19.6,968.6,62.0,298,36
8/25/2015 16:00,-23.9,969.1,62.6,298,46
8/25/2015 17:00,-23.2,969.3,62.6,298,43
8/25/2015 18:00,-23.7,969.6,63.2,300,47
8/25/2015 19:00,-24.2,969.8,62.4,298,46
8/25/2015 20:00,-25.4,970.5,62.6,298,50
8/25/2015 21:00,-25.6,970.4,30.9,313,50
8/25/2015 22:00,-27.5,970.6,63.9,298,54
8/25/2015 23:00,-26.8,970.7,63.3,298,54
8/26/2015 0:00,-27.0,970.8,62.6,298,52
8/26/2015 1:00,-29.6,971.2,62.6,298,58
8/26/2015 2:00,-29.0,971.3,61.9,301,56
8/26/2015 3:00,-28.3,971.3,63.2,298,55
8/26/2015 4:00,-29.3,971.5,63.9,298,54
8/26/2015 5:00,-30.1,971.5,63.2,298,58
8/26/2015 6:00,-30.3,971.0,61.9,298,59
8/26/2015 7:00,-32.4,971.3,62.6,298,63
8/26/2015 8:00,-31.5,971.1,63.9,298,62
8/26/2015 9:00,-29.1,970.6,62.6,298,60
8/26/2015 10:00,-27.9,971.5,61.2,298,55
8/26/2015 11:00,-29.9,971.8,62.5,301,56
8/26/2015 12:00,-29.3,971.9,61.9,298,58
8/26/2015 13:00,-29.1,971.3,63.2,298,53
8/26/2015 14:00,-27.6,971.0,59.7,303,52
8/26/2015 15:00,-29.3,971.1,61.2,298,50
8/26/2015 16:00,-31.5,970.4,61.9,301,58
8/26/2015 17:00,-30.8,970.6,63.9,298,63
8/26/2015 18:00,-29.8,970.1,77.2,299,60
8/26/2015 19:00,-29.1,969.7,62.6,298,59
8/26/2015 20:00,-29.9,969.7,61.2,298,56
8/26/2015 21:00,-31.6,969.4,62.6,298,57
8/26/2015 22:00,-32.1,969.4,63.9,298,60
8/26/2015 23:00,-32.7,969.3,62.6,298,59
8/27/2015 0:00,-31.3,968.9,61.9,298,64
8/27/2015 1:00,-30.0,968.2,61.9,298,63
8/27/2015 2:00,-29.6,967.8,63.6,298,62
8/27/2015 3:00,-29.5,967.1,63.2,300,60
8/27/2015 4:00,-28.7,966.6,63.2,298,64
8/27/2015 5:00,-28.6,966.5,62.6,298,65
8/27/2015 6:00,-27.2,966.1,61.9,301,67
8/27/2015 7:00,-26.1,965.8,63.9,298,64
8/27/2015 8:00,-25.2,965.4,63.9,298,62
8/27/2015 9:00,-24.1,965.4,63.7,298,58
8/27/2015 10:00,-23.7,965.1,61.3,298,56
8/27/2015 11:00,-23.3,964.9,61.3,300,65
8/27/2015 12:00,-23.2,964.4,62.4,298,57
8/27/2015 13:00,-24.1,964.1,63.9,298,56
8/27/2015 14:00,-23.6,964.5,51.9,316,53
8/27/2015 15:00,-23.6,964.3,54.8,306,53
8/27/2015 16:00,-23.7,964.4,63.2,298,54
8/27/2015 17:00,-24.4,964.3,62.5,298,54
8/27/2015 18:00,-24.2,964.2,63.2,298,55
8/27/2015 19:00,-23.8,964.4,62.6,300,51
8/27/2015 20:00,-24.0,964.7,62.6,300,52
8/27/2015 21:00,-23.4,964.1,61.9,298,53
8/27/2015 22:00,-23.6,963.8,42.5,299,50
8/27/2015 23:00,-23.6,964.1,63.2,298,51
8/28/2015 0:00,-23.6,964.1,62.3,298,46
8/28/2015 1:00,-23.7,964.1,62.5,299,41
8/28/2015 2:00,-23.7,963.9,61.9,298,40
8/28/2015 3:00,-23.8,963.9,61.9,300,40
8/28/2015 4:00,-23.9,964.0,57.6,295,40
8/28/2015 5:00,-24.0,963.8,63.2,298,38
8/28/2015 6:00,-24.2,963.8,63.1,297,41
8/28/2015 7:00,-24.1,963.1,62.6,298,39
8/28/2015 8:00,-23.7,962.5,63.4,299,37
8/28/2015 9:00,-23.1,962.0,61.9,299,36
8/28/2015 10:00,-22.4,961.5,63.3,298,36
8/28/2015 11:00,-22.0,960.7,63.2,300,35
8/28/2015 12:00,-21.8,960.6,61.2,300,36
8/28/2015 13:00,-22.0,959.8,61.3,298,37
8/28/2015 14:00,-22.2,959.0,61.4,298,37
8/28/2015 15:00,-22.4,958.1,63.2,299,39
8/28/2015 16:00,-22.8,957.5,66.4,299,41
8/28/2015 17:00,-23.0,956.9,63.2,299,42
8/28/2015 18:00,-22.7,955.9,62.0,298,39
8/28/2015 19:00,-23.1,955.2,50.2,303,42
8/28/2015 20:00,-22.8,954.9,34.8,308,41
8/28/2015 21:00,-23.3,954.3,63.9,298,44
8/28/2015 22:00,-23.2,953.5,61.6,298,46
8/28/2015 23:00,-24.3,953.1,62.1,299,45
8/29/2015 0:00,-25.7,952.5,61.2,299,49
8/29/2015 1:00,-26.5,952.1,62.6,300,54
8/29/2015 2:00,-26.6,951.5,63.2,298,53
8/29/2015 3:00,-26.8,950.7,61.9,300,54
8/29/2015 4:00,-26.8,950.3,61.9,298,55
8/29/2015 5:00,-28.2,949.9,61.2,298,56
8/29/2015 6:00,-28.5,949.6,61.1,300,59
8/29/2015 7:00,-28.2,949.0,62.6,298,65
8/29/2015 8:00,-27.7,949.2,62.6,299,65
8/29/2015 9:00,-27.0,949.1,52.3,298,64
8/29/2015 10:00,-26.3,949.6,61.3,298,63
8/29/2015 11:00,-25.9,950.1,61.8,298,65
8/29/2015 12:00,-24.8,950.7,61.9,298,65
8/29/2015 13:00,-22.2,950.9,62.0,298,64
8/29/2015 14:00,-17.1,951.5,62.5,298,57
8/29/2015 15:00,-17.4,952.1,63.2,300,57
8/29/2015 16:00,-17.9,952.0,63.2,298,66
8/29/2015 17:00,-18.1,952.6,61.9,298,61
8/29/2015 18:00,-18.7,952.6,61.2,299,63
8/29/2015 19:00,-18.7,953.1,61.3,298,56
8/29/2015 20:00,-19.8,954.3,62.6,298,64
8/29/2015 21:00,-20.7,955.7,63.5,298,68
8/29/2015 22:00,-21.2,957.1,62.6,300,68
8/29/2015 23:00,-21.5,958.0,62.6,298,65
8/30/2015 0:00,-22.0,958.9,61.9,298,66
8/30/2015 1:00,-22.3,960.4,51.0,294,58
8/30/2015 2:00,-22.4,960.8,62.6,298,55
8/30/2015 3:00,-22.2,960.7,62.3,297,51
8/30/2015 4:00,-22.3,960.2,62.6,298,52
8/30/2015 5:00,-22.8,960.2,61.2,298,54
8/30/2015 6:00,-22.9,959.7,62.5,300,54
8/30/2015 7:00,-23.2,959.3,61.9,298,55
8/30/2015 8:00,-23.6,959.0,61.9,298,56
8/30/2015 9:00,-23.5,959.0,46.4,300,50
8/30/2015 10:00,-23.9,958.4,61.3,298,51
8/30/2015 11:00,-23.4,957.8,61.3,298,48
8/30/2015 12:00,-22.2,957.3,48.9,295,49
8/30/2015 13:00,-22.9,956.9,63.2,298,47
8/30/2015 14:00,-23.6,956.5,63.2,298,50
8/30/2015 15:00,-23.9,955.9,62.5,298,53
8/30/2015 16:00,-24.6,955.1,61.3,298,56
8/30/2015 17:00,-25.6,954.6,61.1,299,55
8/30/2015 18:00,-25.9,954.4,61.9,298,57
8/30/2015 19:00,-26.9,954.0,63.9,298,61
8/30/2015 20:00,-26.3,953.6,62.2,301,54
8/30/2015 21:00,-25.3,953.2,61.3,298,39
8/30/2015 22:00,-25.2,953.0,61.3,298,35
8/30/2015 23:00,-25.4,952.9,62.6,298,35
9/6/2015 0:00,-20.5,966.9,7.6,93,72
9/6/2015 1:00,-20.3,966.5,7.6,123,74
9/6/2015 2:00,-20.0,965.8,9.1,123,75
9/6/2015 3:00,-19.3,965.3,10.9,82,70
9/6/2015 4:00,-18.9,964.6,10.0,85,70
9/6/2015 5:00,-18.4,964.3,15.9,93,67
9/6/2015 6:00,-18.4,964.0,17.1,96,65
9/6/2015 7:00,-18.5,963.9,13.6,103,66
9/6/2015 8:00,-18.4,963.8,17.3,97,67
9/6/2015 9:00,-18.2,963.6,16.7,97,67
9/6/2015 10:00,-17.9,963.2,20.0,97,71
9/6/2015 11:00,-17.6,963.0,17.5,93,72
9/6/2015 12:00,-16.3,962.9,25.4,96,62
9/6/2015 13:00,-15.8,962.8,21.7,100,53
9/6/2015 14:00,-15.6,962.6,23.7,108,44
9/6/2015 15:00,-15.4,962.9,25.0,111,42
9/6/2015 16:00,-15.6,963.4,18.1,108,39
9/6/2015 17:00,-15.7,963.9,19.0,100,40
9/6/2015 18:00,-15.8,964.3,19.9,104,36
9/6/2015 19:00,-16.0,964.8,21.7,107,35
9/6/2015 20:00,-16.7,966.1,24.3,105,38
9/6/2015 21:00,-16.6,966.3,16.2,92,35
9/6/2015 22:00,-16.6,967.3,25.6,104,32
9/6/2015 23:00,-16.9,968.3,17.5,107,34
9/7/2015 0:00,-21.6,951.1,12.2,50,44
9/7/2015 1:00,-21.6,951.8,17.2,67,40
9/7/2015 2:00,-21.2,952.6,15.5,79,40
9/7/2015 3:00,-21.1,953.0,21.5,84,36
9/7/2015 4:00,-21.0,953.8,22.1,85,35
9/7/2015 5:00,-21.7,954.4,26.4,102,36
9/7/2015 6:00,-22.2,955.3,28.9,110,35
9/7/2015 7:00,-21.7,956.4,27.2,112,33
9/7/2015 8:00,-22.0,957.1,20.2,126,34
9/7/2015 9:00,-22.1,958.4,21.3,127,34
9/7/2015 10:00,-22.5,959.3,25.4,128,32
9/7/2015 11:00,-22.4,960.2,21.1,127,31
9/7/2015 12:00,-23.7,960.9,24.6,132,33
9/7/2015 13:00,-24.7,961.1,25.6,135,35
9/7/2015 14:00,-24.8,961.6,27.2,135,33
9/7/2015 15:00,-25.3,962.1,28.5,136,33
9/7/2015 16:00,-24.2,962.2,27.3,136,31
9/7/2015 17:00,-26.1,962.6,28.1,140,35
9/7/2015 18:00,-26.3,964.2,3.6,18,35
9/7/2015 19:00,-24.4,965.2,12.2,158,29
9/7/2015 20:00,-23.8,965.9,8.9,120,27
9/7/2015 21:00,-24.3,966.3,16.0,131,31
9/7/2015 22:00,-24.1,966.5,18.3,124,32
9/7/2015 23:00,-23.2,967.2,17.6,120,31
9/8/2015 0:00,-24.5,969.1,63.9,298,49
9/8/2015 1:00,-23.9,969.4,62.5,298,45
9/8/2015 2:00,-24.9,969.7,61.3,298,48
9/8/2015 3:00,-25.3,970.1,60.7,298,53
9/8/2015 4:00,-21.1,969.2,62.6,298,38
9/8/2015 5:00,-21.7,968.7,63.9,298,39
9/8/2015 6:00,-21.4,968.4,62.6,301,36
9/8/2015 7:00,-19.2,968.7,62.2,298,36
9/8/2015 8:00,-19.1,968.6,62.6,298,36
9/8/2015 9:00,-19.3,967.6,61.9,301,34
9/8/2015 10:00,-18.9,967.2,62.6,298,33
9/8/2015 11:00,-18.5,965.5,62.6,298,31
9/8/2015 12:00,-18.4,965.5,63.2,298,33
9/8/2015 13:00,-17.8,964.5,62.3,300,34
9/8/2015 14:00,-17.3,963.4,51.0,287,34
9/8/2015 15:00,-17.4,962.2,62.7,298,36
9/8/2015 16:00,-16.5,961.4,61.3,298,31
9/8/2015 17:00,-16.7,960.9,61.3,298,34
9/8/2015 18:00,-16.7,960.2,61.9,301,36
9/8/2015 19:00,-16.6,959.6,62.6,298,35
9/8/2015 20:00,-16.9,958.8,63.2,298,38
9/8/2015 21:00,-17.4,958.4,63.2,298,41
9/8/2015 22:00,-16.9,956.6,62.9,300,39
9/8/2015 23:00,-16.6,956.4,60.3,295,38
9/9/2015 0:00,-15.1,965.4,47.3,301,61
9/9/2015 1:00,-15.3,965.1,63.2,300,56
9/9/2015 2:00,-15.4,965.1,62.6,298,52
9/9/2015 3:00,-15.8,964.5,61.3,298,54
9/9/2015 4:00,-15.9,964.2,61.3,299,53
9/9/2015 5:00,-16.1,963.7,54.6,299,53
9/9/2015 6:00,-17.2,963.7,50.8,311,55
9/9/2015 7:00,-17.6,963.2,61.9,298,50
9/9/2015 8:00,-18.2,963.1,63.9,298,51
9/9/2015 9:00,-17.0,963.1,62.6,299,50
9/9/2015 10:00,-15.9,963.0,63.0,298,53
9/9/2015 11:00,-16.4,962.4,62.6,298,50
9/9/2015 12:00,-16.2,962.0,61.7,298,51
9/9/2015 13:00,-15.4,961.7,65.5,298,55
9/9/2015 14:00,-14.0,961.3,59.7,295,51
9/9/2015 15:00,-16.6,961.3,61.9,300,55
9/9/2015 16:00,-18.7,961.1,61.9,298,58
9/9/2015 17:00,-19.4,960.8,63.2,298,57
9/9/2015 18:00,-20.4,960.1,63.2,299,57
9/9/2015 19:00,-20.2,959.6,62.6,298,50
9/9/2015 20:00,-22.0,959.6,61.3,299,58
9/9/2015 21:00,-22.9,959.2,62.6,300,63
9/9/2015 22:00,-23.2,959.1,63.5,298,59
9/9/2015 23:00,-23.8,958.5,61.9,298,64
9/10/2015 0:00,-6.0,974.2,63.9,298,34
9/10/2015 1:00,-6.5,974.9,63.9,298,32
9/10/2015 2:00,-6.8,974.3,63.2,301,38
9/10/2015 3:00,-7.1,974.2,62.3,297,39
9/10/2015 4:00,-7.1,974.5,62.2,298,40
9/10/2015 5:00,-6.8,974.6,61.3,298,38
9/10/2015 6:00,-6.8,974.8,61.3,298,39
9/10/2015 7:00,-6.5,974.4,61.9,301,37
9/10/2015 8:00,-6.4,974.3,62.6,298,39
9/10/2015 9:00,-6.2,974.2,62.9,298,38
9/10/2015 10:00,-6.0,973.9,63.9,298,39
9/10/2015 11:00,-5.3,973.6,63.3,298,39
9/10/2015 12:00,-5.3,973.2,62.8,299,37
9/10/2015 13:00,-4.2,972.7,63.3,298,31
9/10/2015 14:00,-4.5,972.7,63.9,298,38
9/10/2015 15:00,-4.9,972.8,63.9,298,35
9/10/2015 16:00,-6.2,972.8,62.3,299,43
9/10/2015 17:00,-6.9,972.4,47.0,297,48
9/10/2015 18:00,-7.0,972.7,62.6,298,37
9/10/2015 19:00,-7.4,972.8,61.9,298,38
9/10/2015 20:00,-7.8,973.0,61.9,298,40
9/10/2015 21:00,-8.3,973.3,68.1,299,40
9/10/2015 22:00,-8.9,973.8,38.0,310,44
9/10/2015 23:00,-9.6,974.0,63.2,298,44
9/11/2015 0:00,-6.2,963.8,61.9,298,95
9/11/2015 1:00,-5.9,962.4,61.3,298,96
9/11/2015 2:00,-5.9,963.1,61.3,298,96
9/11/2015 3:00,-6.0,963.6,62.3,301,96
9/11/2015 4:00,-6.1,963.4,62.6,298,95
9/11/2015 5:00,-6.1,964.2,63.3,298,96
9/11/2015 6:00,-6.0,967.0,62.6,298,96
9/11/2015 7:00,-5.8,968.6,59.2,298,96
9/11/2015 8:00,-5.7,970.3,58.0,300,96
9/11/2015 9:00,-5.7,971.8,63.3,298,96
9/11/2015 10:00,-5.7,973.4,61.9,298,96
9/11/2015 11:00,-5.8,974.6,61.3,298,96
9/11/2015 12:00,-5.7,975.8,62.0,300,96
9/11/2015 13:00,-5.4,977.0,61.9,301,96
9/11/2015 14:00,-5.3,977.9,61.9,301,96
9/11/2015 15:00,-5.2,978.7,30.4,314,96
9/11/2015 16:00,-5.3,979.4,61.9,298,95
9/11/2015 17:00,-5.7,979.9,63.8,298,95
9/11/2015 18:00,-5.8,980.5,63.3,298,95
9/11/2015 19:00,-5.9,980.9,63.9,298,94
9/11/2015 20:00,-5.9,981.2,62.6,301,93
9/11/2015 21:00,-5.8,981.0,63.3,298,93
9/11/2015 22:00,-5.7,980.8,61.9,298,94
9/11/2015 23:00,-5.4,980.5,62.6,298,93
9/12/2015 0:00,-3.2,964.9,11.2,147,63
9/12/2015 1:00,-3.5,965.0,11.3,154,60
9/12/2015 2:00,-3.5,965.1,12.7,151,57
9/12/2015 3:00,-3.2,965.4,10.5,145,56
9/12/2015 4:00,-5.0,965.6,9.1,354,65
9/12/2015 5:00,-6.4,965.7,7.6,358,67
9/12/2015 6:00,-5.8,965.8,8.1,13,64
9/12/2015 7:00,-4.0,965.8,7.1,76,58
9/12/2015 8:00,-2.6,965.9,12.2,71,56
9/12/2015 9:00,-1.5,965.9,10.6,67,55
9/12/2015 10:00,-1.6,965.8,8.7,91,58
9/12/2015 11:00,0.2,965.8,7.2,140,51
9/12/2015 12:00,-1.3,965.5,10.3,149,57
9/12/2015 13:00,1.6,965.4,13.7,78,44
9/12/2015 14:00,1.2,965.2,13.2,79,53
9/12/2015 15:00,0.5,965.0,13.2,65,56
9/12/2015 16:00,-0.2,964.8,16.5,68,60
9/12/2015 17:00,-0.9,964.6,14.9,71,62
9/12/2015 18:00,-1.5,964.6,12.1,66,65
9/12/2015 19:00,-1.7,964.6,7.9,78,68
9/12/2015 20:00,-1.6,964.5,13.7,116,58
9/12/2015 21:00,-2.3,964.5,10.9,117,57
9/12/2015 22:00,-2.7,964.2,13.1,114,54
9/12/2015 23:00,-2.8,963.9,14.5,132,46
9/13/2015 0:00,-31.2,938.0,63.2,298,63
9/13/2015 1:00,-31.4,937.1,61.9,298,63
9/13/2015 2:00,-31.5,936.2,61.9,298,65
9/13/2015 3:00,-33.1,935.2,63.9,298,67
9/13/2015 4:00,-33.9,934.5,61.3,298,67
9/13/2015 5:00,-33.6,934.5,61.5,300,66
9/13/2015 6:00,-33.3,934.4,63.9,298,67
9/13/2015 7:00,-32.9,934.0,62.6,300,65
9/13/2015 8:00,-31.5,933.9,62.6,298,60
9/13/2015 9:00,-30.4,933.8,61.2,298,59
9/13/2015 10:00,-29.5,933.2,62.6,298,55
9/13/2015 11:00,-28.6,933.9,63.2,298,54
9/13/2015 12:00,-27.8,934.5,59.6,306,52
9/13/2015 13:00,-27.2,934.7,61.3,298,52
9/13/2015 14:00,-27.5,935.0,61.9,298,53
9/13/2015 15:00,-26.8,935.6,42.6,284,52
9/13/2015 16:00,-28.2,935.9,63.0,298,55
9/13/2015 17:00,-28.7,936.5,62.5,300,56
9/13/2015 18:00,-29.3,937.1,62.3,298,58
9/13/2015 19:00,-29.3,938.9,61.9,298,56
9/13/2015 20:00,-28.9,941.3,25.2,297,55
9/13/2015 21:00,-28.6,942.7,63.2,298,52
9/13/2015 22:00,-27.4,944.2,71.2,299,53
9/13/2015 23:00,-26.8,944.8,63.2,298,49
9/14/2015 0:00,-26.7,945.8,61.9,298,46
9/14/2015 1:00,-26.4,946.9,61.9,301,44
9/14/2015 2:00,-26.2,947.9,63.9,298,38
9/14/2015 3:00,-25.9,948.9,63.2,298,36
9/14/2015 4:00,-25.8,950.1,62.6,298,35
9/14/2015 5:00,-25.9,951.6,61.2,298,35
9/14/2015 6:00,-26.1,952.8,61.7,301,36
9/14/2015 7:00,-27.4,954.2,62.9,298,41
9/14/2015 8:00,-26.8,955.4,63.2,298,40
9/14/2015 9:00,-25.7,956.4,40.7,309,36
9/14/2015 10:00,-24.7,957.8,61.3,298,36
9/14/2015 11:00,-21.9,959.1,61.9,298,34
9/14/2015 12:00,-20.7,960.3,62.0,301,29
9/14/2015 13:00,-21.1,961.0,62.6,298,32
9/14/2015 14:00,-22.4,962.1,63.9,298,37
9/14/2015 15:00,-25.1,962.8,63.3,298,39
9/14/2015 16:00,-24.7,962.8,62.6,298,38
9/14/2015 17:00,-26.1,963.3,61.9,298,42
9/14/2015 18:00,-28.0,963.6,61.9,301,48
9/14/2015 19:00,-28.5,964.3,63.2,298,48
9/14/2015 20:00,-28.9,964.6,63.3,298,51
9/14/2015 21:00,-28.8,965.3,63.2,298,49
9/14/2015 22:00,-27.0,965.6,61.3,298,38
9/14/2015 23:00,-27.7,965.9,61.9,301,43
9/15/2015 0:00,-28.0,966.0,61.9,298,41
9/15/2015 1:00,-28.0,966.3,63.2,298,40
9/15/2015 2:00,-30.7,967.1,63.2,298,49
9/15/2015 3:00,-29.8,967.2,61.9,298,45
9/15/2015 4:00,-30.0,967.5,61.5,300,46
9/15/2015 5:00,-30.3,967.5,61.9,298,46
9/15/2015 6:00,-30.0,967.7,63.9,298,46
9/15/2015 7:00,-29.4,967.9,53.9,293,46
9/15/2015 8:00,-27.6,967.9,62.6,298,46
9/15/2015 9:00,-25.9,967.6,61.9,298,42
9/15/2015 10:00,-25.5,967.6,24.7,280,37
9/15/2015 11:00,-26.1,967.7,62.6,298,38
9/15/2015 12:00,-24.5,967.9,62.6,298,38
9/15/2015 13:00,-23.6,968.1,66.0,299,36
9/15/2015 14:00,-22.1,967.8,19.7,290,38
9/15/2015 15:00,-23.3,968.0,63.2,298,38
9/15/2015 16:00,-24.1,968.2,61.3,298,46
9/15/2015 17:00,-24.9,968.4,42.2,300,46
9/15/2015 18:00,-26.0,968.9,62.6,298,47
9/15/2015 19:00,-26.0,968.9,63.9,298,46
9/15/2015 20:00,-26.9,969.6,63.2,298,49
9/15/2015 21:00,-27.5,970.3,61.2,298,48
9/15/2015 22:00,-27.9,970.5,62.6,301,51
9/15/2015 23:00,-27.8,970.4,62.0,298,50
9/16/2015 0:00,-27.0,970.0,63.2,298,47
9/16/2015 1:00,-24.1,970.1,38.5,325,38
9/16/2015 2:00,-22.4,970.0,61.3,298,35
9/16/2015 3:00,-23.7,970.0,61.3,298,37
9/16/2015 4:00,-25.6,970.3,62.6,298,39
9/16/2015 5:00,-24.7,970.3,62.6,298,38
9/16/2015 6:00,-24.8,970.0,63.3,300,35
9/16/2015 7:00,-26.3,970.4,62.4,298,41
9/16/2015 8:00,-24.9,970.2,61.9,298,41
9/16/2015 9:00,-24.4,970.6,61.9,301,42
9/16/2015 10:00,-21.6,970.9,62.6,298,42
9/16/2015 11:00,-22.3,971.2,63.9,298,36
9/16/2015 12:00,-19.3,972.0,63.9,298,36
9/16/2015 13:00,-19.4,972.8,64.5,298,37
9/16/2015 14:00,-19.3,971.5,41.2,310,36
9/16/2015 15:00,-18.9,970.8,61.9,298,36
9/16/2015 16:00,-18.9,970.5,61.9,298,33
9/16/2015 17:00,-18.9,970.1,61.9,298,34
9/16/2015 18:00,-19.1,970.3,44.4,313,35
9/16/2015 19:00,-18.9,969.5,63.9,298,36
9/16/2015 20:00,-17.5,969.1,62.6,298,31
9/16/2015 21:00,-17.3,969.1,64.4,298,31
9/16/2015 22:00,-16.9,968.1,62.5,301,30
9/16/2015 23:00,-16.9,968.4,62.6,298,29
9/17/2015 0:00,-17.4,968.2,61.2,298,30
9/17/2015 1:00,-17.2,968.1,61.3,298,29
9/17/2015 2:00,-16.5,967.4,61.9,301,27
9/17/2015 3:00,-17.5,967.3,61.9,298,34
9/17/2015 4:00,-16.4,966.5,63.9,298,28
9/17/2015 5:00,-16.7,966.5,63.2,298,29
9/17/2015 6:00,-17.1,966.7,60.9,298,30
9/17/2015 7:00,-16.3,966.1,63.2,301,27
9/17/2015 8:00,-15.8,965.7,63.2,298,28
9/17/2015 9:00,-15.9,966.0,61.3,298,36
9/17/2015 10:00,-15.3,965.6,61.3,298,31
9/17/2015 11:00,-15.2,965.8,61.9,301,35
9/17/2015 12:00,-15.0,965.4,62.6,298,36
9/17/2015 13:00,-14.9,965.1,62.6,298,36
9/17/2015 14:00,-15.0,965.0,63.2,298,36
9/17/2015 15:00,-15.2,964.7,63.2,298,36
9/17/2015 16:00,-15.9,964.7,63.2,301,36
9/17/2015 17:00,-16.2,964.6,63.2,298,35
9/17/2015 18:00,-15.9,964.2,61.3,298,30
9/17/2015 19:00,-17.3,964.9,61.9,298,36
9/17/2015 20:00,-20.2,965.1,61.2,301,49
9/17/2015 21:00,-20.0,965.3,63.9,298,44
9/17/2015 22:00,-19.5,965.4,63.9,298,41
9/17/2015 23:00,-19.8,965.2,62.5,301,40
9/18/2015 0:00,-19.6,964.6,61.9,298,36
9/18/2015 1:00,-21.0,963.8,55.6,299,40
9/18/2015 2:00,-21.2,964.2,62.6,299,39
9/18/2015 3:00,-22.0,964.1,63.2,298,40
9/18/2015 4:00,-22.4,963.5,62.6,300,41
9/18/2015 5:00,-23.0,963.3,61.3,299,43
9/18/2015 6:00,-24.1,963.4,61.9,298,45
9/18/2015 7:00,-24.2,964.0,47.6,283,47
9/18/2015 8:00,-21.7,963.9,63.2,298,44
9/18/2015 9:00,-18.4,964.0,61.9,298,38
9/18/2015 10:00,-16.7,963.4,60.6,298,33
9/18/2015 11:00,-18.1,963.0,63.2,300,36
9/18/2015 12:00,-18.7,962.9,62.6,299,36
9/18/2015 13:00,-17.6,962.8,63.3,298,33
9/18/2015 14:00,-18.5,962.6,61.9,298,38
9/18/2015 15:00,-19.0,962.3,62.0,300,37
9/18/2015 16:00,-21.9,962.4,60.2,295,40
9/18/2015 17:00,-22.3,962.1,54.9,297,44
9/18/2015 18:00,-23.9,962.3,63.9,298,50
9/18/2015 19:00,-24.1,962.6,75.0,299,49
9/18/2015 20:00,-22.9,962.4,61.1,298,39
9/18/2015 21:00,-22.6,961.9,60.9,299,38
9/18/2015 22:00,-23.4,962.7,61.9,299,38
9/18/2015 23:00,-24.0,963.0,62.5,298,39
9/19/2015 0:00,-23.4,963.5,62.6,300,40
9/19/2015 1:00,-22.9,963.4,62.3,300,37
9/19/2015 2:00,-26.0,964.0,61.9,298,45
9/19/2015 3:00,-24.2,963.7,61.2,298,41
9/19/2015 4:00,-24.3,963.8,61.9,298,40
9/19/2015 5:00,-23.5,963.7,68.9,299,36
9/19/2015 6:00,-24.7,963.6,63.2,299,40
9/19/2015 7:00,-25.5,964.3,62.6,298,43
9/19/2015 8:00,-25.0,965.2,61.2,299,39
9/19/2015 9:00,-23.1,965.5,42.4,302,39
9/19/2015 10:00,-20.8,965.8,63.2,298,33
9/19/2015 11:00,-19.9,966.0,63.5,298,30
9/19/2015 12:00,-19.8,966.6,63.2,299,29
9/19/2015 13:00,-21.6,967.7,63.4,299,34
9/19/2015 14:00,-22.0,968.0,62.5,297,36
9/19/2015 15:00,-20.4,968.1,63.2,298,35
9/19/2015 16:00,-23.6,968.7,59.1,299,38
9/19/2015 17:00,-23.9,969.1,62.6,300,41
9/19/2015 18:00,-25.2,969.7,63.2,298,45
9/19/2015 19:00,-26.4,970.4,62.6,299,46
9/19/2015 20:00,-26.7,971.0,62.6,300,43
9/19/2015 21:00,-27.3,971.4,61.9,298,48
9/19/2015 22:00,-27.1,971.8,62.3,297,50
9/19/2015 23:00,-23.8,972.1,61.9,298,34
9/20/2015 0:00,-24.6,972.7,61.2,298,35
9/20/2015 1:00,-24.6,972.6,62.6,300,35
9/20/2015 2:00,-25.3,972.8,62.5,298,37
9/20/2015 3:00,-25.2,972.9,61.9,299,35
9/20/2015 4:00,-24.7,972.6,49.7,294,35
9/20/2015 5:00,-25.0,972.3,63.9,298,35
9/20/2015 6:00,-25.2,972.5,62.4,297,35
9/20/2015 7:00,-24.0,971.4,62.6,298,36
9/20/2015 8:00,-23.2,971.7,61.3,298,36
9/20/2015 9:00,-21.2,971.7,63.9,299,38
9/20/2015 10:00,-18.7,971.6,58.3,299,28
9/20/2015 11:00,-20.3,971.1,62.6,298,36
9/20/2015 12:00,-18.4,970.7,63.9,298,31
9/20/2015 13:00,-18.8,970.5,62.6,299,35
9/20/2015 14:00,-18.9,970.1,64.2,300,37
9/20/2015 15:00,-18.8,970.0,60.6,303,37
9/20/2015 16:00,-20.3,969.5,61.4,298,41
9/20/2015 17:00,-18.4,969.1,61.3,298,27
9/20/2015 18:00,-21.7,969.5,62.6,300,40
9/20/2015 19:00,-20.8,969.0,62.6,298,38
9/20/2015 20:00,-20.3,968.6,60.3,298,36
9/20/2015 21:00,-19.1,968.7,39.8,280,30
9/20/2015 22:00,-19.0,968.9,62.6,298,30
9/20/2015 23:00,-20.7,968.9,57.4,299,38
9/21/2015 0:00,-21.1,968.4,61.9,298,35
9/21/2015 1:00,-19.6,968.2,63.2,298,30
9/21/2015 2:00,-20.5,968.3,63.2,301,34
9/21/2015 3:00,-20.2,968.3,62.6,298,29
9/21/2015 4:00,-20.4,968.1,61.3,298,30
9/21/2015 5:00,-20.7,967.9,42.3,279,30
9/21/2015 6:00,-21.0,967.8,63.9,298,31
9/21/2015 7:00,-20.4,968.8,63.1,299,32
9/21/2015 8:00,-20.3,968.9,62.6,298,36
9/21/2015 9:00,-19.5,969.2,61.3,298,37
9/21/2015 10:00,-18.4,969.2,62.6,298,30
9/21/2015 11:00,-17.8,969.4,61.7,299,30
9/21/2015 12:00,-17.5,969.5,17.8,257,32
9/21/2015 13:00,-16.9,969.4,62.9,298,29
9/21/2015 14:00,-16.7,969.7,62.4,298,29
9/21/2015 15:00,-18.1,969.7,63.2,298,34
9/21/2015 16:00,-19.1,969.9,63.2,301,34
9/21/2015 17:00,-20.0,969.7,62.6,298,34
9/21/2015 18:00,-20.5,970.0,61.3,298,35
9/21/2015 19:00,-20.3,970.0,61.9,301,29
9/21/2015 20:00,-20.1,970.3,63.1,298,29
9/21/2015 21:00,-20.3,970.0,63.2,298,29
9/21/2015 22:00,-20.5,969.9,32.1,300,34
9/21/2015 23:00,-20.5,969.9,61.9,298,35
9/22/2015 0:00,-20.6,969.7,58.5,298,36
9/22/2015 1:00,-20.2,969.4,62.6,298,35
9/22/2015 2:00,-19.9,969.3,62.6,298,35
9/22/2015 3:00,-20.2,969.0,63.2,301,38
9/22/2015 4:00,-19.7,968.9,62.7,298,38
9/22/2015 5:00,-19.6,968.8,61.3,298,38
9/22/2015 6:00,-19.2,968.8,44.4,308,41
9/22/2015 7:00,-17.6,968.8,61.9,298,41
9/22/2015 8:00,-18.1,968.9,63.9,298,42
9/22/2015 9:00,-16.1,968.7,63.2,298,38
9/22/2015 10:00,-15.7,968.4,63.3,301,40
9/22/2015 11:00,-15.5,968.4,62.6,298,41
9/22/2015 12:00,-16.1,968.2,61.9,298,47
9/22/2015 13:00,-15.8,967.5,61.9,298,45
9/22/2015 14:00,-15.6,967.3,61.9,298,47
9/22/2015 15:00,-16.6,967.3,49.3,307,49
9/22/2015 16:00,-16.8,967.5,62.6,298,47
9/22/2015 17:00,-16.8,967.0,63.2,298,48
9/22/2015 18:00,-17.1,967.8,63.9,298,46
9/22/2015 19:00,-17.0,967.7,62.7,300,47
9/22/2015 20:00,-16.8,967.9,62.6,298,43
9/22/2015 21:00,-16.8,967.9,61.3,298,43
9/22/2015 22:00,-16.7,968.0,61.9,298,40
9/22/2015 23:00,-16.8,968.0,61.9,298,40
9/23/2015 0:00,-16.7,968.0,61.1,305,39
9/23/2015 1:00,-16.7,968.2,62.6,298,41
9/23/2015 2:00,-16.5,967.9,63.9,298,46
9/23/2015 3:00,-16.3,968.1,63.9,298,43
9/23/2015 4:00,-15.9,967.7,61.7,300,44
9/23/2015 5:00,-15.7,968.3,46.8,286,45
9/23/2015 6:00,-15.4,968.3,62.3,298,48
9/23/2015 7:00,-15.4,968.2,61.3,298,56
9/23/2015 8:00,-15.7,968.2,61.9,298,57
9/23/2015 9:00,-15.1,968.4,61.9,301,54
9/23/2015 10:00,-14.7,968.3,61.9,298,53
9/23/2015 11:00,-14.1,968.3,63.9,298,54
9/23/2015 12:00,-13.6,968.1,63.2,298,53
9/23/2015 13:00,-13.4,968.1,62.5,299,51
9/23/2015 14:00,-13.3,968.2,25.5,318,53
9/23/2015 15:00,-13.5,968.0,62.6,298,46
9/23/2015 16:00,-13.9,968.3,61.3,298,54
9/23/2015 17:00,-14.8,968.1,62.4,298,43
9/23/2015 18:00,-15.4,968.2,62.6,301,42
9/23/2015 19:00,-16.4,968.3,61.9,298,41
9/23/2015 20:00,-17.1,968.1,63.2,298,41
9/23/2015 21:00,-17.2,968.5,63.2,298,39
9/23/2015 22:00,-17.9,968.6,63.4,298,41
9/23/2015 23:00,-17.9,969.2,49.8,301,39
9/24/2015 0:00,-18.3,969.1,62.6,298,43
9/24/2015 1:00,-18.6,969.0,61.9,298,43
9/24/2015 2:00,-19.1,968.9,61.3,298,45
9/24/2015 3:00,-19.8,968.8,61.9,298,48
9/24/2015 4:00,-20.9,968.7,62.6,298,45
9/24/2015 5:00,-21.4,968.9,74.4,300,43
9/24/2015 6:00,-21.4,968.9,63.2,298,43
9/24/2015 7:00,-19.9,969.6,61.2,298,42
9/24/2015 8:00,-17.3,969.7,61.9,298,39
9/24/2015 9:00,-16.9,969.8,61.9,301,38
9/24/2015 10:00,-16.5,970.1,61.9,298,37
9/24/2015 11:00,-17.6,970.5,63.2,298,42
9/24/2015 12:00,-17.0,970.7,63.4,298,41
9/24/2015 13:00,-17.9,971.1,62.6,298,49
9/24/2015 14:00,-18.5,971.7,63.2,301,49
9/24/2015 15:00,-19.9,972.5,62.6,298,53
9/24/2015 16:00,-22.4,972.8,61.9,298,58
9/24/2015 17:00,-23.5,973.6,61.9,298,58
9/24/2015 18:00,-24.5,974.6,61.9,301,59
9/24/2015 19:00,-24.9,975.4,63.2,298,59
9/24/2015 20:00,-24.9,975.9,63.2,298,61
9/24/2015 21:00,-23.5,976.6,63.2,298,61
9/24/2015 22:00,-23.5,977.7,62.6,298,59
9/24/2015 23:00,-25.2,978.5,62.1,300,57
9/25/2015 0:00,-26.5,979.0,62.6,298,59
9/25/2015 1:00,-26.3,979.8,62.6,298,61
9/25/2015 2:00,-25.0,979.9,51.0,300,60
9/25/2015 3:00,-24.5,980.2,61.3,298,60
9/25/2015 4:00,-23.3,980.2,61.3,298,57
9/25/2015 5:00,-22.3,980.1,62.6,298,52
9/25/2015 6:00,-22.8,980.5,63.4,298,54
9/25/2015 7:00,-20.3,980.4,62.6,298,50
9/25/2015 8:00,-20.0,980.5,63.2,301,50
9/25/2015 9:00,-17.8,980.5,62.5,298,43
9/25/2015 10:00,-17.3,980.2,61.3,298,40
9/25/2015 11:00,-16.2,979.6,61.3,298,39
9/25/2015 12:00,-15.9,978.9,50.6,298,36
9/25/2015 13:00,-13.8,978.1,43.1,292,36
9/25/2015 14:00,-16.0,977.6,62.6,298,39
9/25/2015 15:00,-15.5,977.1,62.6,298,39
9/25/2015 16:00,-17.0,976.8,63.9,298,39
9/25/2015 17:00,-17.2,976.0,64.1,300,45
9/25/2015 18:00,-17.5,975.5,51.2,284,43
9/25/2015 19:00,-18.5,974.6,62.4,298,45
9/25/2015 20:00,-19.7,974.3,61.3,298,50
9/25/2015 21:00,-16.5,973.5,61.9,301,41
9/25/2015 22:00,-16.4,973.1,61.9,298,40
9/25/2015 23:00,-13.9,972.2,63.9,298,31
9/26/2015 0:00,-14.1,971.6,62.6,298,33
9/26/2015 1:00,-14.8,971.0,63.2,298,36
9/26/2015 2:00,-14.9,970.6,61.7,303,37
9/26/2015 3:00,-14.4,969.6,62.6,298,35
9/26/2015 4:00,-13.9,969.0,61.3,298,32
9/26/2015 5:00,-16.8,968.9,63.2,298,40
9/26/2015 6:00,-18.0,968.6,55.6,299,45
9/26/2015 7:00,-15.2,967.9,24.4,299,38
9/26/2015 8:00,-13.7,967.3,61.9,298,31
9/26/2015 9:00,-12.8,966.9,61.3,298,31
9/26/2015 10:00,-12.0,966.7,61.3,298,30
9/26/2015 11:00,-10.5,966.9,68.2,299,25
9/26/2015 12:00,-10.8,966.4,62.6,301,30
9/26/2015 13:00,-11.1,966.0,61.8,303,37
9/26/2015 14:00,-11.7,966.2,62.6,298,32
9/26/2015 15:00,-12.9,966.2,62.6,298,40
9/26/2015 16:00,-13.3,966.5,63.9,298,38
9/26/2015 17:00,-14.1,966.8,63.9,298,42
9/26/2015 18:00,-15.7,967.1,48.0,282,47
9/26/2015 19:00,-16.6,967.2,62.2,298,48
9/26/2015 20:00,-17.1,967.3,61.2,298,44
9/26/2015 21:00,-16.5,968.2,61.9,298,40
9/26/2015 22:00,-15.4,968.2,62.6,301,34
9/26/2015 23:00,-15.6,969.1,59.8,294,36
9/27/2015 0:00,-15.4,969.5,63.9,298,35
9/27/2015 1:00,-15.9,969.7,63.9,298,36
9/27/2015 2:00,-15.9,970.3,63.6,298,34
9/27/2015 3:00,-15.5,970.9,51.1,310,30
9/27/2015 4:00,-17.1,971.6,63.2,298,36
9/27/2015 5:00,-17.4,971.7,61.2,298,34
9/27/2015 6:00,-16.4,972.7,61.9,298,32
9/27/2015 7:00,-15.5,973.3,62.9,300,30
9/27/2015 8:00,-15.3,974.6,19.6,276,33
9/27/2015 9:00,-14.0,974.7,62.6,298,28
9/27/2015 10:00,-12.9,975.2,62.0,298,27
9/27/2015 11:00,-13.8,975.6,63.9,298,35
9/27/2015 12:00,-14.3,976.0,62.6,301,35
9/27/2015 13:00,-14.6,976.4,63.2,298,39
9/27/2015 14:00,-14.2,976.9,61.9,298,37
9/27/2015 15:00,-14.1,976.7,61.9,298,37
9/27/2015 16:00,-13.9,977.3,61.9,298,34
9/27/2015 17:00,-14.3,977.6,39.8,305,37
9/27/2015 18:00,-14.0,977.6,61.9,298,35
9/27/2015 19:00,-13.8,977.4,63.2,298,32
9/27/2015 20:00,-14.3,978.2,63.9,298,39
9/27/2015 21:00,-14.2,978.8,63.2,301,36
9/27/2015 22:00,-13.9,978.6,62.6,298,36
9/27/2015 23:00,-13.7,978.1,61.3,298,39
9/28/2015 0:00,-13.7,977.8,61.3,298,41
9/28/2015 1:00,-13.6,977.9,61.9,298,48
9/28/2015 2:00,-13.3,977.6,56.0,307,52
9/28/2015 3:00,-13.8,978.2,61.9,298,71
9/28/2015 4:00,-14.4,978.5,62.6,298,85
9/28/2015 5:00,-14.5,979.5,63.9,298,86
9/28/2015 6:00,-14.5,980.6,62.4,300,86
9/28/2015 7:00,-14.4,980.8,40.9,317,86
9/28/2015 8:00,-14.1,980.7,61.9,298,86
9/28/2015 9:00,-13.8,980.4,61.3,298,87
9/28/2015 10:00,-13.3,978.5,61.9,298,87
9/28/2015 11:00,-13.0,977.2,62.6,301,87
9/28/2015 12:00,-12.7,976.0,61.9,298,88
9/28/2015 13:00,-12.3,974.6,63.2,298,88
9/28/2015 14:00,-11.6,972.4,63.2,298,89
9/28/2015 15:00,-11.3,970.8,57.7,300,89
9/28/2015 16:00,-11.3,968.3,61.8,301,89
9/28/2015 17:00,-11.3,966.4,62.8,298,89
9/28/2015 18:00,-11.3,964.1,60.6,298,89
9/28/2015 19:00,-11.0,962.6,61.8,298,89
9/28/2015 20:00,-10.4,960.6,61.9,301,90
9/28/2015 21:00,-9.7,959.7,62.5,298,90
9/28/2015 22:00,-9.3,959.7,63.2,298,91
9/28/2015 23:00,-9.2,959.2,63.3,298,91
9/29/2015 0:00,-9.1,958.8,63.8,298,91
9/29/2015 1:00,-9.6,959.3,33.5,324,91
9/29/2015 2:00,-9.9,959.8,63.1,299,90
9/29/2015 3:00,-10.1,961.5,61.8,299,90
9/29/2015 4:00,-10.0,962.4,61.3,298,90
9/29/2015 5:00,-9.8,963.2,61.3,300,90
9/29/2015 6:00,-9.6,964.5,61.2,298,90
9/29/2015 7:00,-9.3,965.1,52.7,298,91
9/29/2015 8:00,-8.8,964.8,63.3,298,91
9/29/2015 9:00,-8.5,963.6,63.4,298,91
9/29/2015 10:00,-8.2,962.1,62.3,301,92
9/29/2015 11:00,-7.9,961.5,62.5,299,92
9/29/2015 12:00,-7.8,961.3,61.3,298,92
9/29/2015 13:00,-7.7,960.7,61.3,298,92
9/29/2015 14:00,-7.4,961.2,65.4,299,93
9/29/2015 15:00,-7.4,962.0,55.6,307,92
9/29/2015 16:00,-7.6,962.0,61.9,299,92
9/29/2015 17:00,-7.7,960.6,63.9,298,92
9/29/2015 18:00,-7.6,959.9,63.3,298,92
9/29/2015 19:00,-7.6,958.2,61.8,300,92
9/29/2015 20:00,-7.2,957.3,62.2,300,93
9/29/2015 21:00,-7.0,955.6,62.8,299,93
9/29/2015 22:00,-6.9,954.1,63.2,298,93
9/29/2015 23:00,-6.9,953.4,61.3,298,93
9/30/2015 0:00,-6.8,951.7,61.9,300,93
9/30/2015 1:00,-6.6,951.0,66.1,299,93
9/30/2015 2:00,-8.1,956.3,41.7,292,91
9/30/2015 3:00,-10.2,959.5,63.2,298,89
9/30/2015 4:00,-10.8,971.8,63.8,299,90
9/30/2015 5:00,-11.3,980.1,62.6,300,89
9/30/2015 6:00,-11.6,982.1,62.6,299,89
9/30/2015 7:00,-11.5,981.4,61.9,298,89
9/30/2015 8:00,-10.7,979.2,61.9,298,90
9/30/2015 9:00,-9.5,977.5,61.7,298,91
9/30/2015 10:00,-8.6,976.4,61.9,300,92
9/30/2015 11:00,-8.1,976.1,62.6,299,92
9/30/2015 12:00,-7.8,974.8,63.3,298,92
9/30/2015 13:00,-7.7,974.4,62.6,298,92
9/30/2015 14:00,-7.8,974.2,64.4,299,92
9/30/2015 15:00,-7.9,974.4,56.2,293,92
9/30/2015 16:00,-7.7,975.5,62.6,300,92
9/30/2015 17:00,-7.8,976.0,61.9,298,92
9/30/2015 18:00,-7.9,977.0,61.3,298,92
9/30/2015 19:00,-7.9,977.8,61.3,299,92
9/30/2015 20:00,-7.8,978.3,60.8,298,92
9/30/2015 21:00,-7.8,979.1,59.8,303,92
9/30/2015 22:00,-7.7,979.5,63.3,298,92
9/30/2015 23:00,-7.7,980.1,63.9,298,92
10/1/2015 0:00,-7.9,980.8,63.9,299,92
10/1/2015 1:00,-8.1,981.3,62.6,300,92
10/1/2015 2:00,-8.2,981.1,63.3,298,92
10/1/2015 3:00,-8.3,981.0,61.5,298,92
10/1/2015 4:00,-8.4,981.7,61.1,298,92
10/1/2015 5:00,-8.5,982.4,57.9,297,92
10/1/2015 6:00,-8.6,982.7,61.9,300,92
10/1/2015 7:00,-8.6,982.7,61.9,298,92
10/1/2015 8:00,-8.7,983.2,63.7,298,91
10/1/2015 9:00,-9.0,983.2,61.5,298,91
10/1/2015 10:00,-9.0,983.2,58.1,297,91
10/1/2015 11:00,-8.8,983.4,63.2,300,91
10/1/2015 12:00,-8.7,983.1,63.3,298,91
10/1/2015 13:00,-9.0,982.8,61.9,298,91
10/1/2015 14:00,-9.0,983.4,61.3,299,91
10/1/2015 15:00,-9.2,984.1,58.8,298,91
10/1/2015 16:00,-9.3,984.9,48.5,296,91
10/1/2015 17:00,-9.6,985.0,61.9,298,90
10/1/2015 18:00,-9.8,985.3,63.2,298,90
10/1/2015 19:00,-10.0,985.1,63.2,298,89
10/1/2015 20:00,-9.9,985.1,65.9,299,89
10/1/2015 21:00,-10.0,985.2,29.7,286,89
10/1/2015 22:00,-10.2,985.2,62.6,298,89
10/1/2015 23:00,-10.3,985.2,61.9,298,89
10/2/2015 0:00,-10.3,984.6,61.5,298,88
10/2/2015 1:00,-9.9,983.7,62.3,301,87
10/2/2015 2:00,-9.8,982.6,43.4,312,88
10/2/2015 3:00,-9.1,981.1,62.4,298,84
10/2/2015 4:00,-9.2,980.6,62.4,298,82
10/2/2015 5:00,-9.2,980.0,63.9,298,81
10/2/2015 6:00,-9.2,980.3,62.6,301,83
10/2/2015 7:00,-8.9,980.3,63.3,298,82
10/2/2015 8:00,-8.1,979.4,61.9,298,81
10/2/2015 9:00,-7.5,979.3,61.3,298,85
10/2/2015 10:00,-7.2,979.1,61.3,298,83
10/2/2015 11:00,-7.3,978.9,61.9,298,84
10/2/2015 12:00,-7.1,978.7,60.1,300,82
10/2/2015 13:00,-7.4,977.7,33.7,278,74
10/2/2015 14:00,-8.3,977.2,61.9,298,82
10/2/2015 15:00,-9.0,978.6,63.3,298,82
10/2/2015 16:00,-8.9,977.8,63.9,298,83
10/2/2015 17:00,-9.0,978.0,62.4,301,79
10/2/2015 18:00,-8.9,977.8,51.7,290,74
10/2/2015 19:00,-8.6,977.1,62.0,298,72
10/2/2015 20:00,-8.3,976.2,61.2,298,73
10/2/2015 21:00,-8.7,975.4,61.9,298,90
10/2/2015 22:00,-8.4,975.5,62.6,301,89
10/2/2015 23:00,-8.1,975.6,62.5,298,89
10/3/2015 0:00,-7.8,976.1,63.2,298,83
10/3/2015 1:00,-7.7,976.5,63.9,298,82
10/3/2015 2:00,-7.5,976.1,63.9,298,73
10/3/2015 3:00,-7.4,976.8,63.3,301,70
10/3/2015 4:00,-6.9,976.8,62.6,298,62
10/3/2015 5:00,-6.5,976.8,61.4,298,57
10/3/2015 6:00,-6.1,976.5,61.3,298,54
10/3/2015 7:00,-6.0,976.8,62.6,298,53
10/3/2015 8:00,-5.7,976.2,61.9,301,52
10/3/2015 9:00,-6.0,977.1,61.9,298,65
10/3/2015 10:00,-5.2,975.6,63.3,298,49
10/3/2015 11:00,-5.1,974.3,63.9,298,52
10/3/2015 12:00,-5.1,973.8,64.2,298,59
10/3/2015 13:00,-4.9,972.7,62.6,301,59
10/3/2015 14:00,-3.8,971.1,29.6,293,49
10/3/2015 15:00,-3.6,969.5,63.3,298,56
10/3/2015 16:00,-4.1,968.4,63.3,298,60
10/3/2015 17:00,-4.1,967.5,62.6,298,59
10/3/2015 18:00,-4.4,967.0,61.3,298,68
10/3/2015 19:00,-5.0,967.1,61.3,298,72
10/3/2015 20:00,-4.9,967.1,61.9,298,64
10/3/2015 21:00,-5.0,967.0,62.6,301,66
10/3/2015 22:00,-5.0,966.3,61.6,299,63
10/3/2015 23:00,-5.5,966.0,63.3,298,67
10/4/2015 0:00,-5.4,965.9,63.9,298,66
10/4/2015 1:00,-5.1,966.2,64.9,298,58
10/4/2015 2:00,-6.0,966.8,43.7,303,78
10/4/2015 3:00,-5.6,967.1,62.6,298,73
10/4/2015 4:00,-5.8,967.6,61.3,298,79
10/4/2015 5:00,-5.9,967.9,61.3,298,83
10/4/2015 6:00,-5.8,968.8,68.4,299,87
10/4/2015 7:00,-5.8,969.6,22.5,315,90
10/4/2015 8:00,-5.7,970.1,61.9,298,91
10/4/2015 9:00,-5.7,970.7,62.6,298,91
10/4/2015 10:00,-5.8,972.2,63.9,298,92
10/4/2015 11:00,-5.9,972.6,63.3,301,92
10/4/2015 12:00,-5.9,972.7,63.3,298,92
10/4/2015 13:00,-6.1,973.3,62.0,298,89
10/4/2015 14:00,-6.1,972.9,61.9,298,87
10/4/2015 15:00,-6.0,973.4,61.3,298,86
10/4/2015 16:00,-6.3,973.4,62.0,301,82
10/4/2015 17:00,-6.1,973.6,61.9,298,77
10/4/2015 18:00,-6.3,973.6,63.9,298,73
10/4/2015 19:00,-6.7,973.8,63.3,298,75
10/4/2015 20:00,-7.3,973.1,63.3,298,88
10/4/2015 21:00,-7.4,974.0,62.6,301,90
10/4/2015 22:00,-7.9,974.8,63.3,298,91
10/4/2015 23:00,-7.9,976.2,61.9,298,90
10/5/2015 0:00,-8.1,976.1,61.3,298,88
10/5/2015 1:00,-7.6,975.5,58.2,300,82
10/5/2015 2:00,-8.0,975.7,47.9,286,81
10/5/2015 3:00,-7.7,976.3,62.6,298,67
10/5/2015 4:00,-7.6,977.1,63.6,298,63
10/5/2015 5:00,-7.8,977.3,63.3,298,63
10/5/2015 6:00,-7.6,977.2,63.2,301,61
10/5/2015 7:00,-7.5,976.9,63.3,298,56
10/5/2015 8:00,-7.3,976.5,61.3,298,56
10/5/2015 9:00,-7.2,976.2,61.3,298,56
10/5/2015 10:00,-7.1,976.1,61.3,298,56
10/5/2015 11:00,-7.0,976.1,61.9,301,60
10/5/2015 12:00,-7.1,976.2,61.9,298,59
10/5/2015 13:00,-7.2,976.3,63.3,298,59
10/5/2015 14:00,-7.5,975.8,63.9,298,58
10/5/2015 15:00,-7.5,975.6,64.1,298,59
10/5/2015 16:00,-7.6,975.6,46.9,315,57
10/5/2015 17:00,-7.9,975.6,62.6,298,58
10/5/2015 18:00,-8.2,975.9,61.3,298,59
10/5/2015 19:00,-8.2,976.1,61.9,298,56
10/5/2015 20:00,-8.3,976.7,62.0,301,55
10/5/2015 21:00,-8.5,977.4,29.8,281,54
10/5/2015 22:00,-9.0,977.9,62.8,298,60
10/5/2015 23:00,-8.8,978.5,62.3,297,56
10/6/2015 0:00,-9.0,978.1,63.9,298,56
10/6/2015 1:00,-9.3,978.5,63.2,301,58
10/6/2015 2:00,-9.6,978.2,63.2,298,55
10/6/2015 3:00,-9.9,977.3,61.9,298,55
10/6/2015 4:00,-10.1,977.2,61.3,298,62
10/6/2015 5:00,-9.6,976.7,61.9,298,61
10/6/2015 6:00,-9.1,977.0,61.9,301,53
10/6/2015 7:00,-9.1,977.4,61.9,298,59
10/6/2015 8:00,-7.5,976.8,63.9,298,43
10/6/2015 9:00,-7.0,976.6,62.6,298,46
10/6/2015 10:00,-6.2,976.8,67.9,299,40
10/6/2015 11:00,-6.2,976.5,58.9,297,47
10/6/2015 12:00,-6.0,976.4,63.3,298,51
10/6/2015 13:00,-5.8,975.8,61.9,298,49
10/6/2015 14:00,-5.4,975.0,61.9,298,48
10/6/2015 15:00,-5.4,974.5,63.1,300,43
10/6/2015 16:00,-5.2,974.2,22.6,274,41
10/6/2015 17:00,-5.7,974.5,62.6,298,48
10/6/2015 18:00,-6.1,974.1,63.3,298,54
10/6/2015 19:00,-5.3,974.1,63.9,298,45
10/6/2015 20:00,-6.2,975.0,62.6,301,58
10/6/2015 21:00,-6.3,974.4,63.3,298,61
10/6/2015 22:00,-6.2,975.4,61.3,298,54
10/6/2015 23:00,-6.8,975.7,61.9,298,62
10/7/2015 0:00,-7.3,975.4,61.9,298,66
10/7/2015 1:00,-7.7,976.3,61.9,301,66
10/7/2015 2:00,-7.9,976.4,61.9,298,63
10/7/2015 3:00,-7.9,976.7,62.6,298,66
10/7/2015 4:00,-7.7,976.2,63.3,298,62
10/7/2015 5:00,-7.3,975.9,63.2,298,59
10/7/2015 6:00,-6.6,975.6,52.0,296,53
10/7/2015 7:00,-5.4,975.4,63.3,298,48
10/7/2015 8:00,-4.2,974.5,61.9,298,45
10/7/2015 9:00,-3.2,973.5,61.3,298,44
10/7/2015 10:00,-2.2,972.5,61.9,298,41
10/7/2015 11:00,-2.1,971.8,61.2,298,41
10/7/2015 12:00,-1.9,970.8,61.9,298,43
10/7/2015 13:00,-1.6,970.3,61.9,298,42
10/7/2015 14:00,-1.4,969.7,62.6,298,40
10/7/2015 15:00,-1.4,969.6,61.9,298,43
10/7/2015 16:00,-1.2,969.5,70.6,299,41
10/7/2015 17:00,-2.1,969.3,63.7,300,42
10/7/2015 18:00,-2.2,969.6,62.6,301,39
10/7/2015 19:00,-2.4,970.1,61.9,301,44
10/7/2015 20:00,-3.0,970.5,57.7,309,44
10/7/2015 21:00,-3.6,970.8,61.9,298,43
10/7/2015 22:00,-3.6,970.8,62.6,298,40
10/7/2015 23:00,-4.4,971.9,61.9,298,44
10/8/2015 0:00,-4.6,972.2,63.9,298,37
10/8/2015 1:00,-4.7,972.5,63.9,298,37
10/8/2015 2:00,-5.7,973.0,63.7,300,40
10/8/2015 3:00,-5.7,973.4,62.8,297,35
10/8/2015 4:00,-6.3,974.0,61.9,298,39
10/8/2015 5:00,-6.2,974.4,61.2,298,37
10/8/2015 6:00,-6.2,974.8,61.3,298,37
10/8/2015 7:00,-6.0,975.1,63.4,299,37
10/8/2015 8:00,-5.0,975.0,12.5,330,39
10/8/2015 9:00,-5.0,975.0,61.9,298,41
10/8/2015 10:00,-4.5,974.7,62.6,298,35
10/8/2015 11:00,-4.5,974.6,62.6,298,39
10/8/2015 12:00,-4.4,974.3,63.9,298,35
10/8/2015 13:00,-4.7,974.3,63.3,298,33
10/8/2015 14:00,-5.1,973.9,63.9,298,37
10/8/2015 15:00,-5.6,974.2,63.3,298,36
10/8/2015 16:00,-5.6,974.0,61.6,298,30
10/8/2015 17:00,-6.0,974.0,47.8,295,66
10/8/2015 18:00,-5.8,974.1,63.3,298,42
10/8/2015 19:00,-6.1,974.0,61.3,298,40
10/8/2015 20:00,-6.5,974.3,61.3,298,44
10/8/2015 21:00,-6.3,974.2,62.1,298,38
10/8/2015 22:00,-5.6,973.9,25.9,311,40
10/8/2015 23:00,-6.0,974.3,62.6,298,38
10/9/2015 0:00,-6.0,974.2,63.9,298,34
10/9/2015 1:00,-6.5,974.9,63.9,298,32
10/9/2015 2:00,-6.8,974.3,63.2,301,38
10/9/2015 3:00,-7.1,974.2,62.3,297,39
10/9/2015 4:00,-7.1,974.5,62.2,298,40
10/9/2015 5:00,-6.8,974.6,61.3,298,38
10/9/2015 6:00,-6.8,974.8,61.3,298,39
10/9/2015 7:00,-6.5,974.4,61.9,301,37
10/9/2015 8:00,-6.4,974.3,62.6,298,39
10/9/2015 9:00,-6.2,974.2,62.9,298,38
10/9/2015 10:00,-6.0,973.9,63.9,298,39
10/9/2015 11:00,-5.3,973.6,63.3,298,39
10/9/2015 12:00,-5.3,973.2,62.8,299,37
10/9/2015 13:00,-4.2,972.7,63.3,298,31
10/9/2015 14:00,-4.5,972.7,63.9,298,38
10/9/2015 15:00,-4.9,972.8,63.9,298,35
10/9/2015 16:00,-6.2,972.8,62.3,299,43
10/9/2015 17:00,-6.9,972.4,47.0,297,48
10/9/2015 18:00,-7.0,972.7,62.6,298,37
10/9/2015 19:00,-7.4,972.8,61.9,298,38
10/9/2015 20:00,-7.8,973.0,61.9,298,40
10/9/2015 21:00,-8.3,973.3,68.1,299,40
10/9/2015 22:00,-8.9,973.8,38.0,310,44
10/9/2015 23:00,-9.6,974.0,63.2,298,44
10/10/2015 0:00,-9.3,974.5,61.3,298,34
10/10/2015 1:00,-10.0,974.4,61.9,298,36
10/10/2015 2:00,-10.8,974.4,66.0,299,41
10/10/2015 3:00,-11.4,974.8,23.0,319,39
10/10/2015 4:00,-12.1,974.9,62.6,298,38
10/10/2015 5:00,-12.6,975.6,62.6,298,44
10/10/2015 6:00,-12.7,975.6,63.9,298,43
10/10/2015 7:00,-12.2,976.0,63.0,300,37
10/10/2015 8:00,-13.3,976.8,61.1,302,39
10/10/2015 9:00,-13.2,977.0,62.5,298,43
10/10/2015 10:00,-13.3,977.6,61.2,298,44
10/10/2015 11:00,-13.1,977.2,61.9,298,47
10/10/2015 12:00,-12.5,976.6,61.9,300,46
10/10/2015 13:00,-13.0,976.9,64.3,299,49
10/10/2015 14:00,-13.5,977.0,54.6,298,52
10/10/2015 15:00,-14.1,976.9,63.2,298,55
10/10/2015 16:00,-14.1,976.9,63.2,298,51
10/10/2015 17:00,-15.0,976.8,63.2,300,60
10/10/2015 18:00,-15.2,977.0,61.9,298,49
10/10/2015 19:00,-15.2,977.0,61.3,298,49
10/10/2015 20:00,-15.9,976.6,61.3,298,52
10/10/2015 21:00,-16.6,976.5,59.9,298,51
10/10/2015 22:00,-15.5,976.1,37.4,312,47
10/10/2015 23:00,-15.1,976.2,62.6,299,41
10/11/2015 0:00,-5.2,980.0,70.9,299,94
10/11/2015 1:00,-4.9,979.2,46.9,294,95
10/11/2015 2:00,-4.5,978.6,62.6,298,97
10/11/2015 3:00,-4.4,978.0,63.8,298,97
10/11/2015 4:00,-4.1,977.3,62.6,298,98
10/11/2015 5:00,-4.0,975.9,63.9,298,98
10/11/2015 6:00,-3.6,975.5,63.9,298,99
10/11/2015 7:00,-3.6,975.3,63.3,298,99
10/11/2015 8:00,-3.5,974.2,63.3,298,99
10/11/2015 9:00,-3.7,974.2,63.3,298,98
10/11/2015 10:00,-3.8,974.0,63.9,298,98
10/11/2015 11:00,-3.8,973.7,63.9,298,97
10/11/2015 12:00,-4.1,973.4,63.0,299,97
10/11/2015 13:00,-4.1,973.0,62.8,299,97
10/11/2015 14:00,-4.4,973.5,63.3,301,97
10/11/2015 15:00,-4.8,973.5,59.2,297,96
10/11/2015 16:00,-5.0,973.7,62.2,298,96
10/11/2015 17:00,-5.1,974.1,61.9,298,96
10/11/2015 18:00,-5.2,974.9,61.9,298,96
10/11/2015 19:00,-5.3,975.6,61.3,298,95
10/11/2015 20:00,-5.4,975.9,61.9,301,95
10/11/2015 21:00,-5.3,976.5,61.9,298,95
10/11/2015 22:00,-5.2,976.9,63.3,298,94
10/11/2015 23:00,-5.5,976.9,63.3,298,93
10/12/2015 0:00,-3.0,963.4,16.8,135,45
10/12/2015 1:00,-2.5,962.8,13.5,128,38
10/12/2015 2:00,-3.1,962.3,15.7,173,41
10/12/2015 3:00,-3.4,961.9,19.7,175,40
10/12/2015 4:00,-2.8,961.8,19.3,161,41
10/12/2015 5:00,-2.5,961.4,21.4,160,42
10/12/2015 6:00,-1.7,961.2,20.1,154,42
10/12/2015 7:00,-1.1,960.6,20.6,161,39
10/12/2015 8:00,-0.5,960.5,20.8,150,39
10/12/2015 9:00,0.9,960.2,15.7,137,38
10/12/2015 10:00,1.4,959.8,17.1,147,33
10/12/2015 11:00,2.1,959.1,15.5,134,26
10/12/2015 12:00,2.3,958.6,10.4,127,21
10/12/2015 13:00,2.0,958.0,8.0,165,24
10/12/2015 14:00,2.1,957.6,8.7,198,25
10/12/2015 15:00,1.7,957.3,12.5,327,39
10/12/2015 16:00,1.8,956.6,13.2,328,46
10/12/2015 17:00,0.8,956.6,13.0,355,58
10/12/2015 18:00,0.1,957.0,7.3,95,58
10/12/2015 19:00,-0.2,956.8,1.6,125,46
10/12/2015 20:00,-0.4,956.6,11.6,184,55
10/12/2015 21:00,-1.2,956.3,14.0,189,54
10/12/2015 22:00,-2.7,956.2,19.2,184,56
10/12/2015 23:00,-2.1,956.1,15.7,181,48
10/13/2015 0:00,-10.6,961.4,63.9,298,36
10/13/2015 1:00,-10.3,961.2,62.4,298,39
10/13/2015 2:00,-9.3,961.9,55.0,293,37
10/13/2015 3:00,-9.7,961.6,61.9,302,46
10/13/2015 4:00,-9.0,961.8,62.6,298,41
10/13/2015 5:00,-8.9,961.6,61.9,298,41
10/13/2015 6:00,-8.8,961.7,61.9,298,43
10/13/2015 7:00,-8.4,961.8,61.9,299,40
10/13/2015 8:00,-7.0,962.0,48.4,302,40
10/13/2015 9:00,-6.5,962.1,62.6,298,44
10/13/2015 10:00,-6.3,961.7,62.8,298,41
10/13/2015 11:00,-5.8,961.6,63.2,298,41
10/13/2015 12:00,-4.9,961.9,62.6,298,43
10/13/2015 13:00,-5.4,961.9,62.6,298,43
10/13/2015 14:00,-5.9,961.9,62.6,298,49
10/13/2015 15:00,-5.9,962.2,78.9,299,46
10/13/2015 16:00,-5.9,962.1,48.9,313,46
10/13/2015 17:00,-6.1,961.9,62.6,298,49
10/13/2015 18:00,-6.2,961.7,61.9,298,48
10/13/2015 19:00,-6.5,962.0,61.3,298,49
10/13/2015 20:00,-7.1,962.3,62.0,299,60
10/13/2015 21:00,-7.4,962.3,50.0,317,69
10/13/2015 22:00,-7.5,962.6,62.6,298,67
10/13/2015 23:00,-7.3,962.8,63.9,298,70
10/14/2015 0:00,-7.2,963.0,63.9,298,68
10/14/2015 1:00,-7.0,962.8,65.1,299,63
10/14/2015 2:00,-5.9,962.6,63.3,301,50
10/14/2015 3:00,-5.7,963.3,63.3,298,48
10/14/2015 4:00,-5.6,963.4,61.3,298,45
10/14/2015 5:00,-5.2,963.3,61.3,298,41
10/14/2015 6:00,-4.9,964.1,66.5,299,42
10/14/2015 7:00,-5.0,964.0,61.9,301,41
10/14/2015 8:00,-5.1,964.0,62.6,301,47
10/14/2015 9:00,-4.8,964.4,60.3,295,48
10/14/2015 10:00,-3.4,964.2,61.9,298,45
10/14/2015 11:00,-3.6,964.4,62.6,298,40
10/14/2015 12:00,-3.4,964.3,61.9,298,46
10/14/2015 13:00,-3.1,964.4,63.9,298,44
10/14/2015 14:00,-2.3,964.4,63.9,298,41
10/14/2015 15:00,-2.6,964.4,63.3,298,39
10/14/2015 16:00,-3.5,964.7,63.2,299,44
10/14/2015 17:00,-4.7,964.9,63.3,298,47
10/14/2015 18:00,-5.3,964.8,63.3,298,47
10/14/2015 19:00,-7.3,965.0,63.3,298,51
10/14/2015 20:00,-8.5,965.4,62.8,301,53
10/14/2015 21:00,-8.6,965.4,62.6,298,50
10/14/2015 22:00,-8.2,965.6,61.9,298,39
10/14/2015 23:00,-9.5,965.8,62.6,298,46
10/15/2015 0:00,-8.5,965.8,63.4,298,39
10/15/2015 1:00,-8.6,966.1,61.9,301,43
10/15/2015 2:00,-8.9,966.3,62.6,298,44
10/15/2015 3:00,-9.4,966.4,62.6,298,45
10/15/2015 4:00,-9.1,966.5,62.6,298,46
10/15/2015 5:00,-9.1,966.8,67.0,299,45
10/15/2015 6:00,-9.1,967.1,42.0,317,47
10/15/2015 7:00,-8.3,967.6,62.6,298,45
10/15/2015 8:00,-7.1,968.2,61.3,298,43
10/15/2015 9:00,-6.1,968.6,61.9,298,42
10/15/2015 10:00,-5.4,968.5,61.3,298,44
10/15/2015 11:00,-5.3,968.5,61.9,298,45
10/15/2015 12:00,-4.5,968.6,61.3,298,43
10/15/2015 13:00,-4.1,968.6,61.3,298,41
10/15/2015 14:00,-3.7,968.4,56.2,299,39
10/15/2015 15:00,-4.8,968.3,61.9,301,50
10/15/2015 16:00,-5.7,968.6,61.4,300,50
10/15/2015 17:00,-7.4,968.7,44.0,279,55
10/15/2015 18:00,-8.9,968.7,62.6,298,54
10/15/2015 19:00,-9.3,969.0,62.8,298,57
10/15/2015 20:00,-10.3,969.6,63.2,298,59
10/15/2015 21:00,-10.9,969.7,62.0,300,60
10/15/2015 22:00,-10.9,969.9,61.9,295,56
10/15/2015 23:00,-12.2,970.2,62.6,298,53
10/16/2015 0:00,-12.6,970.1,61.2,298,52
10/16/2015 1:00,-13.5,969.9,62.6,298,53
10/16/2015 2:00,-13.4,970.2,62.6,301,51
10/16/2015 3:00,-13.9,970.0,61.9,298,53
10/16/2015 4:00,-14.0,969.9,63.8,298,53
10/16/2015 5:00,-13.6,970.0,63.2,298,53
10/16/2015 6:00,-13.0,970.3,63.3,298,55
10/16/2015 7:00,-11.1,970.8,62.9,301,49
10/16/2015 8:00,-11.0,970.9,45.9,282,51
10/16/2015 9:00,-10.8,971.3,63.3,298,49
10/16/2015 10:00,-9.4,971.4,61.3,298,49
10/16/2015 11:00,-8.3,970.9,61.3,298,41
10/16/2015 12:00,-7.6,970.9,61.3,298,42
10/16/2015 13:00,-8.0,971.0,61.9,298,43
10/16/2015 14:00,-8.4,971.1,62.6,298,47
10/16/2015 15:00,-7.7,971.1,62.0,301,46
10/16/2015 16:00,-8.2,971.2,61.9,298,44
10/16/2015 17:00,-8.5,971.5,63.9,298,43
10/16/2015 18:00,-9.1,971.6,63.9,298,47
10/16/2015 19:00,-9.3,972.3,63.2,298,47
10/16/2015 20:00,-10.0,973.1,62.9,302,66
10/16/2015 21:00,-10.3,973.4,63.2,298,72
10/16/2015 22:00,-10.5,973.6,61.9,298,77
10/16/2015 23:00,-10.3,974.1,62.6,298,76
10/17/2015 0:00,-10.2,974.6,61.7,299,76
10/17/2015 1:00,-10.2,974.9,21.0,307,80
10/17/2015 2:00,-10.1,975.2,62.6,298,79
10/17/2015 3:00,-9.9,975.4,61.7,299,78
10/17/2015 4:00,-9.7,975.8,63.4,298,78
10/17/2015 5:00,-9.6,976.3,63.2,301,79
10/17/2015 6:00,-9.3,976.8,63.2,298,76
10/17/2015 7:00,-9.0,977.6,61.3,298,75
10/17/2015 8:00,-8.9,977.9,61.3,298,75
10/17/2015 9:00,-8.7,978.3,61.3,298,75
10/17/2015 10:00,-8.6,978.5,62.6,301,73
10/17/2015 11:00,-8.3,978.5,62.6,298,73
10/17/2015 12:00,-8.0,978.2,63.9,298,70
10/17/2015 13:00,-7.5,978.0,63.3,298,68
10/17/2015 14:00,-7.3,977.5,65.6,299,67
10/17/2015 15:00,-7.2,977.3,50.5,316,67
10/17/2015 16:00,-7.3,977.6,63.3,298,61
10/17/2015 17:00,-7.8,977.6,61.9,298,57
10/17/2015 18:00,-8.0,977.8,61.9,298,58
10/17/2015 19:00,-7.9,977.9,61.0,300,54
10/17/2015 20:00,-7.4,977.8,61.9,298,52
10/17/2015 21:00,-7.6,977.6,62.1,298,63
10/17/2015 22:00,-7.5,977.2,63.2,298,52
10/17/2015 23:00,-7.1,976.5,61.9,298,49
10/18/2015 0:00,-7.3,975.9,63.2,301,54
10/18/2015 1:00,-7.2,975.3,62.6,298,53
10/18/2015 2:00,-6.9,975.0,62.6,298,50
10/18/2015 3:00,-6.8,974.9,61.3,298,51
10/18/2015 4:00,-6.8,974.6,61.9,298,50
10/18/2015 5:00,-6.4,974.6,62.6,301,46
10/18/2015 6:00,-5.9,975.0,61.9,298,44
10/18/2015 7:00,-5.0,975.4,63.8,298,39
10/18/2015 8:00,-4.1,975.5,63.3,298,36
10/18/2015 9:00,-3.6,975.4,63.3,298,38
10/18/2015 10:00,-2.9,975.3,62.8,298,43
10/18/2015 11:00,-3.1,975.4,63.3,298,40
10/18/2015 12:00,-2.3,975.4,63.3,298,35
10/18/2015 13:00,-1.9,975.4,63.3,298,39
10/18/2015 14:00,-3.3,975.3,62.6,298,50
10/18/2015 15:00,-3.0,975.7,63.3,298,37
10/18/2015 16:00,-3.5,975.5,60.5,299,31
10/18/2015 17:00,-4.6,975.7,62.6,301,42
10/18/2015 18:00,-4.9,976.0,31.6,324,39
10/18/2015 19:00,-5.5,976.3,62.6,298,40
10/18/2015 20:00,-6.7,976.6,61.4,298,50
10/18/2015 21:00,-7.2,976.8,61.9,298,50
10/18/2015 22:00,-7.3,977.1,62.4,300,47
10/18/2015 23:00,-8.3,977.3,55.2,287,53
10/19/2015 0:00,-6.7,977.5,62.6,298,36
10/19/2015 1:00,-7.9,977.8,63.9,298,43
10/19/2015 2:00,-8.0,978.1,63.3,298,42
10/19/2015 3:00,-7.8,978.2,68.4,300,37
10/19/2015 4:00,-7.9,978.6,32.0,291,34
10/19/2015 5:00,-8.5,978.7,62.6,298,38
10/19/2015 6:00,-7.8,979.1,61.9,298,42
10/19/2015 7:00,-7.9,979.4,61.3,298,48
10/19/2015 8:00,-5.9,979.2,61.3,298,38
10/19/2015 9:00,-6.0,979.3,61.3,298,37
10/19/2015 10:00,-6.1,979.2,61.9,298,40
10/19/2015 11:00,-7.5,979.5,61.9,298,45
10/19/2015 12:00,-5.1,978.9,61.3,298,41
10/19/2015 13:00,-5.5,979.2,61.3,298,41
10/19/2015 14:00,-7.2,979.0,61.3,298,47
10/19/2015 15:00,-7.8,979.0,60.7,298,44
10/19/2015 16:00,-7.5,979.1,63.7,301,46
10/19/2015 17:00,-9.0,979.1,62.6,301,54
10/19/2015 18:00,-9.9,979.0,62.6,298,64
10/19/2015 19:00,-10.6,979.1,62.6,298,60
10/19/2015 20:00,-11.2,979.3,63.9,298,61
10/19/2015 21:00,-11.8,979.4,67.1,299,61
10/19/2015 22:00,-11.4,979.2,50.6,298,60
10/19/2015 23:00,-11.3,979.2,62.6,298,57
10/20/2015 0:00,-11.1,979.1,61.9,298,53
10/20/2015 1:00,-10.0,979.0,61.3,298,47
10/20/2015 2:00,-9.7,979.5,56.3,298,44
10/20/2015 3:00,-9.9,979.4,55.8,303,41
10/20/2015 4:00,-9.6,979.4,62.6,298,36
10/20/2015 5:00,-10.6,979.1,63.2,298,45
10/20/2015 6:00,-9.8,979.1,63.3,298,48
10/20/2015 7:00,-8.5,978.8,63.3,298,41
10/20/2015 8:00,-9.1,979.0,62.5,301,44
10/20/2015 9:00,-8.5,978.9,63.3,301,46
10/20/2015 10:00,-6.6,978.3,52.9,295,38
10/20/2015 11:00,-5.5,978.0,56.0,290,38
10/20/2015 12:00,-4.8,977.7,63.3,298,37
10/20/2015 13:00,-4.9,977.5,62.6,298,39
10/20/2015 14:00,-5.1,977.4,62.6,298,39
10/20/2015 15:00,-6.1,977.2,62.6,298,39
10/20/2015 16:00,-7.3,977.6,61.3,298,44
10/20/2015 17:00,-7.8,977.8,61.3,298,51
10/20/2015 18:00,-8.0,977.8,61.3,298,50
10/20/2015 19:00,-9.1,977.6,61.3,298,49
10/20/2015 20:00,-7.1,977.1,62.6,301,43
10/20/2015 21:00,-7.1,977.1,61.9,298,39
10/20/2015 22:00,-6.9,976.9,62.6,298,39
10/20/2015 23:00,-6.9,976.7,63.3,298,32
10/21/2015 0:00,-7.0,976.5,63.9,298,37
10/21/2015 1:00,-7.7,976.8,62.6,301,38
10/21/2015 2:00,-8.8,977.2,62.6,298,41
10/21/2015 3:00,-8.0,976.5,61.9,298,37
10/21/2015 4:00,-8.4,976.7,61.3,298,53
10/21/2015 5:00,-7.8,976.7,68.5,299,47
10/21/2015 6:00,-6.3,977.0,47.8,287,40
10/21/2015 7:00,-4.4,976.6,61.9,298,36
10/21/2015 8:00,-3.4,975.8,61.3,299,38
10/21/2015 9:00,-2.7,976.1,62.0,298,37
10/21/2015 10:00,-2.5,976.3,62.9,298,39
10/21/2015 11:00,-1.5,977.1,63.9,298,39
10/21/2015 12:00,-1.5,976.7,63.9,298,39
10/21/2015 13:00,-1.2,975.9,63.9,298,38
10/21/2015 14:00,-2.5,976.4,63.2,298,44
10/21/2015 15:00,-3.2,976.0,62.6,298,49
10/21/2015 16:00,-3.6,975.7,62.6,298,48
10/21/2015 17:00,-3.9,975.6,63.3,298,43
10/21/2015 18:00,-4.6,976.1,64.3,298,39
10/21/2015 19:00,-5.9,976.6,61.9,304,43
10/21/2015 20:00,-5.8,976.5,63.2,298,37
10/21/2015 21:00,-6.3,976.3,61.3,298,38
10/21/2015 22:00,-5.7,976.6,61.3,298,34
10/21/2015 23:00,-6.1,976.9,61.9,298,33
10/22/2015 0:00,-6.2,977.1,56.4,295,32
10/22/2015 1:00,-7.1,977.3,61.9,299,36
10/22/2015 2:00,-7.6,977.6,62.6,298,39
10/22/2015 3:00,-6.7,977.0,63.9,298,30
10/22/2015 4:00,-6.3,977.5,63.9,298,32
10/22/2015 5:00,-6.3,977.4,31.8,294,33
10/22/2015 6:00,-6.1,978.0,62.6,299,34
10/22/2015 7:00,-5.4,977.9,62.6,298,33
10/22/2015 8:00,-4.4,977.5,62.6,298,36
10/22/2015 9:00,-3.8,977.9,61.9,298,33
10/22/2015 10:00,-2.0,978.4,61.9,298,27
10/22/2015 11:00,-3.4,978.5,61.9,298,38
10/22/2015 12:00,-3.7,978.5,61.3,298,38
10/22/2015 13:00,-4.1,978.5,61.9,298,37
10/22/2015 14:00,-4.0,978.6,61.9,298,34
10/22/2015 15:00,-4.6,978.5,62.4,298,43
10/22/2015 16:00,-4.7,978.4,61.9,298,46
10/22/2015 17:00,-5.5,978.5,61.9,300,49
10/22/2015 18:00,-7.9,979.0,57.4,294,57
10/22/2015 19:00,-9.5,979.8,61.9,299,63
10/22/2015 20:00,-9.8,980.4,62.6,298,59
10/22/2015 21:00,-8.2,980.6,63.2,298,47
10/22/2015 22:00,-8.5,981.2,57.3,299,42
10/22/2015 23:00,-8.5,981.3,28.5,308,36
10/23/2015 0:00,-9.7,981.7,62.6,299,40
10/23/2015 1:00,-10.7,981.8,62.6,298,41
10/23/2015 2:00,-11.2,981.9,61.3,298,45
10/23/2015 3:00,-12.0,982.3,61.9,300,50
10/23/2015 4:00,-11.8,982.6,61.4,298,50
10/23/2015 5:00,-11.8,982.4,61.2,299,49
10/23/2015 6:00,-9.8,981.9,63.1,299,40
10/23/2015 7:00,-8.5,981.4,63.3,298,34
10/23/2015 8:00,-9.1,981.0,63.9,298,45
10/23/2015 9:00,-7.2,980.5,63.7,299,42
10/23/2015 10:00,-8.0,979.7,62.1,298,48
10/23/2015 11:00,-9.2,979.4,62.7,299,50
10/23/2015 12:00,-8.6,978.1,63.2,299,44
10/23/2015 13:00,-8.8,977.3,63.2,299,43
10/23/2015 14:00,-8.6,975.8,63.0,300,45
10/23/2015 15:00,-9.3,974.7,65.1,299,46
10/23/2015 16:00,-10.2,974.0,63.2,300,51
10/23/2015 17:00,-10.8,973.4,63.2,300,55
10/23/2015 18:00,-11.0,972.9,63.3,298,56
10/23/2015 19:00,-10.8,972.1,61.9,298,58
10/23/2015 20:00,-10.9,971.8,59.6,298,56
10/23/2015 21:00,-11.0,971.6,50.3,296,57
10/23/2015 22:00,-8.3,971.1,61.9,300,46
10/23/2015 23:00,-8.6,969.6,62.6,298,59
10/24/2015 0:00,-8.6,968.6,62.6,298,52
10/24/2015 1:00,-8.3,968.9,66.4,299,42
10/24/2015 2:00,-8.2,968.3,56.9,304,36
10/24/2015 3:00,-8.9,967.9,63.2,300,35
10/24/2015 4:00,-9.4,968.1,62.6,298,38
10/24/2015 5:00,-9.0,967.2,61.9,298,37
10/24/2015 6:00,-8.4,967.3,61.3,299,40
10/24/2015 7:00,-7.2,967.9,60.1,300,40
10/24/2015 8:00,-10.1,969.0,46.9,301,51
10/24/2015 9:00,-10.6,969.8,62.6,298,51
10/24/2015 10:00,-10.4,969.8,63.9,298,48
10/24/2015 11:00,-11.3,969.5,61.9,299,48
10/24/2015 12:00,-10.2,969.5,71.2,299,43
10/24/2015 13:00,-10.6,969.1,58.7,306,45
10/24/2015 14:00,-11.5,968.6,63.3,298,43
10/24/2015 15:00,-11.3,967.7,61.3,298,48
10/24/2015 16:00,-11.3,967.0,61.9,299,46
10/24/2015 17:00,-11.6,966.6,61.1,300,48
10/24/2015 18:00,-11.8,966.8,60.6,293,43
10/24/2015 19:00,-12.4,966.5,63.7,298,46
10/24/2015 20:00,-12.7,966.3,63.4,298,46
10/24/2015 21:00,-13.0,966.2,61.6,300,46
10/24/2015 22:00,-13.0,966.0,62.6,301,45
10/24/2015 23:00,-13.0,965.5,62.6,298,42
10/25/2015 0:00,-13.3,965.1,61.3,298,39
10/25/2015 1:00,-13.7,964.8,62.5,298,39
10/25/2015 2:00,-14.2,964.4,61.6,298,40
10/25/2015 3:00,-14.7,964.3,49.5,299,41
10/25/2015 4:00,-14.9,964.0,61.9,298,43
10/25/2015 5:00,-14.4,963.6,62.6,298,47
10/25/2015 6:00,-13.8,963.4,63.9,298,43
10/25/2015 7:00,-13.0,963.2,62.0,300,42
10/25/2015 8:00,-12.5,963.2,61.4,295,41
10/25/2015 9:00,-11.8,962.9,62.4,298,37
10/25/2015 10:00,-11.5,961.5,61.3,298,38
10/25/2015 11:00,-11.4,961.4,61.9,298,38
10/25/2015 12:00,-10.9,961.3,62.0,301,37
10/25/2015 13:00,-10.4,960.7,61.9,298,38
10/25/2015 14:00,-10.2,960.2,62.5,298,38
10/25/2015 15:00,-9.6,960.0,63.3,298,35
10/25/2015 16:00,-9.9,959.9,63.0,298,45
10/25/2015 17:00,-10.1,959.8,61.1,302,43
10/25/2015 18:00,-10.2,959.7,63.3,298,42
10/25/2015 19:00,-10.7,959.7,61.9,298,42
10/25/2015 20:00,-11.0,959.7,61.3,298,39
10/25/2015 21:00,-11.1,959.4,61.3,298,33
10/25/2015 22:00,-11.8,959.5,29.6,324,37
10/25/2015 23:00,-12.2,959.8,62.6,298,34
10/26/2015 0:00,-12.2,959.6,63.4,299,33
10/26/2015 1:00,-12.7,959.5,63.2,298,31
10/26/2015 2:00,-13.4,959.7,62.6,301,35
10/26/2015 3:00,-13.2,959.9,63.2,298,33
10/26/2015 4:00,-12.9,960.0,62.6,298,33
10/26/2015 5:00,-12.1,960.1,61.3,298,32
10/26/2015 6:00,-12.0,960.6,61.9,298,35
10/26/2015 7:00,-11.4,961.0,62.6,301,35
10/26/2015 8:00,-9.8,961.2,61.9,298,37
10/26/2015 9:00,-9.2,961.7,63.9,298,39
10/26/2015 10:00,-8.2,962.0,63.9,298,39
10/26/2015 11:00,-7.0,962.4,63.9,298,37
10/26/2015 12:00,-5.8,962.6,63.9,298,33
10/26/2015 13:00,-6.1,962.8,63.3,298,27
10/26/2015 14:00,-6.6,963.2,62.9,299,29
10/26/2015 15:00,-6.6,963.3,62.6,301,29
10/26/2015 16:00,-6.5,963.6,62.6,301,32
10/26/2015 17:00,-8.1,964.2,51.8,294,43
10/26/2015 18:00,-9.2,964.6,63.3,298,47
10/26/2015 19:00,-9.7,965.3,61.3,298,49
10/26/2015 20:00,-11.0,966.1,61.9,298,48
10/26/2015 21:00,-11.8,966.5,65.5,299,43
10/26/2015 22:00,-12.0,967.2,58.3,303,36
10/26/2015 23:00,-12.6,967.5,62.6,298,34
10/27/2015 0:00,-12.9,967.9,63.2,298,32
10/27/2015 1:00,-13.6,968.5,63.2,298,32
10/27/2015 2:00,-14.0,968.7,62.3,301,32
10/27/2015 3:00,-14.3,969.0,62.2,294,33
10/27/2015 4:00,-14.6,969.5,61.5,298,33
10/27/2015 5:00,-13.8,969.9,61.9,298,33
10/27/2015 6:00,-12.8,970.1,61.9,298,33
10/27/2015 7:00,-12.0,970.4,61.9,301,39
10/27/2015 8:00,-11.2,970.4,61.9,298,36
10/27/2015 9:00,-10.0,970.6,63.1,298,34
10/27/2015 10:00,-9.9,971.2,63.3,298,48
10/27/2015 11:00,-9.5,971.4,63.9,298,44
10/27/2015 12:00,-8.6,971.3,63.9,298,40
10/27/2015 13:00,-9.7,971.7,64.1,299,48
10/27/2015 14:00,-10.3,971.6,62.6,301,45
10/27/2015 15:00,-11.3,971.7,63.3,298,48
10/27/2015 16:00,-11.8,971.8,61.9,298,49
10/27/2015 17:00,-12.9,971.8,61.9,298,57
10/27/2015 18:00,-14.6,972.4,61.9,298,60
10/27/2015 19:00,-14.9,972.4,59.7,300,59
10/27/2015 20:00,-17.2,972.6,33.1,277,67
10/27/2015 21:00,-16.4,972.6,61.9,298,69
10/27/2015 22:00,-14.5,972.4,63.5,299,50
10/27/2015 23:00,-14.1,972.2,63.9,298,52
10/28/2015 0:00,-17.2,972.1,63.2,301,66
10/28/2015 1:00,-17.5,971.8,62.6,298,65
10/28/2015 2:00,-17.6,971.7,62.6,298,65
10/28/2015 3:00,-16.7,971.1,61.9,298,57
10/28/2015 4:00,-15.7,970.6,61.3,298,45
10/28/2015 5:00,-14.0,970.0,61.9,301,33
10/28/2015 6:00,-13.0,970.1,61.9,298,38
10/28/2015 7:00,-12.2,969.7,63.9,298,37
10/28/2015 8:00,-10.9,969.3,63.9,298,32
10/28/2015 9:00,-12.2,969.2,63.8,299,38
10/28/2015 10:00,-11.6,968.6,49.1,294,42
10/28/2015 11:00,-11.0,968.0,63.3,298,37
10/28/2015 12:00,-10.3,967.2,63.3,298,37
10/28/2015 13:00,-10.2,966.4,62.6,298,41
10/28/2015 14:00,-11.0,965.6,62.6,298,46
10/28/2015 15:00,-11.6,965.1,61.9,298,51
10/28/2015 16:00,-12.3,964.9,61.3,298,58
10/28/2015 17:00,-13.8,964.9,52.1,307,62
10/28/2015 18:00,-14.6,964.6,62.6,298,64
10/28/2015 19:00,-14.8,964.6,63.9,298,67
10/28/2015 20:00,-15.4,964.7,63.2,298,67
10/28/2015 21:00,-15.4,964.9,63.5,299,66
10/28/2015 22:00,-15.8,965.0,62.6,301,65
10/28/2015 23:00,-16.7,965.8,63.2,298,53
10/29/2015 0:00,-17.4,966.2,61.3,298,63
10/29/2015 1:00,-17.2,966.5,61.9,298,65
10/29/2015 2:00,-18.0,966.6,62.3,301,51
10/29/2015 3:00,-17.9,966.9,41.1,279,48
10/29/2015 4:00,-17.8,966.8,62.0,298,49
10/29/2015 5:00,-15.2,967.4,62.0,298,41
10/29/2015 6:00,-14.5,967.5,63.9,298,43
10/29/2015 7:00,-13.3,967.6,63.2,301,34
10/29/2015 8:00,-12.7,967.7,62.4,299,36
10/29/2015 9:00,-10.7,967.8,61.3,298,26
10/29/2015 10:00,-10.2,967.8,61.3,298,23
10/29/2015 11:00,-10.8,967.9,61.3,298,29
10/29/2015 12:00,-11.6,968.3,61.9,301,32
10/29/2015 13:00,-12.0,968.4,62.6,298,30
10/29/2015 14:00,-13.0,968.3,62.6,298,34
10/29/2015 15:00,-13.1,968.2,63.9,298,31
10/29/2015 16:00,-12.0,968.7,63.3,298,30
10/29/2015 17:00,-13.3,969.0,62.5,301,33
10/29/2015 18:00,-13.5,968.8,63.2,298,37
10/29/2015 19:00,-14.0,968.7,62.6,298,36
10/29/2015 20:00,-15.4,968.6,61.9,298,43
10/29/2015 21:00,-16.2,968.6,59.0,298,42
10/29/2015 22:00,-17.3,968.5,51.6,304,44
10/29/2015 23:00,-17.6,968.5,62.6,298,43
10/30/2015 0:00,-18.2,968.7,63.8,299,44
10/30/2015 1:00,-17.1,968.8,63.9,298,34
10/30/2015 2:00,-16.8,968.7,63.2,301,34
10/30/2015 3:00,-16.7,968.8,63.2,298,36
10/30/2015 4:00,-16.3,968.9,61.9,298,36
10/30/2015 5:00,-15.8,969.3,61.3,298,32
10/30/2015 6:00,-14.8,969.3,61.3,298,32
10/30/2015 7:00,-13.7,969.6,61.9,301,27
10/30/2015 8:00,-13.3,969.7,61.9,298,32
10/30/2015 9:00,-12.7,969.7,63.9,298,24
10/30/2015 10:00,-11.1,969.5,62.6,298,23
10/30/2015 11:00,-10.1,969.5,59.9,299,26
10/30/2015 12:00,-12.3,969.9,48.0,294,28
10/30/2015 13:00,-12.5,970.2,62.6,298,29
10/30/2015 14:00,-13.6,970.4,61.3,298,31
10/30/2015 15:00,-14.7,970.2,61.3,298,33
10/30/2015 16:00,-15.1,970.3,61.9,299,34
10/30/2015 17:00,-15.0,970.2,21.9,289,35
10/30/2015 18:00,-15.6,970.4,62.6,298,39
10/30/2015 19:00,-15.8,970.4,62.8,299,40
10/30/2015 20:00,-16.0,970.3,63.2,298,36
10/30/2015 21:00,-16.1,970.5,63.2,301,39
10/30/2015 22:00,-15.9,970.2,62.6,298,44
10/30/2015 23:00,-15.8,969.3,62.2,298,44
10/31/2015 0:00,-15.5,968.9,61.3,298,44
10/31/2015 1:00,-14.7,968.5,61.9,298,48
10/31/2015 2:00,-14.3,967.5,62.6,301,44
10/31/2015 3:00,-13.8,966.0,61.9,298,43
10/31/2015 4:00,-12.9,965.3,63.9,298,36
10/31/2015 5:00,-12.5,964.8,63.2,298,36
10/31/2015 6:00,-12.2,964.1,62.0,298,48
10/31/2015 7:00,-13.0,963.6,56.3,306,81
10/31/2015 8:00,-13.1,962.9,62.6,298,88
10/31/2015 9:00,-12.9,962.1,61.3,298,88
10/31/2015 10:00,-12.7,961.6,61.3,298,88
10/31/2015 11:00,-12.5,962.0,74.3,299,89
10/31/2015 12:00,-12.6,962.4,23.0,307,89
10/31/2015 13:00,-12.7,962.3,61.9,298,89
10/31/2015 14:00,-12.8,961.1,62.5,298,88
10/31/2015 15:00,-12.9,961.1,63.9,298,88
10/31/2015 16:00,-12.6,960.6,62.6,301,89
10/31/2015 17:00,-12.1,961.0,62.6,298,89
10/31/2015 18:00,-11.8,960.7,61.3,298,89
10/31/2015 19:00,-11.6,960.7,61.9,298,90
10/31/2015 20:00,-11.4,960.0,61.9,298,90
10/31/2015 21:00,-11.2,959.9,62.6,301,90
10/31/2015 22:00,-11.2,959.4,62.6,298,90
10/31/2015 23:00,-11.1,959.5,63.2,298,90
11/1/2015 0:00,-11.1,959.8,63.2,298,90
11/1/2015 1:00,-10.9,959.1,63.8,298,90
11/1/2015 2:00,-10.8,957.7,22.1,275,90
11/1/2015 3:00,-10.7,957.7,62.6,298,90
11/1/2015 4:00,-10.6,957.4,61.9,298,91
11/1/2015 5:00,-10.5,957.1,61.3,298,91
11/1/2015 6:00,-10.2,956.8,61.9,301,91
11/1/2015 7:00,-9.9,956.8,61.9,298,91
11/1/2015 8:00,-9.7,956.5,63.9,298,92
11/1/2015 9:00,-9.4,956.5,63.9,298,92
11/1/2015 10:00,-8.6,956.3,64.8,299,86
11/1/2015 11:00,-8.2,955.8,62.6,301,84
11/1/2015 12:00,-7.8,955.5,63.3,298,81
11/1/2015 13:00,-7.7,954.8,62.6,298,79
11/1/2015 14:00,-7.7,954.9,61.9,298,78
11/1/2015 15:00,-7.5,954.8,61.7,301,76
11/1/2015 16:00,-7.4,954.7,61.9,298,71
11/1/2015 17:00,-7.3,954.6,63.7,298,66
11/1/2015 18:00,-7.3,954.6,63.9,298,61
11/1/2015 19:00,-7.5,954.6,63.9,298,61
11/1/2015 20:00,-7.5,955.0,63.3,301,59
11/1/2015 21:00,-7.4,955.1,63.3,298,54
11/1/2015 22:00,-7.5,955.3,61.9,298,52
11/1/2015 23:00,-7.7,955.5,61.9,298,53
11/2/2015 0:00,-7.8,955.6,81.0,299,51
11/2/2015 1:00,-7.8,955.9,53.6,297,50
11/2/2015 2:00,-7.8,955.7,62.6,298,49
11/2/2015 3:00,-8.1,956.3,63.9,298,45
11/2/2015 4:00,-8.7,956.6,63.3,298,45
11/2/2015 5:00,-8.7,957.0,63.2,300,43
11/2/2015 6:00,-8.1,957.2,58.1,305,45
11/2/2015 7:00,-7.7,957.3,63.2,299,42
11/2/2015 8:00,-7.8,957.5,61.9,298,44
11/2/2015 9:00,-6.4,958.6,61.9,298,51
11/2/2015 10:00,-6.4,959.1,61.3,298,48
11/2/2015 11:00,-5.7,959.5,61.3,298,46
11/2/2015 12:00,-4.3,959.5,68.3,299,43
11/2/2015 13:00,-4.0,959.8,61.3,300,45
11/2/2015 14:00,-4.2,960.1,61.9,300,45
11/2/2015 15:00,-4.9,960.2,61.3,300,42
11/2/2015 16:00,-5.4,960.5,55.5,287,43
11/2/2015 17:00,-5.8,960.7,63.0,299,46
11/2/2015 18:00,-7.1,961.2,61.9,299,54
11/2/2015 19:00,-7.7,961.7,63.3,298,51
11/2/2015 20:00,-9.2,962.2,63.2,298,60
11/2/2015 21:00,-12.0,962.7,63.3,298,67
11/2/2015 22:00,-12.2,963.0,61.7,303,67
11/2/2015 23:00,-12.9,963.7,63.2,299,66
11/3/2015 0:00,-14.0,964.4,61.9,298,67
11/3/2015 1:00,-13.8,964.9,61.3,298,63
11/3/2015 2:00,-14.0,965.1,61.7,300,65
11/3/2015 3:00,-15.2,965.8,61.4,298,65
11/3/2015 4:00,-16.2,966.1,57.1,297,72
11/3/2015 5:00,-14.5,966.5,63.3,298,68
11/3/2015 6:00,-14.9,967.1,63.2,298,66
11/3/2015 7:00,-15.2,967.8,62.6,300,69
11/3/2015 8:00,-14.6,968.1,63.0,296,61
11/3/2015 9:00,-14.5,968.5,63.2,299,62
11/3/2015 10:00,-14.0,969.1,61.9,298,64
11/3/2015 11:00,-12.3,969.4,61.9,298,61
11/3/2015 12:00,-10.7,969.7,66.3,299,60
11/3/2015 13:00,-9.6,970.2,63.3,299,50
11/3/2015 14:00,-9.3,970.5,61.9,300,48
11/3/2015 15:00,-11.0,970.7,49.0,294,63
11/3/2015 16:00,-11.6,971.0,62.6,299,60
11/3/2015 17:00,-11.1,971.1,62.6,298,58
11/3/2015 18:00,-10.9,971.3,63.2,298,61
11/3/2015 19:00,-11.1,971.7,63.8,299,64
11/3/2015 20:00,-11.1,972.0,63.1,299,67
11/3/2015 21:00,-11.4,972.4,62.6,300,66
11/3/2015 22:00,-11.5,973.0,62.6,298,69
11/3/2015 23:00,-11.6,973.3,61.9,298,69
11/4/2015 0:00,-11.7,974.1,59.0,299,72
11/4/2015 1:00,-11.7,974.4,54.7,299,71
11/4/2015 2:00,-12.9,974.6,62.6,300,63
11/4/2015 3:00,-13.3,975.0,63.2,298,62
11/4/2015 4:00,-12.4,975.6,63.3,298,62
11/4/2015 5:00,-11.7,976.0,63.9,299,56
11/4/2015 6:00,-11.4,976.5,61.6,298,58
11/4/2015 7:00,-10.5,976.9,62.6,300,54
11/4/2015 8:00,-9.1,977.1,62.6,300,53
11/4/2015 9:00,-9.6,977.4,62.6,300,52
11/4/2015 10:00,-9.0,977.8,55.6,308,53
11/4/2015 11:00,-8.4,978.1,63.3,298,50
11/4/2015 12:00,-9.2,978.3,62.6,298,51
11/4/2015 13:00,-8.9,978.0,61.9,298,57
11/4/2015 14:00,-9.0,977.6,61.3,299,59
11/4/2015 15:00,-9.1,976.9,62.0,300,52
11/4/2015 16:00,-9.4,976.8,62.6,298,58
11/4/2015 17:00,-9.9,976.4,62.6,298,61
11/4/2015 18:00,-10.4,976.2,64.1,298,73
11/4/2015 19:00,-11.1,975.0,61.9,299,84
11/4/2015 20:00,-11.1,973.9,63.2,300,88
11/4/2015 21:00,-10.9,973.3,63.2,298,89
11/4/2015 22:00,-10.9,972.8,61.3,298,90
11/4/2015 23:00,-10.8,972.5,63.5,298,90
11/5/2015 0:00,-10.9,972.2,56.7,296,90
11/5/2015 1:00,-10.8,972.0,61.8,301,90
11/5/2015 2:00,-10.6,971.7,61.9,298,91
11/5/2015 3:00,-10.4,971.3,63.9,298,91
11/5/2015 4:00,-10.2,970.9,62.6,298,91
11/5/2015 5:00,-9.9,971.8,65.8,299,91
11/5/2015 6:00,-9.6,972.0,40.9,314,92
11/5/2015 7:00,-9.5,973.2,62.6,298,92
11/5/2015 8:00,-9.7,973.9,61.3,298,91
11/5/2015 9:00,-9.9,974.5,61.9,298,91
11/5/2015 10:00,-9.7,974.9,61.9,301,91
11/5/2015 11:00,-9.4,975.1,62.6,298,92
11/5/2015 12:00,-9.0,974.9,63.9,298,92
11/5/2015 13:00,-8.7,974.9,62.6,298,93
11/5/2015 14:00,-8.5,974.7,63.3,298,93
11/5/2015 15:00,-8.4,974.4,63.2,301,93
11/5/2015 16:00,-8.1,974.1,62.6,298,93
11/5/2015 17:00,-8.1,973.9,61.3,298,93
11/5/2015 18:00,-8.0,973.6,61.9,298,93
11/5/2015 19:00,-7.9,973.0,61.3,298,92
11/5/2015 20:00,-8.1,972.3,59.3,298,92
11/5/2015 21:00,-8.8,971.1,62.6,298,91
11/5/2015 22:00,-8.6,969.8,63.9,298,91
11/5/2015 23:00,-8.5,968.9,63.3,298,92
11/6/2015 0:00,-8.2,967.3,62.8,300,92
11/6/2015 1:00,-8.0,966.4,39.2,285,92
11/6/2015 2:00,-8.2,965.4,62.1,298,92
11/6/2015 3:00,-7.7,964.9,60.8,299,92
11/6/2015 4:00,-7.9,964.8,61.9,298,93
11/6/2015 5:00,-7.9,963.7,62.6,301,93
11/6/2015 6:00,-7.9,962.3,61.9,298,93
11/6/2015 7:00,-7.8,961.6,62.6,298,93
11/6/2015 8:00,-7.6,961.5,63.9,298,94
11/6/2015 9:00,-7.3,961.6,63.2,298,94
11/6/2015 10:00,-7.0,961.4,63.2,301,94
11/6/2015 11:00,-6.6,961.4,62.6,298,95
11/6/2015 12:00,-6.3,961.8,61.9,298,95
11/6/2015 13:00,-5.9,962.4,61.3,298,96
11/6/2015 14:00,-6.0,962.8,61.3,298,95
11/6/2015 15:00,-6.1,963.0,61.3,298,95
11/6/2015 16:00,-6.0,963.5,61.9,298,95
11/6/2015 17:00,-6.1,963.9,68.4,300,95
11/6/2015 18:00,-5.7,964.9,49.6,289,90
11/6/2015 19:00,-5.6,965.6,62.0,298,83
11/6/2015 20:00,-5.6,966.6,63.5,299,79
11/6/2015 21:00,-6.1,967.4,63.3,298,81
11/6/2015 22:00,-6.2,967.9,62.6,301,81
11/6/2015 23:00,-7.0,968.4,62.6,298,75
11/7/2015 0:00,-6.9,969.2,61.3,298,70
11/7/2015 1:00,-7.6,969.8,61.3,298,65
11/7/2015 2:00,-8.6,970.5,61.3,298,62
11/7/2015 3:00,-8.7,971.2,62.6,301,63
11/7/2015 4:00,-8.4,972.0,62.6,298,64
11/7/2015 5:00,-8.0,972.6,63.9,298,64
11/7/2015 6:00,-7.4,973.7,63.9,298,72
11/7/2015 7:00,-7.6,974.0,63.3,298,70
11/7/2015 8:00,-7.1,974.8,63.9,298,66
11/7/2015 9:00,-5.8,975.1,63.9,298,67
11/7/2015 10:00,-5.2,975.2,62.6,298,62
11/7/2015 11:00,-3.2,975.2,63.9,298,60
11/7/2015 12:00,-2.6,975.3,78.6,299,59
11/7/2015 13:00,-2.9,975.5,63.3,301,60
11/7/2015 14:00,-4.1,974.9,63.2,301,62
11/7/2015 15:00,-3.8,974.5,46.4,306,57
11/7/2015 16:00,-3.5,974.0,27.0,285,57
11/7/2015 17:00,-3.3,973.3,62.5,298,56
11/7/2015 18:00,-3.0,973.1,63.3,298,50
11/7/2015 19:00,-4.6,973.0,63.3,298,58
11/7/2015 20:00,-4.3,972.2,61.8,298,56
11/7/2015 21:00,-4.8,972.5,61.3,298,61
11/7/2015 22:00,-5.0,972.3,62.3,301,63
11/7/2015 23:00,-6.5,972.2,62.6,298,88
11/8/2015 0:00,-6.9,972.8,63.1,298,93
11/8/2015 1:00,-7.4,973.2,63.2,298,93
11/8/2015 2:00,-7.1,971.6,63.9,298,94
11/8/2015 3:00,-6.8,972.6,62.6,301,94
11/8/2015 4:00,-6.6,971.3,62.6,298,95
11/8/2015 5:00,-6.6,970.4,62.0,298,95
11/8/2015 6:00,-6.5,968.8,62.6,298,95
11/8/2015 7:00,-6.5,968.9,61.3,298,95
11/8/2015 8:00,-7.3,968.0,62.0,301,94
11/8/2015 9:00,-7.5,966.9,61.9,298,94
11/8/2015 10:00,-7.9,967.1,62.6,298,93
11/8/2015 11:00,-7.8,966.7,63.3,298,94
11/8/2015 12:00,-7.5,965.0,63.6,298,94
11/8/2015 13:00,-7.2,964.7,50.1,307,94
11/8/2015 14:00,-6.9,963.1,63.0,299,94
11/8/2015 15:00,-6.7,961.8,61.9,298,95
11/8/2015 16:00,-6.5,962.6,61.9,298,95
11/8/2015 17:00,-6.6,964.3,61.3,298,95
11/8/2015 18:00,-6.6,964.0,24.8,297,95
11/8/2015 19:00,-6.7,964.1,62.6,298,95
11/8/2015 20:00,-6.8,964.9,63.3,298,95
11/8/2015 21:00,-6.6,964.1,63.9,298,95
11/8/2015 22:00,-6.5,964.5,62.9,301,95
11/8/2015 23:00,-6.3,963.9,63.3,298,95
11/9/2015 0:00,-6.2,963.8,61.9,298,95
11/9/2015 1:00,-5.9,962.4,61.3,298,96
11/9/2015 2:00,-5.9,963.1,61.3,298,96
11/9/2015 3:00,-6.0,963.6,62.3,301,96
11/9/2015 4:00,-6.1,963.4,62.6,298,95
11/9/2015 5:00,-6.1,964.2,63.3,298,96
11/9/2015 6:00,-6.0,967.0,62.6,298,96
11/9/2015 7:00,-5.8,968.6,59.2,298,96
11/9/2015 8:00,-5.7,970.3,58.0,300,96
11/9/2015 9:00,-5.7,971.8,63.3,298,96
11/9/2015 10:00,-5.7,973.4,61.9,298,96
11/9/2015 11:00,-5.8,974.6,61.3,298,96
11/9/2015 12:00,-5.7,975.8,62.0,300,96
11/9/2015 13:00,-5.4,977.0,61.9,301,96
11/9/2015 14:00,-5.3,977.9,61.9,301,96
11/9/2015 15:00,-5.2,978.7,30.4,314,96
11/9/2015 16:00,-5.3,979.4,61.9,298,95
11/9/2015 17:00,-5.7,979.9,63.8,298,95
11/9/2015 18:00,-5.8,980.5,63.3,298,95
11/9/2015 19:00,-5.9,980.9,63.9,298,94
11/9/2015 20:00,-5.9,981.2,62.6,301,93
11/9/2015 21:00,-5.8,981.0,63.3,298,93
11/9/2015 22:00,-5.7,980.8,61.9,298,94
11/9/2015 23:00,-5.4,980.5,62.6,298,93
11/10/2015 0:00,-5.2,980.0,70.9,299,94
11/10/2015 1:00,-4.9,979.2,46.9,294,95
11/10/2015 2:00,-4.5,978.6,62.6,298,97
11/10/2015 3:00,-4.4,978.0,63.8,298,97
11/10/2015 4:00,-4.1,977.3,62.6,298,98
11/10/2015 5:00,-4.0,975.9,63.9,298,98
11/10/2015 6:00,-3.6,975.5,63.9,298,99
11/10/2015 7:00,-3.6,975.3,63.3,298,99
11/10/2015 8:00,-3.5,974.2,63.3,298,99
11/10/2015 9:00,-3.7,974.2,63.3,298,98
11/10/2015 10:00,-3.8,974.0,63.9,298,98
11/10/2015 11:00,-3.8,973.7,63.9,298,97
11/10/2015 12:00,-4.1,973.4,63.0,299,97
11/10/2015 13:00,-4.1,973.0,62.8,299,97
11/10/2015 14:00,-4.4,973.5,63.3,301,97
11/10/2015 15:00,-4.8,973.5,59.2,297,96
11/10/2015 16:00,-5.0,973.7,62.2,298,96
11/10/2015 17:00,-5.1,974.1,61.9,298,96
11/10/2015 18:00,-5.2,974.9,61.9,298,96
11/10/2015 19:00,-5.3,975.6,61.3,298,95
11/10/2015 20:00,-5.4,975.9,61.9,301,95
11/10/2015 21:00,-5.3,976.5,61.9,298,95
11/10/2015 22:00,-5.2,976.9,63.3,298,94
11/10/2015 23:00,-5.5,976.9,63.3,298,93
11/11/2015 0:00,-5.5,976.8,63.9,298,92
11/11/2015 1:00,-4.9,976.0,62.6,301,92
11/11/2015 2:00,-4.4,975.6,63.3,301,92
11/11/2015 3:00,-3.9,974.7,54.7,298,91
11/11/2015 4:00,-3.6,974.2,51.4,287,89
11/11/2015 5:00,-3.6,973.5,63.2,298,90
11/11/2015 6:00,-3.4,973.4,62.6,298,95
11/11/2015 7:00,-3.6,973.1,63.3,298,96
11/11/2015 8:00,-3.7,972.7,61.9,298,95
11/11/2015 9:00,-3.8,972.2,61.9,298,97
11/11/2015 10:00,-3.8,971.7,62.6,298,97
11/11/2015 11:00,-3.7,971.3,60.7,298,97
11/11/2015 12:00,-3.4,970.8,61.3,298,96
11/11/2015 13:00,-3.6,970.7,62.6,298,96
11/11/2015 14:00,-3.8,970.3,61.9,298,96
11/11/2015 15:00,-3.7,969.1,61.3,298,94
11/11/2015 16:00,-3.4,969.1,63.2,299,93
11/11/2015 17:00,-3.9,969.2,62.7,301,92
11/11/2015 18:00,-4.3,968.2,61.9,301,94
11/11/2015 19:00,-4.1,968.4,42.1,301,89
11/11/2015 20:00,-4.9,968.4,53.7,289,87
11/11/2015 21:00,-5.3,968.3,61.9,298,86
11/11/2015 22:00,-5.2,968.2,62.6,298,85
11/11/2015 23:00,-5.7,967.9,63.9,298,87
11/12/2015 0:00,-2.7,955.8,17.0,186,47
11/12/2015 1:00,-3.6,955.9,21.8,180,45
11/12/2015 2:00,-2.7,955.9,20.5,175,41
11/12/2015 3:00,-2.7,955.9,21.5,178,43
11/12/2015 4:00,-3.1,956.0,20.0,181,46
11/12/2015 5:00,-2.7,956.1,18.9,178,43
11/12/2015 6:00,-1.3,956.8,19.4,159,33
11/12/2015 7:00,0.0,957.4,13.9,129,29
11/12/2015 8:00,0.7,957.5,12.0,119,25
11/12/2015 9:00,1.7,957.3,11.7,70,31
11/12/2015 10:00,1.3,957.5,17.2,111,31
11/12/2015 11:00,1.5,957.7,21.1,111,31
11/12/2015 12:00,1.3,957.8,23.0,92,32
11/12/2015 13:00,0.6,958.0,24.0,105,39
11/12/2015 14:00,0.5,958.0,26.5,107,41
11/12/2015 15:00,0.0,958.2,22.6,105,46
11/12/2015 16:00,-0.2,958.7,22.1,105,46
11/12/2015 17:00,-0.3,958.9,20.6,108,48
11/12/2015 18:00,-0.7,959.4,21.8,119,51
11/12/2015 19:00,-1.1,959.9,21.1,130,51
11/12/2015 20:00,-1.3,960.5,20.9,129,52
11/12/2015 21:00,-1.3,960.9,18.6,126,50
11/12/2015 22:00,-1.1,961.3,19.4,129,48
11/12/2015 23:00,-1.2,961.6,17.7,120,48
11/13/2015 0:00,-5.2,970.9,63.3,301,93
11/13/2015 1:00,-4.9,970.9,27.5,283,94
11/13/2015 2:00,-4.8,971.3,61.9,298,93
11/13/2015 3:00,-4.8,971.5,61.3,298,94
11/13/2015 4:00,-4.7,971.9,61.9,298,95
11/13/2015 5:00,-4.6,972.5,62.6,301,94
11/13/2015 6:00,-4.4,972.7,61.9,301,94
11/13/2015 7:00,-4.5,973.4,56.7,293,94
11/13/2015 8:00,-4.4,974.1,61.9,297,93
11/13/2015 9:00,-4.5,974.4,62.6,298,91
11/13/2015 10:00,-4.4,974.9,61.3,298,90
11/13/2015 11:00,-4.3,975.2,61.9,298,90
11/13/2015 12:00,-4.2,975.6,62.6,298,90
11/13/2015 13:00,-4.0,976.4,63.3,298,89
11/13/2015 14:00,-3.9,977.2,63.9,298,89
11/13/2015 15:00,-4.0,977.4,63.3,298,92
11/13/2015 16:00,-4.1,977.8,63.9,298,93
11/13/2015 17:00,-3.7,977.7,63.9,298,89
11/13/2015 18:00,-3.8,978.0,62.6,298,87
11/13/2015 19:00,-3.8,978.7,62.9,298,84
11/13/2015 20:00,-4.1,979.1,66.7,300,82
11/13/2015 21:00,-4.4,979.5,63.2,300,78
11/13/2015 22:00,-4.4,979.8,47.3,301,83
11/13/2015 23:00,-4.2,980.3,42.9,278,79
11/14/2015 0:00,-4.0,980.2,62.6,298,79
11/14/2015 1:00,-4.3,979.8,62.6,299,82
11/14/2015 2:00,-4.4,980.1,62.6,299,85
11/14/2015 3:00,-4.6,980.0,55.4,300,91
11/14/2015 4:00,-4.7,980.7,61.3,298,90
11/14/2015 5:00,-4.7,981.3,61.3,298,89
11/14/2015 6:00,-4.6,982.0,61.3,298,87
11/14/2015 7:00,-4.2,982.2,61.9,298,79
11/14/2015 8:00,-4.0,982.0,62.6,298,76
11/14/2015 9:00,-3.8,982.2,62.0,298,74
11/14/2015 10:00,-3.5,982.3,74.8,299,72
11/14/2015 11:00,-3.2,982.0,61.9,300,68
11/14/2015 12:00,-3.1,981.4,61.8,300,67
11/14/2015 13:00,-2.7,981.0,55.1,308,68
11/14/2015 14:00,-2.6,980.9,59.5,298,67
11/14/2015 15:00,-2.7,980.5,61.9,299,65
11/14/2015 16:00,-2.8,979.9,61.9,299,62
11/14/2015 17:00,-2.8,979.5,62.8,299,61
11/14/2015 18:00,-2.8,979.1,62.6,298,60
11/14/2015 19:00,-3.1,978.5,62.6,298,61
11/14/2015 20:00,-3.4,978.1,63.3,298,64
11/14/2015 21:00,-3.7,977.5,63.4,298,59
11/14/2015 22:00,-4.2,977.1,63.3,298,61
11/14/2015 23:00,-4.7,976.4,63.3,298,65
11/15/2015 0:00,-4.8,975.9,63.2,300,63
11/15/2015 1:00,-4.8,975.7,65.5,299,60
11/15/2015 2:00,-4.7,975.4,63.2,299,60
11/15/2015 3:00,-5.0,975.1,62.5,298,60
11/15/2015 4:00,-5.1,974.9,61.3,298,61
11/15/2015 5:00,-5.1,974.5,61.9,300,60
11/15/2015 6:00,-5.0,973.9,61.2,299,62
11/15/2015 7:00,-5.0,973.1,62.0,300,62
11/15/2015 8:00,-4.9,972.9,61.0,296,63
11/15/2015 9:00,-4.8,972.7,63.3,298,63
11/15/2015 10:00,-4.4,972.5,62.6,298,68
11/15/2015 11:00,-4.2,971.9,63.3,298,68
11/15/2015 12:00,-3.8,971.1,63.3,298,64
11/15/2015 13:00,-3.9,970.5,62.6,298,66
11/15/2015 14:00,-3.7,970.3,62.9,299,66
11/15/2015 15:00,-3.9,969.9,61.7,298,63
11/15/2015 16:00,-4.0,969.6,63.1,299,64
11/15/2015 17:00,-4.7,969.1,63.2,299,68
11/15/2015 18:00,-5.2,968.7,62.6,300,66
11/15/2015 19:00,-5.2,968.8,61.9,298,61
11/15/2015 20:00,-5.4,968.6,62.6,298,68
11/15/2015 21:00,-6.2,968.6,60.6,298,74
11/15/2015 22:00,-6.5,969.3,60.1,298,76
11/15/2015 23:00,-6.3,969.8,62.6,300,75
11/16/2015 0:00,-6.6,970.0,62.6,298,76
11/16/2015 1:00,-6.7,970.9,63.9,298,75
11/16/2015 2:00,-6.8,971.1,62.7,299,82
11/16/2015 3:00,-6.4,971.8,63.6,298,73
11/16/2015 4:00,-6.8,971.6,57.6,299,79
11/16/2015 5:00,-6.7,973.5,63.3,298,74
11/16/2015 6:00,-6.2,973.8,61.3,298,73
11/16/2015 7:00,-6.0,975.5,61.9,299,73
11/16/2015 8:00,-5.9,975.8,62.8,300,68
11/16/2015 9:00,-5.9,975.6,62.6,298,68
11/16/2015 10:00,-5.6,976.2,63.1,298,67
11/16/2015 11:00,-5.6,976.6,64.7,299,68
11/16/2015 12:00,-5.4,977.1,62.3,299,70
11/16/2015 13:00,-6.0,977.8,62.6,300,73
11/16/2015 14:00,-6.0,977.8,62.6,298,74
11/16/2015 15:00,-5.5,977.7,61.3,298,75
11/16/2015 16:00,-3.8,977.4,61.3,298,63
11/16/2015 17:00,-4.5,978.6,61.9,298,69
11/16/2015 18:00,-4.1,978.3,61.9,298,54
11/16/2015 19:00,-3.7,978.5,59.9,298,50
11/16/2015 20:00,-4.7,979.2,61.9,298,63
11/16/2015 21:00,-4.8,979.8,62.5,301,62
11/16/2015 22:00,-4.0,979.7,62.6,298,54
11/16/2015 23:00,-3.8,980.5,62.6,298,52
11/17/2015 0:00,-4.1,980.5,61.9,298,54
11/17/2015 1:00,-3.9,980.7,62.9,298,51
11/17/2015 2:00,-4.0,980.9,63.3,298,54
11/17/2015 3:00,-3.6,981.2,63.9,298,51
11/17/2015 4:00,-3.1,981.3,63.9,298,47
11/17/2015 5:00,-2.2,981.6,62.6,298,43
11/17/2015 6:00,-1.6,982.1,63.9,298,41
11/17/2015 7:00,-0.6,982.0,63.9,298,38
11/17/2015 8:00,0.0,982.0,63.3,298,42
11/17/2015 9:00,0.3,981.8,63.9,298,38
11/17/2015 10:00,0.5,981.4,60.9,299,38
11/17/2015 11:00,2.2,981.0,63.2,301,39
11/17/2015 12:00,3.2,980.6,63.3,301,37
11/17/2015 13:00,3.5,980.0,57.5,304,36
11/17/2015 14:00,3.7,979.3,62.6,298,36
11/17/2015 15:00,1.3,978.4,63.3,298,41
11/17/2015 16:00,0.7,977.6,62.6,298,47
11/17/2015 17:00,0.5,977.1,62.0,298,48
11/17/2015 18:00,0.3,976.7,61.3,298,44
11/17/2015 19:00,-0.8,976.6,61.3,298,44
11/17/2015 20:00,-0.6,976.4,61.9,298,50
11/17/2015 21:00,-0.3,975.8,61.9,298,42
11/17/2015 22:00,-0.8,975.4,61.3,298,43
11/17/2015 23:00,-0.7,975.2,61.3,298,42
11/18/2015 0:00,-1.1,975.1,61.3,298,39
11/18/2015 1:00,-0.9,975.0,62.3,298,35
11/18/2015 2:00,-1.5,974.6,62.5,301,36
11/18/2015 3:00,-1.8,974.7,62.6,301,38
11/18/2015 4:00,-1.1,975.0,53.3,304,39
11/18/2015 5:00,-0.8,974.9,60.3,296,35
11/18/2015 6:00,0.9,974.9,62.6,298,30
11/18/2015 7:00,1.5,975.1,62.6,298,33
11/18/2015 8:00,1.8,974.8,62.8,298,34
11/18/2015 9:00,2.7,974.4,63.3,298,33
11/18/2015 10:00,2.9,974.1,62.6,298,32
11/18/2015 11:00,3.1,973.6,61.9,298,41
11/18/2015 12:00,5.2,973.3,62.6,298,38
11/18/2015 13:00,4.1,972.8,63.3,298,31
11/18/2015 14:00,3.8,972.5,63.9,298,37
11/18/2015 15:00,3.0,971.9,63.3,298,43
11/18/2015 16:00,2.3,971.5,69.3,299,49
11/18/2015 17:00,2.3,971.4,62.4,301,46
11/18/2015 18:00,2.2,971.5,62.6,301,44
11/18/2015 19:00,1.0,971.3,63.2,301,49
11/18/2015 20:00,-1.0,971.2,39.9,281,53
11/18/2015 21:00,-0.1,971.2,62.6,298,41
11/18/2015 22:00,-0.8,970.8,62.6,298,38
11/18/2015 23:00,-0.9,970.5,63.3,298,38
11/19/2015 0:00,-2.5,970.4,61.3,298,40
11/19/2015 1:00,-2.0,970.4,61.9,298,36
11/19/2015 2:00,-1.2,969.8,61.3,298,36
11/19/2015 3:00,-2.6,969.4,61.9,298,37
11/19/2015 4:00,-0.4,969.4,61.3,298,30
11/19/2015 5:00,-1.0,969.3,61.3,298,31
11/19/2015 6:00,-0.4,968.7,61.9,298,36
11/19/2015 7:00,0.6,968.3,61.3,298,36
11/19/2015 8:00,1.6,967.8,52.0,299,34
11/19/2015 9:00,1.9,967.3,61.9,301,32
11/19/2015 10:00,2.9,966.9,62.6,301,37
11/19/2015 11:00,4.0,966.5,58.2,305,31
11/19/2015 12:00,3.1,966.4,61.9,298,41
11/19/2015 13:00,4.6,966.0,63.3,298,38
11/19/2015 14:00,4.8,965.2,63.3,298,30
11/19/2015 15:00,3.4,964.7,61.3,298,38
11/19/2015 16:00,3.4,964.3,61.3,298,41
11/19/2015 17:00,2.9,964.0,61.9,298,41
11/19/2015 18:00,2.0,963.9,61.9,298,43
11/19/2015 19:00,1.8,963.6,61.9,298,36
11/19/2015 20:00,1.0,963.3,61.9,298,42
11/19/2015 21:00,0.2,963.2,61.9,298,38
11/19/2015 22:00,-0.3,963.1,61.9,298,37
11/19/2015 23:00,-0.5,963.3,61.5,299,34
11/20/2015 0:00,-1.2,962.8,62.0,301,33
11/20/2015 1:00,-2.2,962.6,61.9,301,37
11/20/2015 2:00,-2.1,962.6,47.7,302,32
11/20/2015 3:00,-4.2,962.3,55.4,286,39
11/20/2015 4:00,-2.7,962.2,61.9,298,35
11/20/2015 5:00,-1.6,962.1,62.6,298,33
11/20/2015 6:00,-1.4,962.4,62.6,298,33
11/20/2015 7:00,-1.0,962.2,63.3,298,36
11/20/2015 8:00,1.0,961.7,63.3,298,22
11/20/2015 9:00,3.0,961.5,63.9,298,26
11/20/2015 10:00,2.8,961.0,63.3,298,28
11/20/2015 11:00,2.6,960.5,63.9,298,25
11/20/2015 12:00,2.0,960.1,62.6,298,31
11/20/2015 13:00,2.1,959.6,63.3,298,33
11/20/2015 14:00,1.9,958.8,61.7,298,34
11/20/2015 15:00,1.0,958.1,63.8,301,39
11/20/2015 16:00,0.3,957.4,63.3,301,48
11/20/2015 17:00,-0.2,956.8,52.9,303,57
11/20/2015 18:00,-0.4,956.5,27.2,292,45
11/20/2015 19:00,-1.5,956.1,62.6,298,49
11/20/2015 20:00,-3.1,955.7,62.6,298,51
11/20/2015 21:00,-5.0,955.4,63.2,298,53
11/20/2015 22:00,-4.6,955.1,61.6,298,49
11/20/2015 23:00,-3.4,955.1,61.9,298,45
11/21/2015 0:00,-4.0,955.3,61.3,298,47
11/21/2015 1:00,-3.5,955.0,62.4,301,34
11/21/2015 2:00,-5.1,955.0,62.2,301,38
11/21/2015 3:00,-3.5,955.4,40.9,280,33
11/21/2015 4:00,-3.3,955.9,62.6,298,37
11/21/2015 5:00,-3.6,956.5,62.6,298,41
11/21/2015 6:00,-2.8,957.5,61.9,298,41
11/21/2015 7:00,-2.5,958.0,63.3,298,34
11/21/2015 8:00,-1.6,958.5,63.9,298,40
11/21/2015 9:00,-2.3,958.5,63.3,298,55
11/21/2015 10:00,-1.2,958.9,63.9,298,38
11/21/2015 11:00,-0.3,958.9,62.7,298,42
11/21/2015 12:00,0.1,959.1,63.3,298,44
11/21/2015 13:00,0.6,959.3,63.9,298,44
11/21/2015 14:00,0.8,959.6,62.3,298,46
11/21/2015 15:00,0.6,959.7,63.6,300,41
11/21/2015 16:00,0.1,959.5,63.3,301,44
11/21/2015 17:00,-0.2,959.9,62.9,300,39
11/21/2015 18:00,-0.9,959.9,63.3,301,46
11/21/2015 19:00,-1.2,960.3,23.4,280,41
11/21/2015 20:00,-2.1,960.4,63.0,299,45
11/21/2015 21:00,-2.6,960.6,63.3,298,44
11/21/2015 22:00,-4.0,960.8,62.6,298,44
11/21/2015 23:00,-3.8,961.0,61.3,298,38
11/22/2015 0:00,-4.0,961.1,61.9,298,35
11/22/2015 1:00,-4.5,961.5,61.3,298,36
11/22/2015 2:00,-4.6,961.7,61.3,298,37
11/22/2015 3:00,-5.1,961.9,61.9,301,39
11/22/2015 4:00,-4.5,962.3,29.8,279,39
11/22/2015 5:00,-4.3,962.9,62.6,298,38
11/22/2015 6:00,-3.8,963.5,61.9,298,40
11/22/2015 7:00,-2.9,963.6,61.9,298,39
11/22/2015 8:00,-1.3,964.4,62.6,298,29
11/22/2015 9:00,-1.3,964.6,62.6,298,41
11/22/2015 10:00,-0.3,965.0,63.9,298,36
11/22/2015 11:00,-0.3,965.2,63.9,298,36
11/22/2015 12:00,0.1,965.6,63.3,298,34
11/22/2015 13:00,0.6,965.7,63.9,298,34
11/22/2015 14:00,-0.1,965.8,63.9,298,37
11/22/2015 15:00,0.8,966.1,63.9,298,35
11/22/2015 16:00,-0.4,966.3,63.3,300,40
11/22/2015 17:00,-1.4,966.4,62.6,301,47
11/22/2015 18:00,-1.5,966.6,53.8,303,51
11/22/2015 19:00,-2.7,967.6,58.2,289,52
11/22/2015 20:00,-3.8,968.2,63.3,298,57
11/22/2015 21:00,-4.3,968.5,62.6,298,56
11/22/2015 22:00,-4.1,968.7,62.6,298,45
11/22/2015 23:00,-6.0,968.9,61.9,298,46
11/23/2015 0:00,-5.3,969.2,61.9,301,40
11/23/2015 1:00,-4.5,969.3,60.2,296,38
11/23/2015 2:00,-6.1,969.5,63.2,298,45
11/23/2015 3:00,-7.1,969.7,63.3,298,44
11/23/2015 4:00,-6.0,969.9,63.9,298,40
11/23/2015 5:00,-5.1,970.2,63.2,301,39
11/23/2015 6:00,-3.8,970.7,63.3,301,36
11/23/2015 7:00,-4.3,971.2,50.1,295,46
11/23/2015 8:00,-1.8,971.4,61.5,295,44
11/23/2015 9:00,-2.0,971.3,62.6,298,36
11/23/2015 10:00,0.4,971.3,63.3,298,38
11/23/2015 11:00,0.8,971.4,62.6,298,35
11/23/2015 12:00,0.7,971.4,61.3,298,32
11/23/2015 13:00,0.9,971.3,61.9,298,30
11/23/2015 14:00,0.7,971.3,61.3,298,31
11/23/2015 15:00,0.3,971.1,61.3,298,33
11/23/2015 16:00,-0.6,970.9,61.3,298,40
11/23/2015 17:00,-1.4,970.8,61.9,298,39
11/23/2015 18:00,-1.7,970.7,61.9,298,49
11/23/2015 19:00,-2.1,970.5,65.1,299,51
11/23/2015 20:00,-4.0,970.3,63.0,300,46
11/23/2015 21:00,-4.9,970.0,61.9,301,48
11/23/2015 22:00,-5.8,969.6,62.6,298,48
11/23/2015 23:00,-5.7,969.3,63.3,298,42
11/24/2015 0:00,-5.6,969.2,63.9,298,38
11/24/2015 1:00,-5.3,968.7,63.1,298,37
11/24/2015 2:00,-6.1,968.0,48.9,301,38
11/24/2015 3:00,-5.7,967.6,62.6,298,37
11/24/2015 4:00,-5.8,967.2,62.6,298,40
11/24/2015 5:00,-3.4,967.1,62.6,298,37
11/24/2015 6:00,-3.8,967.1,61.9,298,43
11/24/2015 7:00,-2.7,967.0,61.3,298,41
11/24/2015 8:00,-1.3,967.5,61.9,298,38
11/24/2015 9:00,-1.1,967.2,61.9,298,38
11/24/2015 10:00,0.9,966.8,61.3,298,32
11/24/2015 11:00,0.7,966.6,61.0,298,37
11/24/2015 12:00,0.5,966.1,62.7,300,42
11/24/2015 13:00,0.7,965.9,62.6,301,39
11/24/2015 14:00,1.1,965.9,42.9,309,32
11/24/2015 15:00,1.5,965.9,62.0,302,31
11/24/2015 16:00,-0.6,966.7,58.7,296,46
11/24/2015 17:00,-1.7,966.9,61.9,298,44
11/24/2015 18:00,-2.4,967.1,62.6,298,42
11/24/2015 19:00,-3.2,966.9,62.7,298,51
11/24/2015 20:00,-3.6,966.5,61.9,298,49
11/24/2015 21:00,-3.0,966.2,61.9,298,41
11/24/2015 22:00,-3.3,966.2,61.9,298,41
11/24/2015 23:00,-3.8,966.4,61.3,299,42
11/25/2015 0:00,-5.5,966.4,61.9,298,46
11/25/2015 1:00,-4.9,966.2,61.4,298,38
11/25/2015 2:00,-5.0,965.9,60.8,303,40
11/25/2015 3:00,-4.9,965.5,62.6,298,39
11/25/2015 4:00,-4.6,965.2,62.6,298,37
11/25/2015 5:00,-4.7,965.3,63.9,298,39
11/25/2015 6:00,-3.4,965.2,63.9,298,37
11/25/2015 7:00,-3.1,964.7,63.9,298,41
11/25/2015 8:00,-2.8,964.6,61.3,298,47
11/25/2015 9:00,-1.9,964.5,63.3,298,47
11/25/2015 10:00,-0.4,965.0,63.9,298,29
11/25/2015 11:00,-1.4,964.3,63.3,298,32
11/25/2015 12:00,-0.1,963.7,63.3,298,33
11/25/2015 13:00,1.2,963.0,62.9,298,30
11/25/2015 14:00,1.2,962.5,63.3,301,36
11/25/2015 15:00,0.2,962.0,62.6,301,42
11/25/2015 16:00,0.4,961.5,53.1,297,45
11/25/2015 17:00,-0.9,960.6,61.4,295,47
11/25/2015 18:00,-2.3,960.2,63.3,298,46
11/25/2015 19:00,-3.5,960.0,63.3,298,52
11/25/2015 20:00,-4.5,960.5,62.6,300,63
11/25/2015 21:00,-4.7,960.4,61.9,298,59
11/25/2015 22:00,-4.9,960.6,61.9,298,60
11/25/2015 23:00,-4.3,960.3,61.3,300,46
11/26/2015 0:00,-4.2,960.5,61.8,301,44
11/26/2015 1:00,-5.4,960.6,62.7,299,44
11/26/2015 2:00,-4.7,961.0,63.3,298,39
11/26/2015 3:00,-4.1,961.4,63.3,298,36
11/26/2015 4:00,-3.3,962.0,63.3,298,37
11/26/2015 5:00,-3.1,962.5,63.3,298,40
11/26/2015 6:00,-2.8,963.1,63.2,298,42
11/26/2015 7:00,-0.5,963.8,79.5,299,31
11/26/2015 8:00,-0.2,965.7,62.6,300,41
11/26/2015 9:00,0.1,967.0,62.5,300,36
11/26/2015 10:00,0.2,967.8,35.5,304,40
11/26/2015 11:00,0.9,968.3,65.7,299,38
11/26/2015 12:00,1.4,968.8,62.6,299,43
11/26/2015 13:00,1.4,969.4,61.0,300,46
11/26/2015 14:00,1.3,969.8,52.6,290,45
11/26/2015 15:00,0.7,970.0,62.6,298,49
11/26/2015 16:00,1.1,969.9,62.6,298,49
11/26/2015 17:00,0.8,969.9,62.8,298,51
11/26/2015 18:00,0.7,970.1,61.3,298,49
11/26/2015 19:00,0.2,970.5,61.9,298,51
11/26/2015 20:00,0.1,970.6,61.3,298,47
11/26/2015 21:00,-0.8,970.7,62.1,298,51
11/26/2015 22:00,-1.4,970.8,61.2,298,50
11/26/2015 23:00,-1.9,970.7,61.3,300,50
11/27/2015 0:00,-2.1,970.7,61.9,300,48
11/27/2015 1:00,-2.1,970.4,58.6,294,47
11/27/2015 2:00,-2.5,970.4,56.3,298,51
11/27/2015 3:00,-2.5,970.5,60.3,298,52
11/27/2015 4:00,-2.6,970.6,62.6,299,53
11/27/2015 5:00,-2.1,970.6,54.9,305,50
11/27/2015 6:00,-1.4,970.6,41.3,286,48
11/27/2015 7:00,-1.1,970.3,48.1,289,48
11/27/2015 8:00,-0.6,970.3,61.9,298,46
11/27/2015 9:00,0.0,970.0,63.3,298,44
11/27/2015 10:00,0.6,969.5,63.3,298,44
11/27/2015 11:00,0.7,969.1,63.3,298,44
11/27/2015 12:00,1.9,968.6,63.3,298,44
11/27/2015 13:00,2.2,968.1,63.9,298,39
11/27/2015 14:00,1.8,967.4,59.6,298,40
11/27/2015 15:00,1.9,966.6,61.9,299,44
11/27/2015 16:00,0.6,965.8,62.6,299,46
11/27/2015 17:00,0.6,965.1,62.5,299,43
11/27/2015 18:00,0.3,964.5,62.6,298,41
11/27/2015 19:00,0.0,963.9,63.2,300,47
11/27/2015 20:00,-0.5,963.3,63.2,300,46
11/27/2015 21:00,-1.7,962.6,63.2,300,50
11/27/2015 22:00,-2.0,962.1,62.2,297,50
11/27/2015 23:00,-2.3,961.1,62.6,298,43
11/28/2015 0:00,-2.9,960.3,63.3,298,44
11/28/2015 1:00,-2.8,959.4,62.6,298,38
11/28/2015 2:00,-2.9,958.6,61.3,298,37
11/28/2015 3:00,-2.9,957.9,61.9,298,39
11/28/2015 4:00,-2.9,957.4,61.3,298,40
11/28/2015 5:00,-2.6,957.0,61.9,298,42
11/28/2015 6:00,-1.9,956.8,58.0,298,41
11/28/2015 7:00,-0.6,956.6,61.3,299,41
11/28/2015 8:00,-0.3,956.1,61.9,299,41
11/28/2015 9:00,0.6,955.5,60.6,299,44
11/28/2015 10:00,0.7,955.3,65.9,299,41
11/28/2015 11:00,1.5,955.2,62.7,300,33
11/28/2015 12:00,-0.8,955.3,62.6,300,52
11/28/2015 13:00,-1.4,955.2,53.7,297,49
11/28/2015 14:00,-1.6,955.2,61.0,295,54
11/28/2015 15:00,-1.1,955.3,62.6,298,52
11/28/2015 16:00,-1.2,955.6,61.9,298,55
11/28/2015 17:00,-2.1,956.1,62.0,298,61
11/28/2015 18:00,-3.2,956.9,62.6,298,65
11/28/2015 19:00,-3.8,957.4,63.9,298,59
11/28/2015 20:00,-3.8,957.8,63.3,298,58
11/28/2015 21:00,-4.2,958.5,61.9,298,61
11/28/2015 22:00,-5.6,959.1,70.9,299,84
11/28/2015 23:00,-5.7,959.6,50.3,295,80
11/29/2015 0:00,-6.0,960.5,62.6,298,80
11/29/2015 1:00,-6.2,961.0,61.3,298,81
11/29/2015 2:00,-6.1,961.4,61.9,298,80
11/29/2015 3:00,-6.1,961.5,61.3,300,79
11/29/2015 4:00,-5.8,961.6,62.3,297,72
11/29/2015 5:00,-5.9,961.8,62.6,298,72
11/29/2015 6:00,-5.7,961.7,61.2,298,71
11/29/2015 7:00,-5.6,962.3,62.6,298,74
11/29/2015 8:00,-5.5,962.4,55.6,299,77
11/29/2015 9:00,-5.6,962.4,62.9,301,79
11/29/2015 10:00,-4.8,962.5,63.3,301,78
11/29/2015 11:00,-4.3,962.4,46.1,298,75
11/29/2015 12:00,-3.1,962.2,41.7,281,70
11/29/2015 13:00,-1.8,962.2,62.6,298,65
11/29/2015 14:00,-2.2,962.3,62.6,298,64
11/29/2015 15:00,-3.4,962.3,63.3,298,70
11/29/2015 16:00,-3.7,962.4,61.3,298,73
11/29/2015 17:00,-4.2,962.3,62.6,298,74
11/29/2015 18:00,-4.5,962.5,63.9,298,77
11/29/2015 19:00,-4.7,962.9,63.9,298,76
11/29/2015 20:00,-4.9,963.0,62.6,298,81
11/29/2015 21:00,-5.1,963.0,62.6,301,78
11/29/2015 22:00,-5.1,963.1,62.6,298,78
11/29/2015 23:00,-5.3,963.3,62.6,298,79
11/30/2015 0:00,-5.5,963.4,61.3,298,83
11/30/2015 1:00,-5.8,963.6,64.2,299,79
11/30/2015 2:00,-5.7,963.8,45.1,319,75
11/30/2015 3:00,-5.4,963.9,62.6,298,72
11/30/2015 4:00,-5.9,964.3,62.9,299,69
11/30/2015 5:00,-5.0,964.7,63.9,298,70
11/30/2015 6:00,-4.7,965.0,63.3,298,67
11/30/2015 7:00,-4.7,965.3,63.3,298,66
11/30/2015 8:00,-4.6,965.6,57.2,298,65
11/30/2015 9:00,-3.5,965.8,63.8,301,60
11/30/2015 10:00,-3.0,965.9,63.3,301,58
11/30/2015 11:00,-2.6,965.8,55.0,306,57
11/30/2015 12:00,-2.1,965.9,53.3,305,55
11/30/2015 13:00,-2.6,966.0,62.6,298,57
11/30/2015 14:00,-2.5,966.1,62.6,298,57
11/30/2015 15:00,-2.3,966.1,63.3,298,58
11/30/2015 16:00,-1.9,966.1,62.2,298,51
11/30/2015 17:00,-1.9,966.3,61.3,298,52
11/30/2015 18:00,-4.7,966.2,61.9,298,63
11/30/2015 19:00,-5.6,966.2,61.9,298,64
11/30/2015 20:00,-6.0,966.2,61.3,298,59
11/30/2015 21:00,-5.8,966.2,61.3,298,55
11/30/2015 22:00,-5.4,966.3,53.1,299,52
11/30/2015 23:00,-5.5,966.6,58.6,298,50
12/1/2015 0:00,-2.5,964.1,18.6,142,44
12/1/2015 1:00,-2.9,963.6,19.7,174,47
12/1/2015 2:00,-3.4,963.2,15.1,180,51
12/1/2015 3:00,-3.1,962.6,19.1,176,40
12/1/2015 4:00,-3.8,962.4,19.1,178,42
12/1/2015 5:00,-3.0,962.3,17.4,179,43
12/1/2015 6:00,-2.5,962.1,17.0,180,45
12/1/2015 7:00,-1.0,961.4,15.5,178,48
12/1/2015 8:00,0.1,961.5,13.6,176,46
12/1/2015 9:00,1.1,960.7,7.7,178,43
12/1/2015 10:00,3.0,960.3,11.3,357,34
12/1/2015 11:00,4.1,959.5,9.9,6,32
12/1/2015 12:00,4.0,959.2,9.5,9,31
12/1/2015 13:00,4.1,958.7,10.9,48,37
12/1/2015 14:00,3.3,958.7,8.5,350,36
12/1/2015 15:00,2.1,958.3,8.4,137,41
12/1/2015 16:00,2.3,958.3,9.1,148,43
12/1/2015 17:00,2.1,958.1,11.0,99,45
12/1/2015 18:00,1.6,958.2,11.1,120,49
12/1/2015 19:00,0.7,958.5,12.2,129,58
12/1/2015 20:00,0.4,958.4,11.3,174,55
12/1/2015 21:00,-0.7,958.1,15.2,182,54
12/1/2015 22:00,-1.3,957.9,19.4,152,52
12/1/2015 23:00,-1.4,957.4,22.6,168,42
12/2/2015 0:00,-2.5,957.4,24.9,155,47
12/2/2015 1:00,-2.6,956.8,26.9,166,44
12/2/2015 2:00,-2.3,956.5,29.7,150,42
12/2/2015 3:00,-2.9,956.5,27.2,169,41
12/2/2015 4:00,-2.7,956.6,27.5,156,44
12/2/2015 5:00,-1.3,956.6,28.1,138,38
12/2/2015 6:00,-0.6,956.6,27.9,131,36
12/2/2015 7:00,-0.6,956.6,25.4,131,44
12/2/2015 8:00,0.1,956.4,27.7,121,41
12/2/2015 9:00,0.4,956.8,29.9,118,44
12/2/2015 10:00,0.8,957.2,22.5,106,51
12/2/2015 11:00,0.7,957.4,27.9,108,50
12/2/2015 12:00,0.9,957.6,26.6,109,53
12/2/2015 13:00,0.6,957.8,26.2,108,55
12/2/2015 14:00,0.1,958.4,26.2,107,59
12/2/2015 15:00,-0.1,958.5,27.1,116,59
12/2/2015 16:00,-0.4,959.1,26.0,114,61
12/2/2015 17:00,-0.6,959.7,20.6,111,61
12/2/2015 18:00,-1.0,960.1,21.1,115,62
12/2/2015 19:00,-1.4,960.5,23.8,139,61
12/2/2015 20:00,-1.7,961.3,20.5,145,60
12/2/2015 21:00,-1.8,961.9,19.3,128,57
12/2/2015 22:00,-1.9,962.2,22.8,126,54
12/2/2015 23:00,-2.2,962.6,21.6,125,56
12/3/2015 0:00,-2.5,962.8,24.7,131,54
12/3/2015 1:00,-2.6,963.1,26.2,139,55
12/3/2015 2:00,-2.9,963.2,29.7,150,53
12/3/2015 3:00,-3.1,963.8,27.0,144,54
12/3/2015 4:00,-3.0,964.1,25.0,149,55
12/3/2015 5:00,-3.0,964.5,23.3,147,52
12/3/2015 6:00,-2.6,965.0,20.3,140,52
12/3/2015 7:00,-2.4,964.8,25.5,136,55
12/3/2015 8:00,-2.4,965.1,24.6,131,54
12/3/2015 9:00,-2.4,964.6,30.2,137,56
12/3/2015 10:00,-2.2,964.9,29.0,131,55
12/3/2015 11:00,-2.4,964.4,28.8,136,57
12/3/2015 12:00,-2.2,964.5,26.9,133,59
12/3/2015 13:00,-1.8,963.9,26.9,133,57
12/3/2015 14:00,-2.0,963.8,27.5,138,59
12/3/2015 15:00,-2.0,963.0,28.1,136,58
12/3/2015 16:00,-2.0,963.1,25.4,136,59
12/3/2015 17:00,-2.4,963.3,24.0,133,59
12/3/2015 18:00,-2.4,963.3,22.4,137,59
12/3/2015 19:00,-2.9,963.2,26.8,136,60
12/3/2015 20:00,-3.3,962.8,27.8,136,61
12/3/2015 21:00,-3.4,962.9,27.9,138,58
12/3/2015 22:00,-3.6,963.1,23.4,141,58
12/3/2015 23:00,-3.7,962.6,26.1,139,57
12/4/2015 0:00,-3.6,962.3,27.6,138,55
12/4/2015 1:00,-3.5,962.0,26.8,143,55
12/4/2015 2:00,-3.5,961.8,26.9,138,57
12/4/2015 3:00,-3.4,961.3,31.9,143,52
12/4/2015 4:00,-3.3,961.1,28.3,146,53
12/4/2015 5:00,-3.1,961.0,31.5,144,49
12/4/2015 6:00,-3.1,960.8,27.9,142,49
12/4/2015 7:00,-3.4,961.3,30.2,134,49
12/4/2015 8:00,-3.3,960.9,28.7,136,47
12/4/2015 9:00,-3.1,960.6,28.8,139,46
12/4/2015 10:00,-2.7,960.3,26.9,140,48
12/4/2015 11:00,-2.5,960.1,27.7,139,50
12/4/2015 12:00,-2.4,960.0,28.8,144,50
12/4/2015 13:00,-2.5,959.9,27.9,141,50
12/4/2015 14:00,-2.3,959.6,24.7,139,52
12/4/2015 15:00,-2.0,959.1,23.3,136,53
12/4/2015 16:00,-1.9,959.0,21.7,139,54
12/4/2015 17:00,-2.2,958.6,22.4,141,55
12/4/2015 18:00,-2.3,958.5,20.4,146,57
12/4/2015 19:00,-2.4,958.1,23.2,141,55
12/4/2015 20:00,-2.4,957.9,19.7,146,55
12/4/2015 21:00,-2.5,957.5,18.8,145,54
12/4/2015 22:00,-2.6,957.3,20.5,146,54
12/4/2015 23:00,-2.6,957.3,16.8,150,55
12/5/2015 0:00,-2.7,956.8,18.5,150,57
12/5/2015 1:00,-2.1,956.4,17.4,113,52
12/5/2015 2:00,-1.6,955.8,21.7,124,44
12/5/2015 3:00,-1.5,955.1,27.1,146,39
12/5/2015 4:00,-1.5,955.2,25.6,149,36
12/5/2015 5:00,-1.7,955.0,25.5,140,37
12/5/2015 6:00,-1.6,954.0,26.1,136,36
12/5/2015 7:00,-1.5,953.4,25.5,136,35
12/5/2015 8:00,-1.0,952.9,26.3,124,37
12/5/2015 9:00,-0.2,952.3,19.0,139,41
12/5/2015 10:00,0.0,951.6,22.8,125,41
12/5/2015 11:00,1.1,951.0,22.5,99,37
12/5/2015 12:00,0.2,950.3,24.4,96,40
12/5/2015 13:00,0.4,949.7,21.3,100,44
12/5/2015 14:00,0.5,949.1,21.5,96,43
12/5/2015 15:00,0.6,948.5,21.0,96,45
12/5/2015 16:00,0.5,947.9,21.9,99,43
12/5/2015 17:00,0.2,947.5,20.5,102,46
12/5/2015 18:00,-0.2,947.1,23.1,112,46
12/5/2015 19:00,-0.7,946.8,16.7,115,50
12/5/2015 20:00,-1.1,946.6,18.8,127,46
12/5/2015 21:00,-1.5,946.3,20.0,127,45
12/5/2015 22:00,-2.0,946.1,23.5,134,45
12/5/2015 23:00,-2.4,946.0,26.9,136,42
12/6/2015 0:00,-2.3,945.9,29.2,150,38
12/6/2015 1:00,-2.1,945.8,26.1,149,35
12/6/2015 2:00,-2.9,945.5,24.5,167,40
12/6/2015 3:00,-2.9,945.4,24.2,162,38
12/6/2015 4:00,-2.4,945.3,27.1,164,36
12/6/2015 5:00,-0.8,945.4,27.8,150,34
12/6/2015 6:00,0.1,946.0,30.3,147,36
12/6/2015 7:00,-0.3,946.1,26.6,148,44
12/6/2015 8:00,-0.1,946.1,28.9,145,43
12/6/2015 9:00,0.1,946.4,29.3,146,48
12/6/2015 10:00,0.3,946.7,30.6,145,46
12/6/2015 11:00,0.8,947.8,25.0,143,48
12/6/2015 12:00,1.0,948.4,26.5,137,50
12/6/2015 13:00,1.9,948.9,18.9,134,50
12/6/2015 14:00,1.6,949.5,22.9,100,48
12/6/2015 15:00,1.4,950.1,19.1,108,50
12/6/2015 16:00,1.6,950.6,20.3,108,50
12/6/2015 17:00,1.8,951.3,19.6,107,46
12/6/2015 18:00,1.6,951.9,20.7,116,44
12/6/2015 19:00,0.8,952.9,22.9,117,45
12/6/2015 20:00,0.4,953.5,22.9,133,46
12/6/2015 21:00,0.2,953.9,18.9,125,42
12/6/2015 22:00,0.1,954.4,23.6,130,41
12/6/2015 23:00,0.1,954.9,23.3,131,42
12/7/2015 0:00,0.0,955.2,24.2,136,41
12/7/2015 1:00,-0.1,955.7,26.4,151,42
12/7/2015 2:00,-0.9,955.9,22.2,162,43
12/7/2015 3:00,-0.6,956.3,22.3,159,39
12/7/2015 4:00,-0.6,956.5,22.1,164,36
12/7/2015 5:00,-1.2,956.9,22.6,168,38
12/7/2015 6:00,-0.1,957.3,20.1,158,37
12/7/2015 7:00,0.3,957.4,17.3,163,41
12/7/2015 8:00,1.8,957.7,15.1,116,33
12/7/2015 9:00,2.0,957.9,14.3,145,42
12/7/2015 10:00,2.8,958.4,15.5,77,33
12/7/2015 11:00,3.7,958.7,9.0,59,30
12/7/2015 12:00,4.3,958.8,7.8,340,31
12/7/2015 13:00,2.7,958.8,8.5,248,32
12/7/2015 14:00,2.6,958.9,10.7,260,41
12/7/2015 15:00,2.5,958.8,6.1,248,37
12/7/2015 16:00,3.2,958.9,13.2,317,39
12/7/2015 17:00,1.5,959.2,10.7,321,48
12/7/2015 18:00,1.0,959.4,10.4,308,46
12/7/2015 19:00,0.4,959.9,12.2,357,54
12/7/2015 20:00,-0.8,960.2,6.6,2,47
12/7/2015 21:00,-0.5,960.4,6.4,238,48
12/7/2015 22:00,-0.9,960.5,4.9,217,48
12/7/2015 23:00,-2.8,960.6,14.3,190,60
12/8/2015 0:00,-3.0,960.9,15.4,178,46
12/8/2015 1:00,-2.6,961.3,14.2,164,48
12/8/2015 2:00,-2.9,961.4,12.9,174,48
12/8/2015 3:00,-2.9,961.4,18.4,173,42
12/8/2015 4:00,-2.5,961.5,19.7,166,36
12/8/2015 5:00,-2.4,961.8,17.1,171,39
12/8/2015 6:00,-2.1,962.0,16.1,163,45
12/8/2015 7:00,-0.6,962.2,19.3,137,35
12/8/2015 8:00,0.0,962.6,19.2,133,37
12/8/2015 9:00,0.5,962.8,16.0,128,40
12/8/2015 10:00,1.0,963.1,15.5,99,41
12/8/2015 11:00,1.6,963.2,12.5,82,41
12/8/2015 12:00,3.0,963.4,13.5,65,42
12/8/2015 13:00,2.8,963.5,13.7,74,44
12/8/2015 14:00,2.4,963.5,10.5,93,43
12/8/2015 15:00,0.6,963.4,10.2,155,48
12/8/2015 16:00,1.2,963.4,8.1,48,49
12/8/2015 17:00,0.4,963.3,9.7,46,52
12/8/2015 18:00,-0.9,963.6,8.4,344,61
12/8/2015 19:00,-0.8,963.8,8.9,6,57
12/8/2015 20:00,-1.7,964.1,6.2,84,60
12/8/2015 21:00,-1.0,964.2,7.1,114,58
12/8/2015 22:00,-1.6,964.4,6.4,136,64
12/8/2015 23:00,-2.5,964.6,11.1,163,67
12/9/2015 0:00,-3.2,964.9,11.2,147,63
12/9/2015 1:00,-3.5,965.0,11.3,154,60
12/9/2015 2:00,-3.5,965.1,12.7,151,57
12/9/2015 3:00,-3.2,965.4,10.5,145,56
12/9/2015 4:00,-5.0,965.6,9.1,354,65
12/9/2015 5:00,-6.4,965.7,7.6,358,67
12/9/2015 6:00,-5.8,965.8,8.1,13,64
12/9/2015 7:00,-4.0,965.8,7.1,76,58
12/9/2015 8:00,-2.6,965.9,12.2,71,56
12/9/2015 9:00,-1.5,965.9,10.6,67,55
12/9/2015 10:00,-1.6,965.8,8.7,91,58
12/9/2015 11:00,0.2,965.8,7.2,140,51
12/9/2015 12:00,-1.3,965.5,10.3,149,57
12/9/2015 13:00,1.6,965.4,13.7,78,44
12/9/2015 14:00,1.2,965.2,13.2,79,53
12/9/2015 15:00,0.5,965.0,13.2,65,56
12/9/2015 16:00,-0.2,964.8,16.5,68,60
12/9/2015 17:00,-0.9,964.6,14.9,71,62
12/9/2015 18:00,-1.5,964.6,12.1,66,65
12/9/2015 19:00,-1.7,964.6,7.9,78,68
12/9/2015 20:00,-1.6,964.5,13.7,116,58
12/9/2015 21:00,-2.3,964.5,10.9,117,57
12/9/2015 22:00,-2.7,964.2,13.1,114,54
12/9/2015 23:00,-2.8,963.9,14.5,132,46
12/10/2015 0:00,-3.0,963.4,16.8,135,45
12/10/2015 1:00,-2.5,962.8,13.5,128,38
12/10/2015 2:00,-3.1,962.3,15.7,173,41
12/10/2015 3:00,-3.4,961.9,19.7,175,40
12/10/2015 4:00,-2.8,961.8,19.3,161,41
12/10/2015 5:00,-2.5,961.4,21.4,160,42
12/10/2015 6:00,-1.7,961.2,20.1,154,42
12/10/2015 7:00,-1.1,960.6,20.6,161,39
12/10/2015 8:00,-0.5,960.5,20.8,150,39
12/10/2015 9:00,0.9,960.2,15.7,137,38
12/10/2015 10:00,1.4,959.8,17.1,147,33
12/10/2015 11:00,2.1,959.1,15.5,134,26
12/10/2015 12:00,2.3,958.6,10.4,127,21
12/10/2015 13:00,2.0,958.0,8.0,165,24
12/10/2015 14:00,2.1,957.6,8.7,198,25
12/10/2015 15:00,1.7,957.3,12.5,327,39
12/10/2015 16:00,1.8,956.6,13.2,328,46
12/10/2015 17:00,0.8,956.6,13.0,355,58
12/10/2015 18:00,0.1,957.0,7.3,95,58
12/10/2015 19:00,-0.2,956.8,1.6,125,46
12/10/2015 20:00,-0.4,956.6,11.6,184,55
12/10/2015 21:00,-1.2,956.3,14.0,189,54
12/10/2015 22:00,-2.7,956.2,19.2,184,56
12/10/2015 23:00,-2.1,956.1,15.7,181,48
12/11/2015 0:00,-2.7,955.8,17.0,186,47
12/11/2015 1:00,-3.6,955.9,21.8,180,45
12/11/2015 2:00,-2.7,955.9,20.5,175,41
12/11/2015 3:00,-2.7,955.9,21.5,178,43
12/11/2015 4:00,-3.1,956.0,20.0,181,46
12/11/2015 5:00,-2.7,956.1,18.9,178,43
12/11/2015 6:00,-1.3,956.8,19.4,159,33
12/11/2015 7:00,0.0,957.4,13.9,129,29
12/11/2015 8:00,0.7,957.5,12.0,119,25
12/11/2015 9:00,1.7,957.3,11.7,70,31
12/11/2015 10:00,1.3,957.5,17.2,111,31
12/11/2015 11:00,1.5,957.7,21.1,111,31
12/11/2015 12:00,1.3,957.8,23.0,92,32
12/11/2015 13:00,0.6,958.0,24.0,105,39
12/11/2015 14:00,0.5,958.0,26.5,107,41
12/11/2015 15:00,0.0,958.2,22.6,105,46
12/11/2015 16:00,-0.2,958.7,22.1,105,46
12/11/2015 17:00,-0.3,958.9,20.6,108,48
12/11/2015 18:00,-0.7,959.4,21.8,119,51
12/11/2015 19:00,-1.1,959.9,21.1,130,51
12/11/2015 20:00,-1.3,960.5,20.9,129,52
12/11/2015 21:00,-1.3,960.9,18.6,126,50
12/11/2015 22:00,-1.1,961.3,19.4,129,48
12/11/2015 23:00,-1.2,961.6,17.7,120,48
12/12/2015 0:00,-1.5,961.8,18.8,119,48
12/12/2015 1:00,-1.4,962.1,21.9,135,45
12/12/2015 2:00,-1.3,962.6,22.7,127,42
12/12/2015 3:00,-1.0,963.1,19.4,128,42
12/12/2015 4:00,-0.8,963.8,17.8,123,42
12/12/2015 5:00,-0.9,964.3,19.1,117,43
12/12/2015 6:00,-0.2,964.6,17.4,116,38
12/12/2015 7:00,0.9,964.9,14.6,112,39
12/12/2015 8:00,1.8,965.4,13.4,100,34
12/12/2015 9:00,1.9,965.8,17.7,116,32
12/12/2015 10:00,2.1,965.9,14.3,110,36
12/12/2015 11:00,4.0,966.2,16.7,76,28
12/12/2015 12:00,4.6,966.4,15.3,79,32
12/12/2015 13:00,4.4,966.6,15.9,68,31
12/12/2015 14:00,4.0,966.6,13.4,77,36
12/12/2015 15:00,3.6,966.8,13.1,55,33
12/12/2015 16:00,2.2,966.9,7.5,165,41
12/12/2015 17:00,2.0,967.0,8.5,184,41
12/12/2015 18:00,2.4,967.1,8.6,172,45
12/12/2015 19:00,1.9,967.3,12.1,179,47
12/12/2015 20:00,0.5,967.5,16.7,184,57
12/12/2015 21:00,-0.8,967.8,19.7,184,56
12/12/2015 22:00,-1.6,968.1,19.4,184,57
12/12/2015 23:00,-2.5,968.3,21.0,185,56
12/13/2015 0:00,-2.9,968.1,23.6,184,54
12/13/2015 1:00,-3.3,968.2,26.1,185,52
12/13/2015 2:00,-2.4,968.1,25.3,183,47
12/13/2015 3:00,-2.0,968.3,25.8,176,42
12/13/2015 4:00,-1.5,968.6,24.5,176,41
12/13/2015 5:00,-0.8,968.9,23.7,173,37
12/13/2015 6:00,0.1,969.6,20.4,163,43
12/13/2015 7:00,0.8,969.8,15.5,177,46
12/13/2015 8:00,0.2,970.0,18.6,183,49
12/13/2015 9:00,1.3,970.1,18.6,166,41
12/13/2015 10:00,2.3,970.6,10.2,138,47
12/13/2015 11:00,3.3,970.5,15.4,143,39
12/13/2015 12:00,3.8,970.5,10.1,120,40
12/13/2015 13:00,3.7,970.5,9.7,133,42
12/13/2015 14:00,3.7,971.0,11.6,355,50
12/13/2015 15:00,3.4,970.9,10.8,235,52
12/13/2015 16:00,2.7,970.9,12.4,248,56
12/13/2015 17:00,1.9,970.9,16.8,319,56
12/13/2015 18:00,1.6,970.8,15.0,287,61
12/13/2015 19:00,0.9,971.1,15.2,318,56
12/13/2015 20:00,0.0,971.8,8.8,16,65
12/13/2015 21:00,0.0,971.8,7.3,202,59
12/13/2015 22:00,0.1,971.6,6.3,174,64
12/13/2015 23:00,0.3,971.6,13.2,165,49
12/14/2015 0:00,0.4,971.5,13.7,161,45
12/14/2015 1:00,-0.6,971.3,15.2,172,54
12/14/2015 2:00,0.0,971.2,14.6,171,48
12/14/2015 3:00,-1.0,971.0,18.9,175,55
12/14/2015 4:00,-0.4,970.8,16.1,173,48
12/14/2015 5:00,-0.7,970.3,17.9,174,45
12/14/2015 6:00,0.0,970.0,19.2,176,44
12/14/2015 7:00,0.2,969.5,18.9,175,43
12/14/2015 8:00,1.1,968.9,16.9,175,42
12/14/2015 9:00,2.0,968.3,13.8,172,43
12/14/2015 10:00,2.7,967.8,15.2,149,43
12/14/2015 11:00,3.1,967.4,10.6,118,40
12/14/2015 12:00,3.8,966.8,12.5,26,33
12/14/2015 13:00,3.1,966.4,11.4,357,33
12/14/2015 14:00,2.7,966.1,9.8,325,32
12/14/2015 15:00,2.1,965.7,12.0,352,44
12/14/2015 16:00,2.3,965.2,10.4,249,40
12/14/2015 17:00,2.0,964.9,9.1,255,46
12/14/2015 18:00,1.5,964.6,7.2,236,52
12/14/2015 19:00,1.7,964.2,7.3,274,47
12/14/2015 20:00,1.7,964.0,9.8,204,53
12/14/2015 21:00,1.4,963.2,15.1,184,49
12/14/2015 22:00,0.9,962.6,19.1,190,53
12/14/2015 23:00,0.3,962.2,18.5,187,55
12/15/2015 0:00,0.4,961.8,19.1,182,52
12/15/2015 1:00,0.1,961.6,21.2,180,49
12/15/2015 2:00,0.7,962.0,13.0,123,43
12/15/2015 3:00,0.6,962.1,17.6,132,47
12/15/2015 4:00,-0.1,962.2,19.0,131,53
12/15/2015 5:00,-0.9,963.1,19.3,116,57
12/15/2015 6:00,-1.0,963.4,21.7,110,59
12/15/2015 7:00,-0.7,963.8,19.7,115,62
12/15/2015 8:00,-0.6,964.2,22.4,101,60
12/15/2015 9:00,-1.2,965.1,20.4,91,64
12/15/2015 10:00,-1.3,965.6,16.9,94,65
12/15/2015 11:00,-0.5,965.8,15.9,83,65
12/15/2015 12:00,-0.6,965.9,15.9,70,63
12/15/2015 13:00,0.0,965.8,17.1,76,57
12/15/2015 14:00,0.0,965.6,18.1,80,61
12/15/2015 15:00,-1.0,965.5,14.8,82,68
12/15/2015 16:00,-0.6,965.2,16.2,95,67
12/15/2015 17:00,-0.8,965.0,17.4,111,63
12/15/2015 18:00,-0.9,965.0,14.6,112,64
12/15/2015 19:00,-1.1,965.1,18.0,106,65
12/15/2015 20:00,-1.3,965.1,18.7,95,67
12/15/2015 21:00,-1.6,965.0,14.1,93,74
12/15/2015 22:00,-2.2,964.9,18.5,106,68
12/15/2015 23:00,-2.5,964.9,17.1,117,72
12/16/2015 0:00,-2.4,964.8,14.9,114,71
12/16/2015 1:00,-2.1,964.6,15.1,113,71
12/16/2015 2:00,-2.1,964.5,19.7,107,71
12/16/2015 3:00,-2.0,964.6,21.0,112,68
12/16/2015 4:00,-1.7,964.2,22.8,147,66
12/16/2015 5:00,-1.5,964.4,23.2,141,67
12/16/2015 6:00,-1.2,964.5,22.9,139,66
12/16/2015 7:00,-1.0,964.4,25.2,135,62
12/16/2015 8:00,-0.8,964.3,26.0,138,62
12/16/2015 9:00,-0.3,964.0,27.9,134,61
12/16/2015 10:00,-0.2,964.2,27.3,134,58
12/16/2015 11:00,0.1,963.5,28.0,135,59
12/16/2015 12:00,0.4,963.2,29.7,136,59
12/16/2015 13:00,0.6,963.1,29.5,129,59
12/16/2015 14:00,0.4,963.1,27.9,138,59
12/16/2015 15:00,0.6,962.9,32.2,133,58
12/16/2015 16:00,0.3,963.0,26.8,140,58
12/16/2015 17:00,0.0,963.1,29.7,136,59
12/16/2015 18:00,-0.1,963.0,30.3,137,56
12/16/2015 19:00,-0.4,963.1,28.7,139,57
12/16/2015 20:00,-0.6,963.5,30.1,134,56
12/16/2015 21:00,-0.8,964.0,26.2,138,58
12/16/2015 22:00,-1.0,964.3,29.2,135,55
12/16/2015 23:00,-0.9,964.4,28.3,136,52
12/17/2015 0:00,-0.9,964.3,30.9,143,48
12/17/2015 1:00,-1.0,964.5,31.6,144,49
12/17/2015 2:00,-1.2,965.0,32.5,148,52
12/17/2015 3:00,-1.1,965.0,34.1,147,50
12/17/2015 4:00,-1.0,965.4,34.6,143,46
12/17/2015 5:00,-1.0,966.2,29.4,140,46
12/17/2015 6:00,-0.7,966.8,27.9,139,44
12/17/2015 7:00,-0.5,967.5,25.7,135,44
12/17/2015 8:00,0.0,967.7,22.9,128,44
12/17/2015 9:00,-0.1,968.3,25.6,133,45
12/17/2015 10:00,0.5,968.7,23.9,129,42
12/17/2015 11:00,0.4,968.6,22.4,132,44
12/17/2015 12:00,0.4,968.9,20.9,125,43
12/17/2015 13:00,0.8,968.9,24.6,94,42
12/17/2015 14:00,0.8,968.9,24.9,103,40
12/17/2015 15:00,0.4,968.9,21.4,120,48
12/17/2015 16:00,0.5,968.9,20.5,119,49
12/17/2015 17:00,0.8,969.1,17.8,115,49
12/17/2015 18:00,0.6,969.0,18.5,128,47
12/17/2015 19:00,0.0,968.9,17.9,132,47
12/17/2015 20:00,0.0,968.8,14.2,116,47
12/17/2015 21:00,-0.6,968.7,14.9,142,47
12/17/2015 22:00,-1.0,968.4,16.2,139,45
12/17/2015 23:00,-1.2,968.0,16.7,144,45
12/18/2015 0:00,-1.6,967.9,17.8,154,46
12/18/2015 1:00,-2.2,967.3,18.7,174,47
12/18/2015 2:00,-1.6,967.1,19.1,173,38
12/18/2015 3:00,-1.9,966.8,22.8,172,34
12/18/2015 4:00,-1.8,966.9,22.5,172,37
12/18/2015 5:00,-1.8,967.0,21.1,169,41
12/18/2015 6:00,-0.9,967.1,20.0,171,38
12/18/2015 7:00,-0.4,967.4,16.7,166,42
12/18/2015 8:00,0.4,967.5,18.5,152,40
12/18/2015 9:00,1.5,967.7,19.0,138,38
12/18/2015 10:00,2.3,967.7,12.4,132,32
12/18/2015 11:00,2.8,967.4,14.4,127,34
12/18/2015 12:00,4.1,967.2,11.3,62,31
12/18/2015 13:00,3.6,967.3,9.8,29,38
12/18/2015 14:00,3.5,967.4,11.6,90,40
12/18/2015 15:00,2.4,967.4,15.1,87,40
12/18/2015 16:00,2.1,967.2,13.0,129,38
12/18/2015 17:00,1.9,967.2,11.0,151,44
12/18/2015 18:00,1.5,967.4,12.4,141,39
12/18/2015 19:00,0.9,967.2,15.9,150,41
12/18/2015 20:00,0.5,967.0,18.6,146,38
12/18/2015 21:00,0.1,967.1,17.8,155,38
12/18/2015 22:00,-0.5,967.0,13.7,176,48
12/18/2015 23:00,-0.8,966.9,15.3,172,47
12/19/2015 0:00,-1.9,966.9,23.4,167,42
12/19/2015 1:00,-2.2,967.0,20.0,174,43
12/19/2015 2:00,-2.4,966.8,23.5,173,37
12/19/2015 3:00,-2.2,966.8,29.1,177,34
12/19/2015 4:00,-2.0,967.2,25.4,166,32
12/19/2015 5:00,-2.2,967.7,22.3,172,40
12/19/2015 6:00,-1.4,967.8,22.7,172,38
12/19/2015 7:00,-0.8,967.9,22.7,170,38
12/19/2015 8:00,0.1,968.2,20.8,173,37
12/19/2015 9:00,1.0,969.1,16.4,137,40
12/19/2015 10:00,2.1,969.1,15.2,122,36
12/19/2015 11:00,2.7,969.2,18.0,83,32
12/19/2015 12:00,4.3,969.4,12.4,65,30
12/19/2015 13:00,2.9,969.6,10.6,40,37
12/19/2015 14:00,2.8,969.7,10.6,3,39
12/19/2015 15:00,2.3,969.5,8.8,331,43
12/19/2015 16:00,2.3,969.4,8.8,248,47
12/19/2015 17:00,2.2,969.3,8.4,253,45
12/19/2015 18:00,2.9,969.2,8.3,168,44
12/19/2015 19:00,2.0,969.4,12.3,179,55
12/19/2015 20:00,0.6,969.4,15.6,185,55
12/19/2015 21:00,-0.5,969.4,17.4,189,55
12/19/2015 22:00,-1.7,969.8,11.3,183,54
12/19/2015 23:00,-2.6,969.7,17.9,185,56
12/20/2015 0:00,-2.1,970.2,17.2,178,51
12/20/2015 1:00,-1.2,970.0,17.6,175,42
12/20/2015 2:00,-1.1,969.7,23.4,176,41
12/20/2015 3:00,-1.3,969.9,23.6,178,42
12/20/2015 4:00,-1.7,970.2,24.7,178,42
12/20/2015 5:00,-1.0,970.5,25.8,177,41
12/20/2015 6:00,0.0,970.8,26.7,172,33
12/20/2015 7:00,0.3,971.4,24.3,169,41
12/20/2015 8:00,1.0,971.8,20.0,169,41
12/20/2015 9:00,2.8,972.7,15.2,132,35
12/20/2015 10:00,3.4,973.1,11.0,127,34
12/20/2015 11:00,5.3,973.4,11.9,71,35
12/20/2015 12:00,4.2,973.7,10.6,355,43
12/20/2015 13:00,4.1,973.9,9.6,21,39
12/20/2015 14:00,3.4,974.2,11.2,14,45
12/20/2015 15:00,2.8,974.4,8.6,17,47
12/20/2015 16:00,2.5,974.3,6.8,72,53
12/20/2015 17:00,1.6,974.1,9.5,42,57
12/20/2015 18:00,0.4,974.2,8.3,351,66
12/20/2015 19:00,0.5,974.0,6.1,258,64
12/20/2015 20:00,0.8,973.7,7.7,265,65
12/20/2015 21:00,0.8,973.5,6.5,42,65
12/20/2015 22:00,-0.1,972.9,6.2,108,72
12/20/2015 23:00,-0.6,972.2,15.6,182,61
12/21/2015 0:00,-1.2,972.3,8.0,88,73
12/21/2015 1:00,-1.7,972.1,6.4,120,77
12/21/2015 2:00,-0.3,971.6,12.3,170,48
12/21/2015 3:00,0.0,971.1,17.0,174,47
12/21/2015 4:00,0.4,970.6,20.2,168,38
12/21/2015 5:00,0.5,970.4,22.0,165,43
12/21/2015 6:00,0.7,970.1,24.1,168,40
12/21/2015 7:00,1.7,970.3,20.1,159,46
12/21/2015 8:00,2.2,969.9,17.7,164,47
12/21/2015 9:00,3.6,969.5,16.2,140,42
12/21/2015 10:00,4.9,969.1,15.7,87,40
12/21/2015 11:00,5.1,968.8,14.2,50,43
12/21/2015 12:00,4.2,968.7,11.6,57,51
12/21/2015 13:00,4.0,968.4,10.4,51,48
12/21/2015 14:00,4.3,967.9,9.2,56,48
12/21/2015 15:00,4.0,967.3,10.2,61,48
12/21/2015 16:00,3.8,966.7,10.3,52,50
12/21/2015 17:00,2.8,966.5,7.6,128,58
12/21/2015 18:00,2.8,966.4,10.1,83,57
12/21/2015 19:00,1.9,966.6,10.5,36,65
12/21/2015 20:00,1.1,966.9,8.8,83,60
12/21/2015 21:00,0.6,966.9,9.5,91,64
12/21/2015 22:00,0.0,966.9,7.3,112,66
12/21/2015 23:00,-0.6,966.8,6.6,327,71
12/22/2015 0:00,-1.5,966.8,5.3,350,71
12/22/2015 1:00,-1.8,966.7,5.4,347,75
12/22/2015 2:00,-1.5,966.5,4.4,334,72
12/22/2015 3:00,-1.5,966.3,4.6,309,70
12/22/2015 4:00,-0.8,966.2,7.0,81,67
12/22/2015 5:00,-0.8,966.1,6.7,100,68
12/22/2015 6:00,1.7,965.9,21.5,100,49
12/22/2015 7:00,1.8,966.5,18.2,102,54
12/22/2015 8:00,2.6,966.8,18.7,90,55
12/22/2015 9:00,2.5,966.9,18.0,89,55
12/22/2015 10:00,3.6,966.9,16.4,86,50
12/22/2015 11:00,3.5,966.7,18.3,87,49
12/22/2015 12:00,4.2,966.6,16.0,74,48
12/22/2015 13:00,5.0,966.5,13.2,75,48
12/22/2015 14:00,5.3,966.5,14.5,76,44
12/22/2015 15:00,4.4,966.0,11.8,53,46
12/22/2015 16:00,4.2,965.7,7.7,86,49
12/22/2015 17:00,3.2,965.4,10.8,156,56
12/22/2015 18:00,3.4,965.6,10.1,89,50
12/22/2015 19:00,2.6,965.7,9.3,154,56
12/22/2015 20:00,2.4,965.8,8.2,152,55
12/22/2015 21:00,2.4,965.8,10.7,156,56
12/22/2015 22:00,1.3,965.7,11.8,139,60
12/22/2015 23:00,1.2,965.8,9.2,126,56
12/23/2015 0:00,0.8,965.9,8.3,105,56
12/23/2015 1:00,1.3,965.7,19.6,150,52
12/23/2015 2:00,1.6,965.8,19.0,162,49
12/23/2015 3:00,1.3,965.8,19.7,160,47
12/23/2015 4:00,1.3,966.0,21.1,163,47
12/23/2015 5:00,1.9,966.2,20.8,160,43
12/23/2015 6:00,3.3,966.7,19.7,139,42
12/23/2015 7:00,3.7,967.0,15.7,122,43
12/23/2015 8:00,3.8,967.6,16.2,105,48
12/23/2015 9:00,4.1,968.0,17.4,100,45
12/23/2015 10:00,5.4,968.4,14.5,81,45
12/23/2015 11:00,5.4,968.5,14.3,72,44
12/23/2015 12:00,5.8,968.4,15.0,75,44
12/23/2015 13:00,5.3,968.6,11.5,73,46
12/23/2015 14:00,4.9,968.6,9.8,69,49
12/23/2015 15:00,4.4,968.4,6.8,152,50
12/23/2015 16:00,3.0,967.9,7.0,173,59
12/23/2015 17:00,3.8,967.6,11.0,151,59
12/23/2015 18:00,3.9,967.3,11.3,147,62
12/23/2015 19:00,3.6,967.2,10.7,139,59
12/23/2015 20:00,3.1,966.9,15.3,143,54
12/23/2015 21:00,3.0,966.6,14.2,136,51
12/23/2015 22:00,2.3,966.3,14.2,139,52
12/23/2015 23:00,2.0,965.9,14.0,134,50
12/24/2015 0:00,1.6,965.7,18.0,141,51
12/24/2015 1:00,1.7,965.2,19.7,144,47
12/24/2015 2:00,1.9,965.3,17.6,136,47
12/24/2015 3:00,2.3,965.0,18.6,139,47
12/24/2015 4:00,2.4,964.9,19.1,146,49
12/24/2015 5:00,3.0,965.0,17.9,131,45
12/24/2015 6:00,3.4,965.2,18.2,133,46
12/24/2015 7:00,3.9,965.4,14.4,122,48
12/24/2015 8:00,4.4,965.6,17.9,129,43
12/24/2015 9:00,4.7,965.6,16.2,131,42
12/24/2015 10:00,5.1,965.7,16.3,122,41
12/24/2015 11:00,5.3,965.8,18.8,115,37
12/24/2015 12:00,5.3,966.0,13.5,132,42
12/24/2015 13:00,5.1,966.0,13.2,141,44
12/24/2015 14:00,5.4,966.0,12.9,134,44
12/24/2015 15:00,4.9,965.8,11.7,140,45
12/24/2015 16:00,4.5,965.9,11.4,152,51
12/24/2015 17:00,4.8,966.1,8.9,142,48
12/24/2015 18:00,4.6,966.2,11.0,129,48
12/24/2015 19:00,4.4,966.6,12.8,115,47
12/24/2015 20:00,3.4,966.8,14.4,136,51
12/24/2015 21:00,3.1,967.0,15.2,137,50
12/24/2015 22:00,2.4,967.1,17.0,137,50
12/24/2015 23:00,2.1,967.5,13.2,112,49
12/25/2015 0:00,1.9,967.7,18.2,139,48
12/25/2015 1:00,1.8,967.6,20.0,150,47
12/25/2015 2:00,1.9,967.9,20.1,149,45
12/25/2015 3:00,1.7,968.3,19.3,160,45
12/25/2015 4:00,1.9,968.7,19.6,157,43
12/25/2015 5:00,3.1,969.3,12.0,125,45
12/25/2015 6:00,3.2,969.8,10.9,114,47
12/25/2015 7:00,3.6,970.2,11.6,126,43
12/25/2015 8:00,4.3,970.2,16.1,111,34
12/25/2015 9:00,4.3,970.4,14.0,97,38
12/25/2015 10:00,4.4,970.3,11.3,146,48
12/25/2015 11:00,6.3,970.4,10.8,77,31
12/25/2015 12:00,6.1,970.1,12.5,55,29
12/25/2015 13:00,6.6,970.0,8.3,74,35
12/25/2015 14:00,4.6,969.9,6.7,141,40
12/25/2015 15:00,5.2,969.9,2.0,240,42
12/25/2015 16:00,5.1,969.9,10.1,356,39
12/25/2015 17:00,4.4,969.6,8.3,7,44
12/25/2015 18:00,4.2,969.4,8.1,5,44
12/25/2015 19:00,3.9,969.3,6.6,232,46
12/25/2015 20:00,2.9,969.6,6.7,121,57
12/25/2015 21:00,1.7,969.6,4.4,205,56
12/25/2015 22:00,1.3,969.5,4.0,59,57
12/25/2015 23:00,0.4,969.4,5.8,157,61
12/26/2015 0:00,0.3,969.3,4.0,165,57
12/26/2015 1:00,-0.2,969.5,7.0,153,64
12/26/2015 2:00,0.4,969.5,11.0,168,48
12/26/2015 3:00,-0.8,969.9,6.7,347,65
12/26/2015 4:00,-1.2,970.1,7.2,357,63
12/26/2015 5:00,0.7,970.0,6.8,127,49
12/26/2015 6:00,2.0,970.3,5.2,73,51
12/26/2015 7:00,2.3,970.3,11.7,123,50
12/26/2015 8:00,2.6,970.5,11.6,78,43
12/26/2015 9:00,0.9,970.8,10.4,42,60
12/26/2015 10:00,1.1,970.9,7.5,64,63
12/26/2015 11:00,1.8,970.9,9.5,56,61
12/26/2015 12:00,1.9,970.7,10.6,32,61
12/26/2015 13:00,1.2,970.8,10.0,7,67
12/26/2015 14:00,0.6,970.6,10.4,7,71
12/26/2015 15:00,0.0,970.3,10.0,349,74
12/26/2015 16:00,-0.8,970.2,9.0,356,77
12/26/2015 17:00,-1.3,970.0,9.5,355,80
12/26/2015 18:00,-1.8,969.7,9.5,351,81
12/26/2015 19:00,-2.1,969.6,8.8,359,84
12/26/2015 20:00,-2.0,969.7,8.2,355,85
12/26/2015 21:00,-2.4,969.6,7.6,348,87
12/26/2015 22:00,-2.5,969.6,7.1,80,84
12/26/2015 23:00,-2.5,969.3,5.1,35,84
12/27/2015 0:00,-2.9,969.0,6.1,108,86
12/27/2015 1:00,-3.1,969.0,3.6,199,86
12/27/2015 2:00,-3.4,968.9,4.7,353,87
12/27/2015 3:00,-3.3,968.8,7.1,204,87
12/27/2015 4:00,-3.3,968.8,6.8,3,87
12/27/2015 5:00,-3.2,968.5,6.5,8,87
12/27/2015 6:00,-2.0,968.1,8.6,9,81
12/27/2015 7:00,-1.2,968.3,8.7,360,75
12/27/2015 8:00,0.2,968.4,7.7,15,67
12/27/2015 9:00,3.1,968.3,13.0,58,50
12/27/2015 10:00,2.3,968.4,8.9,14,60
12/27/2015 11:00,2.0,968.5,8.7,4,62
12/27/2015 12:00,2.5,968.5,5.5,331,63
12/27/2015 13:00,2.9,968.4,3.2,300,55
12/27/2015 14:00,3.1,968.4,8.0,2,55
12/27/2015 15:00,2.9,968.2,6.3,170,38
12/27/2015 16:00,2.9,967.8,6.6,163,38
12/27/2015 17:00,2.7,967.5,10.6,6,56
12/27/2015 18:00,2.4,967.3,10.7,237,49
12/27/2015 19:00,2.3,967.1,6.1,183,50
12/27/2015 20:00,0.9,967.2,5.2,166,58
12/27/2015 21:00,-0.5,966.5,18.2,188,61
12/27/2015 22:00,0.0,966.7,6.7,110,70
12/27/2015 23:00,-2.1,966.5,6.4,153,82
12/28/2015 0:00,-2.0,966.4,7.2,120,79
12/28/2015 1:00,-0.6,966.2,11.3,173,52
12/28/2015 2:00,-0.9,966.4,7.1,95,64
12/28/2015 3:00,-2.2,966.5,4.6,178,67
12/28/2015 4:00,-1.5,966.0,19.1,183,49
12/28/2015 5:00,-1.1,966.8,6.6,4,52
12/28/2015 6:00,0.1,967.1,10.9,115,49
12/28/2015 7:00,0.0,967.4,14.7,83,51
12/28/2015 8:00,0.0,967.9,12.9,84,56
12/28/2015 9:00,0.2,968.3,12.1,49,57
12/28/2015 10:00,0.7,968.5,10.3,69,58
12/28/2015 11:00,0.4,968.8,8.2,336,65
12/28/2015 12:00,0.8,968.9,10.0,354,65
12/28/2015 13:00,0.5,969.1,12.9,353,67
12/28/2015 14:00,-0.6,969.6,12.4,359,72
12/28/2015 15:00,-1.6,969.5,11.6,11,78
12/28/2015 16:00,-2.0,969.7,10.7,348,79
12/28/2015 17:00,-2.4,969.7,8.4,343,80
12/28/2015 18:00,-2.4,969.8,10.6,354,80
12/28/2015 19:00,-2.7,969.7,9.7,350,78
12/28/2015 20:00,-2.5,969.7,0.9,117,80
12/28/2015 21:00,-2.9,970.0,10.8,4,81
12/28/2015 22:00,-3.2,969.9,8.3,8,82
12/28/2015 23:00,-3.1,969.8,8.3,306,81
12/29/2015 0:00,-3.6,969.8,10.8,311,83
12/29/2015 1:00,-3.6,969.7,8.5,249,81
12/29/2015 2:00,-3.6,970.0,7.6,255,80
12/29/2015 3:00,-3.8,970.0,6.8,188,79
12/29/2015 4:00,-3.8,970.0,10.3,354,79
12/29/2015 5:00,-3.8,970.0,7.5,1,80
12/29/2015 6:00,-3.2,969.9,9.8,3,77
12/29/2015 7:00,-1.9,970.2,12.4,85,64
12/29/2015 8:00,-3.6,970.4,15.6,125,69
12/29/2015 9:00,-3.1,970.6,15.0,137,71
12/29/2015 10:00,-3.8,970.6,13.1,138,71
12/29/2015 11:00,-2.5,970.7,12.1,94,64
12/29/2015 12:00,-2.6,970.4,11.6,141,67
12/29/2015 13:00,-1.7,970.2,11.9,130,63
12/29/2015 14:00,-1.1,969.9,12.1,75,62
12/29/2015 15:00,-1.1,969.5,11.8,64,60
12/29/2015 16:00,-1.2,969.1,10.5,76,63
12/29/2015 17:00,-1.5,969.0,11.9,55,64
12/29/2015 18:00,-2.0,968.9,10.5,40,65
12/29/2015 19:00,-2.0,968.8,10.5,70,64
12/29/2015 20:00,-2.6,968.6,7.6,63,65
12/29/2015 21:00,-3.0,968.5,7.3,342,68
12/29/2015 22:00,-3.9,968.5,6.5,184,71
12/29/2015 23:00,-4.1,968.5,5.3,219,73
12/30/2015 0:00,-4.2,968.4,6.8,348,74
12/30/2015 1:00,-4.8,968.6,6.7,201,74
12/30/2015 2:00,-4.3,968.7,6.8,198,72
12/30/2015 3:00,-3.9,968.6,1.7,282,71
12/30/2015 4:00,-3.5,968.5,4.6,153,68
12/30/2015 5:00,-3.2,968.4,8.8,118,68
12/30/2015 6:00,-2.8,968.6,10.9,114,62
12/30/2015 7:00,-2.5,968.7,11.4,123,61
12/30/2015 8:00,-1.0,969.1,12.5,65,57
12/30/2015 9:00,-0.1,969.5,14.6,73,56
12/30/2015 10:00,0.2,969.7,11.4,64,52
12/30/2015 11:00,1.2,969.5,12.9,75,48
12/30/2015 12:00,1.5,969.6,14.0,57,47
12/30/2015 13:00,0.7,969.6,11.6,58,52
12/30/2015 14:00,1.5,969.4,13.5,52,51
12/30/2015 15:00,0.2,969.4,11.3,55,56
12/30/2015 16:00,0.0,969.4,9.1,26,54
12/30/2015 17:00,-0.5,969.2,10.9,1,59
12/30/2015 18:00,-1.2,969.3,6.5,346,63
12/30/2015 19:00,-0.6,969.3,7.9,85,59
12/30/2015 20:00,-0.7,969.5,10.9,122,59
12/30/2015 21:00,-1.4,969.9,10.9,91,60
12/30/2015 22:00,-2.5,970.1,7.1,137,64
12/30/2015 23:00,-3.0,970.2,6.6,155,64
12/31/2015 0:00,-3.8,970.1,7.0,181,67
12/31/2015 1:00,-3.8,970.0,6.7,189,68
12/31/2015 2:00,-3.6,969.8,5.7,181,64
12/31/2015 3:00,-2.8,969.6,3.9,206,59
12/31/2015 4:00,-2.4,969.7,4.9,6,52
12/31/2015 5:00,-0.9,969.5,20.3,159,46
12/31/2015 6:00,-0.1,969.9,20.1,146,46
12/31/2015 7:00,1.2,970.4,17.4,135,42
12/31/2015 8:00,1.9,971.1,15.9,122,40
12/31/2015 9:00,2.1,971.7,20.8,114,39
12/31/2015 10:00,1.7,972.5,17.8,76,49
12/31/2015 11:00,1.9,972.7,17.3,79,47
12/31/2015 12:00,2.0,972.6,11.6,54,47
12/31/2015 13:00,2.3,972.6,10.2,95,47
12/31/2015 14:00,0.6,972.6,10.7,158,56
12/31/2015 15:00,0.8,972.4,8.1,170,56
12/31/2015 16:00,1.7,972.1,5.8,18,53
12/31/2015 17:00,1.2,972.0,9.7,344,54
12/31/2015 18:00,1.3,972.1,6.7,181,57
12/31/2015 19:00,1.1,972.1,10.6,153,51
12/31/2015 20:00,0.8,972.1,8.2,168,53
12/31/2015 21:00,-0.3,972.0,12.6,167,57
12/31/2015 22:00,-1.3,972.0,14.1,168,56
12/31/2015 23:00,-1.3,972.1,13.1,159,50
1/1/2016 0:00,-0.8,966.9,62.6,298,57
1/1/2016 1:00,-0.6,967.6,61.8,298,50
1/1/2016 2:00,-0.9,968.4,61.3,298,57
1/1/2016 3:00,-0.4,968.9,61.9,298,51
1/1/2016 4:00,-1.2,969.5,61.4,298,54
1/1/2016 5:00,-0.2,970.0,62.6,298,50
1/1/2016 6:00,-0.7,970.8,61.9,298,56
1/1/2016 7:00,0.1,971.5,54.3,299,55
1/1/2016 8:00,0.6,972.1,61.3,300,53
1/1/2016 9:00,1.4,972.6,61.9,300,54
1/1/2016 10:00,2.3,973.2,60.8,300,53
1/1/2016 11:00,3.5,973.6,65.9,298,47
1/1/2016 12:00,2.6,974.1,62.6,299,52
1/1/2016 13:00,2.6,974.4,61.9,299,53
1/1/2016 14:00,3.0,974.6,56.5,297,52
1/1/2016 15:00,2.7,974.6,63.2,298,51
1/1/2016 16:00,2.1,974.8,62.6,298,55
1/1/2016 17:00,1.6,974.8,62.6,298,55
1/1/2016 18:00,1.0,974.8,62.6,298,57
1/1/2016 19:00,1.0,975.1,62.6,298,58
1/1/2016 20:00,0.5,975.7,63.3,298,62
1/1/2016 21:00,-0.3,975.9,62.5,298,62
1/1/2016 22:00,-1.1,976.0,63.0,298,64
1/1/2016 23:00,-1.5,976.1,60.8,299,63
1/2/2016 0:00,-1.8,976.2,65.5,299,62
1/2/2016 1:00,-2.1,976.5,62.6,300,57
1/2/2016 2:00,-2.0,976.8,60.4,297,55
1/2/2016 3:00,-2.2,976.5,63.9,296,58
1/2/2016 4:00,-1.9,976.5,62.5,299,55
1/2/2016 5:00,-1.6,976.6,62.6,299,54
1/2/2016 6:00,-0.8,976.4,63.2,299,53
1/2/2016 7:00,0.0,976.3,42.7,310,51
1/2/2016 8:00,1.2,976.2,62.6,298,46
1/2/2016 9:00,2.1,976.1,61.9,298,47
1/2/2016 10:00,2.8,975.9,61.9,298,45
1/2/2016 11:00,3.0,975.8,62.5,298,46
1/2/2016 12:00,3.3,975.6,61.9,298,45
1/2/2016 13:00,3.2,974.9,61.3,298,48
1/2/2016 14:00,3.5,974.5,61.9,298,45
1/2/2016 15:00,2.8,974.0,61.0,298,49
1/2/2016 16:00,2.9,973.4,61.4,299,48
1/2/2016 17:00,2.1,972.9,61.3,299,55
1/2/2016 18:00,1.5,972.4,60.2,300,55
1/2/2016 19:00,0.8,971.9,54.3,303,60
1/2/2016 20:00,0.3,971.5,63.0,300,60
1/2/2016 21:00,0.2,970.9,62.6,300,63
1/2/2016 22:00,-0.5,970.4,61.9,300,67
1/2/2016 23:00,-0.9,969.9,52.7,300,65
1/3/2016 0:00,-1.4,969.3,61.9,298,62
1/3/2016 1:00,-2.1,968.5,62.6,298,61
1/3/2016 2:00,-2.1,967.8,62.6,298,60
1/3/2016 3:00,-1.9,967.0,61.9,298,50
1/3/2016 4:00,-1.7,966.1,62.2,298,54
1/3/2016 5:00,-1.9,965.4,63.7,298,59
1/3/2016 6:00,-2.2,965.1,63.3,298,56
1/3/2016 7:00,-1.4,964.7,63.9,298,54
1/3/2016 8:00,-0.6,964.1,63.1,298,47
1/3/2016 9:00,0.7,963.5,67.1,298,42
1/3/2016 10:00,0.7,963.1,62.6,299,52
1/3/2016 11:00,-0.3,962.6,63.3,298,58
1/3/2016 12:00,-0.6,962.2,61.9,298,59
1/3/2016 13:00,0.1,961.5,63.1,299,61
1/3/2016 14:00,-0.2,961.1,62.4,298,65
1/3/2016 15:00,-0.8,960.6,63.2,300,69
1/3/2016 16:00,-1.8,960.3,63.3,300,73
1/3/2016 17:00,-1.9,960.1,63.2,301,74
1/3/2016 18:00,-2.1,960.0,60.4,303,79
1/3/2016 19:00,-2.4,959.9,63.2,298,79
1/3/2016 20:00,-2.8,959.8,62.6,298,82
1/3/2016 21:00,-3.5,959.5,63.3,298,86
1/3/2016 22:00,-3.7,959.4,63.3,298,87
1/3/2016 23:00,-3.8,959.4,63.3,298,86
1/4/2016 0:00,-3.9,959.4,61.3,298,87
1/4/2016 1:00,-4.0,959.5,61.9,298,87
1/4/2016 2:00,-4.3,959.5,67.7,299,89
1/4/2016 3:00,-4.5,959.5,55.6,309,90
1/4/2016 4:00,-4.4,959.7,29.3,312,89
1/4/2016 5:00,-4.6,960.0,61.9,298,88
1/4/2016 6:00,-4.1,960.6,61.9,298,86
1/4/2016 7:00,-2.9,960.9,61.9,298,78
1/4/2016 8:00,-2.5,961.3,62.6,298,76
1/4/2016 9:00,-1.5,961.8,63.9,298,67
1/4/2016 10:00,-2.0,962.2,63.9,298,58
1/4/2016 11:00,-0.1,962.7,63.9,298,53
1/4/2016 12:00,-0.2,963.2,62.6,298,50
1/4/2016 13:00,0.6,963.6,63.9,298,53
1/4/2016 14:00,-0.6,964.3,63.9,298,61
1/4/2016 15:00,-1.4,964.9,63.9,298,64
1/4/2016 16:00,-1.9,965.5,63.3,298,68
1/4/2016 17:00,-1.7,966.0,63.4,298,67
1/4/2016 18:00,-1.8,966.8,62.3,299,72
1/4/2016 19:00,-1.6,967.2,62.4,298,72
1/4/2016 20:00,-1.9,967.4,63.3,301,71
1/4/2016 21:00,-1.6,967.6,62.1,302,71
1/4/2016 22:00,-1.3,968.2,61.2,295,70
1/4/2016 23:00,-1.7,968.8,63.3,298,71
1/5/2016 0:00,-2.6,969.3,62.6,298,74
1/5/2016 1:00,-3.8,970.0,63.3,298,73
1/5/2016 2:00,-4.4,970.6,62.6,298,71
1/5/2016 3:00,-4.5,970.9,61.9,298,70
1/5/2016 4:00,-4.3,970.6,61.9,300,69
1/5/2016 5:00,-3.8,970.7,61.9,301,68
1/5/2016 6:00,-3.3,970.9,62.6,301,65
1/5/2016 7:00,-3.2,971.2,55.3,310,66
1/5/2016 8:00,-2.9,971.0,50.6,292,65
1/5/2016 9:00,-2.6,970.7,62.6,298,62
1/5/2016 10:00,-1.5,970.6,61.9,298,59
1/5/2016 11:00,-1.6,970.4,62.1,298,59
1/5/2016 12:00,-1.3,970.0,62.6,298,61
1/5/2016 13:00,-1.0,969.9,63.3,298,58
1/5/2016 14:00,-0.8,969.6,63.3,298,57
1/5/2016 15:00,-1.8,969.6,63.9,298,63
1/5/2016 16:00,-1.4,969.1,62.6,298,66
1/5/2016 17:00,-1.0,968.6,63.3,298,64
1/5/2016 18:00,-1.0,968.4,63.3,298,64
1/5/2016 19:00,-1.4,968.3,63.3,298,61
1/5/2016 20:00,-2.1,967.9,57.8,299,66
1/5/2016 21:00,-2.5,967.2,61.9,301,66
1/5/2016 22:00,-2.4,966.9,63.3,301,62
1/5/2016 23:00,-2.5,966.4,62.6,301,63
1/6/2016 0:00,-2.4,966.0,25.3,306,63
1/6/2016 1:00,-2.4,965.5,63.3,298,63
1/6/2016 2:00,-2.3,965.2,63.3,298,65
1/6/2016 3:00,-2.1,964.5,63.3,298,60
1/6/2016 4:00,-2.1,964.2,62.0,298,60
1/6/2016 5:00,-1.7,963.8,61.9,298,59
1/6/2016 6:00,-1.4,963.3,62.6,298,60
1/6/2016 7:00,-0.7,962.8,61.3,298,53
1/6/2016 8:00,-0.3,962.2,61.9,298,50
1/6/2016 9:00,1.0,961.6,61.3,298,55
1/6/2016 10:00,1.4,961.0,61.9,298,50
1/6/2016 11:00,1.3,960.4,61.9,298,59
1/6/2016 12:00,1.7,960.0,62.7,300,57
1/6/2016 13:00,1.7,959.6,62.6,301,50
1/6/2016 14:00,1.8,959.4,62.9,300,53
1/6/2016 15:00,1.2,959.3,61.9,301,53
1/6/2016 16:00,1.2,959.2,51.3,288,57
1/6/2016 17:00,0.6,959.0,61.3,298,59
1/6/2016 18:00,0.3,959.1,61.2,298,56
1/6/2016 19:00,0.1,959.2,61.9,298,64
1/6/2016 20:00,-0.4,959.4,63.3,298,68
1/6/2016 21:00,-1.0,959.6,63.3,298,66
1/6/2016 22:00,-2.4,959.8,63.3,298,61
1/6/2016 23:00,-3.5,960.2,63.2,298,68
1/7/2016 0:00,-4.7,960.6,63.9,298,75
1/7/2016 1:00,-4.7,961.0,62.6,301,74
1/7/2016 2:00,-4.9,961.3,63.3,298,73
1/7/2016 3:00,-4.9,961.3,62.6,298,76
1/7/2016 4:00,-4.7,961.0,60.8,298,71
1/7/2016 5:00,-4.4,961.0,61.3,298,64
1/7/2016 6:00,-3.6,961.0,61.3,298,55
1/7/2016 7:00,-2.7,961.1,62.6,298,59
1/7/2016 8:00,-1.8,960.9,61.3,298,60
1/7/2016 9:00,-0.3,960.7,61.3,298,52
1/7/2016 10:00,0.7,960.7,62.8,298,50
1/7/2016 11:00,1.2,961.1,62.5,301,51
1/7/2016 12:00,1.9,961.3,61.9,301,46
1/7/2016 13:00,2.8,961.4,62.6,301,43
1/7/2016 14:00,2.2,961.7,44.1,288,47
1/7/2016 15:00,1.4,961.9,62.6,298,55
1/7/2016 16:00,1.0,962.2,61.9,298,56
1/7/2016 17:00,0.0,962.6,61.9,298,61
1/7/2016 18:00,-0.4,962.9,63.6,298,62
1/7/2016 19:00,-0.8,963.5,63.3,298,60
1/7/2016 20:00,-1.5,963.6,63.3,298,65
1/7/2016 21:00,-1.4,963.9,63.3,298,62
1/7/2016 22:00,-1.7,964.0,63.3,298,56
1/7/2016 23:00,-2.6,964.5,63.9,298,61
1/8/2016 0:00,-3.5,964.5,62.6,298,63
1/8/2016 1:00,-3.8,964.5,64.5,299,60
1/8/2016 2:00,-3.1,964.2,63.3,301,56
1/8/2016 3:00,-2.1,963.8,63.3,301,56
1/8/2016 4:00,-1.8,963.4,55.5,312,58
1/8/2016 5:00,-0.3,963.1,62.6,298,56
1/8/2016 6:00,0.6,962.6,63.3,298,45
1/8/2016 7:00,1.3,962.7,62.6,298,45
1/8/2016 8:00,1.6,963.0,62.7,298,44
1/8/2016 9:00,2.3,963.0,61.9,298,44
1/8/2016 10:00,1.8,963.0,60.6,298,45
1/8/2016 11:00,1.7,963.1,60.8,298,46
1/8/2016 12:00,1.5,963.4,61.3,298,50
1/8/2016 13:00,1.4,963.6,61.3,298,51
1/8/2016 14:00,1.8,963.6,61.3,298,51
1/8/2016 15:00,2.2,963.1,61.3,298,45
1/8/2016 16:00,2.2,962.8,61.2,298,48
1/8/2016 17:00,2.4,962.4,62.6,299,49
1/8/2016 18:00,1.8,962.2,63.2,301,60
1/8/2016 19:00,1.9,962.2,63.3,301,58
1/8/2016 20:00,1.7,962.2,62.6,301,54
1/8/2016 21:00,1.5,962.5,25.9,306,52
1/8/2016 22:00,1.4,962.4,62.6,298,51
1/8/2016 23:00,1.1,962.6,63.3,298,49
1/9/2016 0:00,1.3,962.1,62.6,298,43
1/9/2016 1:00,1.0,962.2,63.3,298,40
1/9/2016 2:00,0.4,962.3,61.9,298,45
1/9/2016 3:00,1.0,962.3,62.6,298,39
1/9/2016 4:00,0.0,961.9,61.2,298,40
1/9/2016 5:00,-0.2,961.3,61.9,298,39
1/9/2016 6:00,-0.5,961.9,61.3,298,48
1/9/2016 7:00,-0.3,962.2,61.3,298,39
1/9/2016 8:00,0.3,962.2,61.9,298,41
1/9/2016 9:00,1.2,962.3,61.9,298,43
1/9/2016 10:00,2.8,962.0,75.4,299,38
1/9/2016 11:00,4.1,962.3,62.6,301,40
1/9/2016 12:00,3.8,962.6,61.9,301,45
1/9/2016 13:00,4.0,962.7,53.3,294,44
1/9/2016 14:00,4.0,963.4,61.9,298,50
1/9/2016 15:00,3.7,963.4,61.9,298,51
1/9/2016 16:00,3.3,963.4,62.6,298,52
1/9/2016 17:00,3.1,963.5,61.9,298,58
1/9/2016 18:00,2.9,964.1,63.3,298,56
1/9/2016 19:00,2.5,964.6,62.6,298,60
1/9/2016 20:00,1.6,965.1,63.9,298,64
1/9/2016 21:00,1.3,965.4,62.9,299,62
1/9/2016 22:00,0.7,965.6,63.3,298,67
1/9/2016 23:00,0.5,965.5,62.6,298,64
1/10/2016 0:00,0.5,965.7,62.6,298,64
1/10/2016 1:00,0.4,965.9,57.5,298,65
1/10/2016 2:00,0.5,966.0,61.7,300,66
1/10/2016 3:00,0.3,966.3,63.3,301,68
1/10/2016 4:00,0.6,966.3,57.9,304,68
1/10/2016 5:00,0.9,966.3,34.3,284,68
1/10/2016 6:00,1.4,966.6,63.3,298,69
1/10/2016 7:00,1.3,966.6,63.3,298,71
1/10/2016 8:00,1.5,966.8,63.3,298,72
1/10/2016 9:00,1.4,967.0,62.4,298,73
1/10/2016 10:00,1.2,967.2,61.3,298,70
1/10/2016 11:00,1.6,967.5,61.3,298,67
1/10/2016 12:00,1.7,967.7,61.2,298,69
1/10/2016 13:00,0.9,968.1,61.9,298,71
1/10/2016 14:00,0.7,968.3,61.9,298,72
1/10/2016 15:00,0.4,968.4,61.9,298,75
1/10/2016 16:00,0.4,968.6,62.5,298,74
1/10/2016 17:00,0.1,968.9,54.8,299,74
1/10/2016 18:00,0.0,969.4,62.6,301,75
1/10/2016 19:00,-0.1,969.6,62.6,301,76
1/10/2016 20:00,-0.2,970.3,56.6,298,77
1/10/2016 21:00,-0.3,970.7,61.4,297,76
1/10/2016 22:00,-0.5,971.2,62.6,298,77
1/10/2016 23:00,-0.7,971.3,62.6,298,78
1/11/2016 0:00,-0.9,971.4,63.1,298,76
1/11/2016 1:00,-0.9,971.2,63.3,298,77
1/11/2016 2:00,-0.6,971.1,62.6,298,76
1/11/2016 3:00,-0.9,970.9,63.9,298,80
1/11/2016 4:00,-1.2,970.5,63.3,298,88
1/11/2016 5:00,-0.7,970.3,63.9,298,82
1/11/2016 6:00,-0.6,970.1,63.6,298,81
1/11/2016 7:00,-0.2,970.1,63.3,298,76
1/11/2016 8:00,-0.1,970.1,62.4,298,75
1/11/2016 9:00,-0.2,969.8,63.1,299,73
1/11/2016 10:00,-0.6,969.2,63.3,301,73
1/11/2016 11:00,-0.4,968.9,63.3,301,71
1/11/2016 12:00,-0.5,968.1,47.3,306,72
1/11/2016 13:00,-0.6,967.4,26.4,307,73
1/11/2016 14:00,-0.5,967.0,62.6,298,71
1/11/2016 15:00,0.1,966.2,62.6,298,68
1/11/2016 16:00,0.3,965.2,62.2,298,66
1/11/2016 17:00,0.3,965.1,61.3,298,69
1/11/2016 18:00,-0.1,964.6,61.9,298,69
1/11/2016 19:00,0.0,964.3,61.0,298,66
1/11/2016 20:00,0.0,964.1,62.6,298,66
1/11/2016 21:00,0.1,963.8,62.6,298,65
1/11/2016 22:00,0.1,963.0,61.3,298,62
1/11/2016 23:00,0.0,962.6,61.3,298,59
1/12/2016 0:00,-0.3,962.3,61.7,298,59
1/12/2016 1:00,-0.5,961.8,61.9,301,59
1/12/2016 2:00,-0.8,961.9,61.9,301,55
1/12/2016 3:00,-1.0,961.7,59.2,301,50
1/12/2016 4:00,-0.7,962.2,61.9,298,47
1/12/2016 5:00,-0.3,961.9,62.6,298,45
1/12/2016 6:00,-0.1,961.4,61.9,298,47
1/12/2016 7:00,0.4,961.7,61.9,298,48
1/12/2016 8:00,0.5,962.1,63.3,298,48
1/12/2016 9:00,0.5,961.7,62.6,298,50
1/12/2016 10:00,1.1,962.3,62.3,298,47
1/12/2016 11:00,1.8,962.4,63.9,298,49
1/12/2016 12:00,2.3,962.5,63.3,298,52
1/12/2016 13:00,2.4,962.6,63.9,298,52
1/12/2016 14:00,2.2,962.8,62.6,298,51
1/12/2016 15:00,2.1,963.5,64.0,298,53
1/12/2016 16:00,2.1,963.4,63.2,301,46
1/12/2016 17:00,1.8,964.1,63.3,301,49
1/12/2016 18:00,1.5,964.8,58.5,297,52
1/12/2016 19:00,1.1,965.0,60.9,298,51
1/12/2016 20:00,0.8,965.4,62.6,298,51
1/12/2016 21:00,0.4,966.0,62.6,298,51
1/12/2016 22:00,0.4,965.9,62.8,298,47
1/12/2016 23:00,0.7,966.1,61.3,298,44
1/13/2016 0:00,0.4,966.1,61.9,298,39
1/13/2016 1:00,0.0,966.9,61.2,298,41
1/13/2016 2:00,0.3,966.9,61.9,298,38
1/13/2016 3:00,0.0,967.6,61.3,298,37
1/13/2016 4:00,0.8,967.9,61.9,298,35
1/13/2016 5:00,0.6,968.3,61.3,298,40
1/13/2016 6:00,1.5,969.1,61.2,299,38
1/13/2016 7:00,1.7,969.5,61.9,300,40
1/13/2016 8:00,2.7,969.9,61.9,300,35
1/13/2016 9:00,3.6,970.2,58.2,303,38
1/13/2016 10:00,3.9,970.7,62.1,298,37
1/13/2016 11:00,4.6,971.2,62.2,299,36
1/13/2016 12:00,4.2,971.6,61.9,299,39
1/13/2016 13:00,4.1,972.0,57.5,299,41
1/13/2016 14:00,4.2,972.5,43.6,299,43
1/13/2016 15:00,4.2,973.0,63.9,298,42
1/13/2016 16:00,4.0,973.5,63.2,298,47
1/13/2016 17:00,3.8,974.0,63.3,298,49
1/13/2016 18:00,3.1,974.4,63.3,298,49
1/13/2016 19:00,2.7,975.0,63.3,298,49
1/13/2016 20:00,2.0,975.6,63.9,298,48
1/13/2016 21:00,1.1,976.0,63.3,298,49
1/13/2016 22:00,0.5,976.4,63.2,300,47
1/13/2016 23:00,-0.2,976.6,62.6,300,44
1/14/2016 0:00,-0.9,976.7,62.6,300,44
1/14/2016 1:00,-1.8,976.7,63.4,295,45
1/14/2016 2:00,-2.0,977.0,62.5,300,39
1/14/2016 3:00,-2.2,977.4,62.6,299,38
1/14/2016 4:00,-2.1,977.7,62.6,299,38
1/14/2016 5:00,-1.9,978.0,44.1,313,39
1/14/2016 6:00,-1.1,977.9,61.9,297,41
1/14/2016 7:00,0.1,978.0,62.6,298,38
1/14/2016 8:00,0.7,978.1,62.6,298,40
1/14/2016 9:00,1.9,978.2,63.2,298,33
1/14/2016 10:00,2.5,978.2,63.9,298,34
1/14/2016 11:00,2.5,978.2,63.3,298,34
1/14/2016 12:00,2.1,978.0,62.6,298,40
1/14/2016 13:00,3.1,978.0,66.0,298,38
1/14/2016 14:00,2.4,977.8,63.2,299,39
1/14/2016 15:00,2.0,977.5,62.7,299,45
1/14/2016 16:00,1.4,977.5,61.2,297,44
1/14/2016 17:00,0.5,977.3,66.1,299,43
1/14/2016 18:00,0.0,977.0,63.2,300,42
1/14/2016 19:00,-0.3,976.5,62.6,300,44
1/14/2016 20:00,-0.8,976.4,58.7,299,48
1/14/2016 21:00,-0.8,976.3,61.3,294,47
1/14/2016 22:00,-1.3,976.0,63.3,298,57
1/14/2016 23:00,-1.6,975.9,63.3,298,54
1/15/2016 0:00,-2.8,975.5,63.3,298,60
1/15/2016 1:00,-2.1,975.0,62.3,298,46
1/15/2016 2:00,-2.1,974.8,61.9,298,46
1/15/2016 3:00,-2.1,974.4,61.3,298,47
1/15/2016 4:00,-1.6,973.4,61.9,298,45
1/15/2016 5:00,-1.2,972.8,61.3,298,45
1/15/2016 6:00,-1.0,972.3,63.1,299,43
1/15/2016 7:00,-0.8,972.4,61.3,299,47
1/15/2016 8:00,-0.4,971.7,61.9,299,48
1/15/2016 9:00,0.4,971.3,61.1,300,47
1/15/2016 10:00,1.3,971.4,67.0,299,39
1/15/2016 11:00,1.8,971.2,62.6,300,35
1/15/2016 12:00,2.2,970.3,62.6,300,30
1/15/2016 13:00,3.0,969.4,40.6,306,38
1/15/2016 14:00,2.6,968.8,62.6,300,43
1/15/2016 15:00,1.4,968.1,62.6,298,38
1/15/2016 16:00,1.3,967.7,61.9,298,44
1/15/2016 17:00,0.6,967.2,61.9,298,51
1/15/2016 18:00,0.2,967.2,63.9,298,50
1/15/2016 19:00,-0.2,967.0,63.3,298,53
1/15/2016 20:00,-0.5,966.9,63.3,298,52
1/15/2016 21:00,-0.3,966.8,63.9,298,48
1/15/2016 22:00,-1.0,966.8,63.2,298,55
1/15/2016 23:00,-1.0,967.0,61.9,298,53
1/16/2016 0:00,-0.9,966.9,63.3,298,50
1/16/2016 1:00,-1.1,967.2,63.3,298,52
1/16/2016 2:00,-1.2,967.6,67.7,299,51
1/16/2016 3:00,-1.5,967.6,63.1,301,54
1/16/2016 4:00,-1.3,967.4,62.6,301,51
1/16/2016 5:00,-1.0,967.5,62.6,301,50
1/16/2016 6:00,-0.6,967.9,24.4,312,49
1/16/2016 7:00,-0.6,968.2,63.3,298,45
1/16/2016 8:00,0.4,968.4,62.6,298,40
1/16/2016 9:00,0.6,968.7,63.3,298,37
1/16/2016 10:00,1.0,969.0,63.3,298,36
1/16/2016 11:00,1.5,969.3,61.3,298,37
1/16/2016 12:00,0.5,969.5,61.3,298,36
1/16/2016 13:00,0.9,969.5,61.3,298,38
1/16/2016 14:00,1.4,969.6,61.3,298,36
1/16/2016 15:00,0.8,969.4,61.3,298,42
1/16/2016 16:00,1.0,969.4,62.6,298,37
1/16/2016 17:00,0.5,969.3,61.9,298,42
1/16/2016 18:00,0.1,969.2,61.3,298,45
1/16/2016 19:00,-0.2,969.3,58.5,299,43
1/16/2016 20:00,-0.2,969.5,65.1,299,41
1/16/2016 21:00,-0.7,970.0,61.6,301,41
1/16/2016 22:00,-1.0,970.3,57.6,299,44
1/16/2016 23:00,-1.7,970.4,60.8,297,47
1/17/2016 0:00,-1.9,970.2,61.9,298,47
1/17/2016 1:00,-2.1,970.1,61.9,298,45
1/17/2016 2:00,-2.3,969.9,61.9,298,45
1/17/2016 3:00,-2.1,969.5,63.9,298,44
1/17/2016 4:00,-2.1,969.4,63.9,298,48
1/17/2016 5:00,-1.4,969.1,63.3,298,41
1/17/2016 6:00,-1.0,968.7,63.2,299,36
1/17/2016 7:00,-0.6,968.3,62.6,298,33
1/17/2016 8:00,-0.7,968.0,63.9,298,40
1/17/2016 9:00,-0.2,967.4,63.9,298,40
1/17/2016 10:00,-0.4,967.0,63.3,298,40
1/17/2016 11:00,-1.1,966.6,63.3,298,45
1/17/2016 12:00,-1.0,965.3,57.5,299,48
1/17/2016 13:00,-0.9,964.5,62.6,301,50
1/17/2016 14:00,-0.9,963.7,62.6,301,52
1/17/2016 15:00,-1.2,962.9,47.3,295,56
1/17/2016 16:00,-1.8,962.1,41.0,284,53
1/17/2016 17:00,-2.2,961.9,63.3,298,57
1/17/2016 18:00,-2.4,961.2,63.3,298,59
1/17/2016 19:00,-3.0,960.2,62.6,298,60
1/17/2016 20:00,-3.3,960.2,62.6,298,62
1/17/2016 21:00,-3.6,960.1,61.3,298,64
1/17/2016 22:00,-3.7,959.7,61.9,298,67
1/17/2016 23:00,-3.4,958.7,61.9,298,63
1/18/2016 0:00,-3.5,958.6,61.9,298,63
1/18/2016 1:00,-3.7,958.1,62.6,298,66
1/18/2016 2:00,-3.3,956.5,62.6,298,60
1/18/2016 3:00,-2.9,956.3,61.2,299,58
1/18/2016 4:00,-2.8,956.7,57.1,300,56
1/18/2016 5:00,-2.3,956.4,62.6,301,52
1/18/2016 6:00,-2.3,957.1,62.4,302,56
1/18/2016 7:00,-1.6,956.7,39.9,307,51
1/18/2016 8:00,-1.4,956.8,61.9,298,52
1/18/2016 9:00,-1.1,956.9,62.6,298,52
1/18/2016 10:00,-0.3,956.9,61.9,298,48
1/18/2016 11:00,-0.3,956.8,63.3,298,54
1/18/2016 12:00,-0.7,956.8,62.6,298,59
1/18/2016 13:00,-0.3,957.6,63.3,298,56
1/18/2016 14:00,-0.1,958.2,62.6,298,55
1/18/2016 15:00,0.1,958.3,63.9,298,55
1/18/2016 16:00,0.0,958.7,63.9,298,55
1/18/2016 17:00,-0.3,959.5,63.8,298,57
1/18/2016 18:00,-0.2,960.0,66.5,298,55
1/18/2016 19:00,-0.5,960.5,63.7,300,58
1/18/2016 20:00,0.2,960.9,62.6,301,48
1/18/2016 21:00,0.2,961.3,45.8,305,48
1/18/2016 22:00,0.2,961.1,42.0,281,43
1/18/2016 23:00,0.2,961.5,63.3,298,43
1/19/2016 0:00,0.2,962.1,63.3,298,41
1/19/2016 1:00,0.0,962.8,63.3,298,42
1/19/2016 2:00,-0.3,963.3,60.9,298,43
1/19/2016 3:00,-0.6,963.8,61.3,298,40
1/19/2016 4:00,-0.6,964.1,61.3,298,37
1/19/2016 5:00,-0.3,964.6,61.9,298,36
1/19/2016 6:00,0.0,965.1,61.3,298,32
1/19/2016 7:00,0.6,965.1,61.9,298,34
1/19/2016 8:00,1.6,965.0,61.3,298,35
1/19/2016 9:00,1.9,965.2,57.4,299,33
1/19/2016 10:00,2.0,965.3,62.6,301,29
1/19/2016 11:00,2.4,965.2,61.9,301,30
1/19/2016 12:00,2.8,965.4,56.1,297,33
1/19/2016 13:00,2.3,965.3,61.6,299,34
1/19/2016 14:00,2.0,965.1,62.6,298,38
1/19/2016 15:00,1.8,964.5,62.6,298,39
1/19/2016 16:00,1.8,964.3,62.8,298,36
1/19/2016 17:00,1.6,964.3,63.9,298,38
1/19/2016 18:00,1.0,964.5,63.2,298,50
1/19/2016 19:00,0.6,964.9,63.2,298,46
1/19/2016 20:00,-0.3,964.7,63.9,298,48
1/19/2016 21:00,-0.3,964.8,63.3,298,43
1/19/2016 22:00,-0.7,964.8,63.3,298,43
1/19/2016 23:00,-0.9,965.1,63.3,298,43
1/20/2016 0:00,-1.0,965.1,59.5,298,42
1/20/2016 1:00,-0.7,965.3,63.1,300,39
1/20/2016 2:00,-0.8,965.4,63.3,301,42
1/20/2016 3:00,-1.4,964.9,63.3,301,38
1/20/2016 4:00,-1.8,965.1,16.7,273,40
1/20/2016 5:00,-1.5,965.1,62.6,298,43
1/20/2016 6:00,-0.2,965.7,62.7,299,38
1/20/2016 7:00,0.5,966.4,62.6,298,38
1/20/2016 8:00,0.7,966.8,61.3,298,35
1/20/2016 9:00,1.0,967.3,61.9,298,37
1/20/2016 10:00,1.5,967.8,61.9,298,40
1/20/2016 11:00,2.2,968.1,61.2,298,41
1/20/2016 12:00,1.5,968.5,61.9,298,43
1/20/2016 13:00,1.4,968.9,61.9,298,47
1/20/2016 14:00,1.2,969.1,61.9,298,47
1/20/2016 15:00,1.1,969.1,62.0,298,49
1/20/2016 16:00,1.2,969.0,61.0,299,49
1/20/2016 17:00,1.0,969.3,62.3,301,53
1/20/2016 18:00,1.2,969.4,62.6,301,52
1/20/2016 19:00,0.8,969.6,44.5,295,57
1/20/2016 20:00,0.6,969.8,60.8,294,57
1/20/2016 21:00,0.1,970.2,62.6,298,58
1/20/2016 22:00,-0.4,970.3,61.9,298,61
1/20/2016 23:00,-0.6,970.3,62.7,298,65
1/21/2016 0:00,-0.6,970.0,63.1,298,59
1/21/2016 1:00,-0.3,969.6,62.6,298,55
1/21/2016 2:00,-0.4,969.6,63.3,298,54
1/21/2016 3:00,-0.6,969.4,63.1,298,56
1/21/2016 4:00,-0.6,969.1,63.3,298,45
1/21/2016 5:00,-0.8,968.8,63.9,298,43
1/21/2016 6:00,-1.0,968.7,63.9,298,42
1/21/2016 7:00,-1.0,968.7,63.3,298,42
1/21/2016 8:00,-0.4,968.7,64.5,298,47
1/21/2016 9:00,0.2,968.3,62.9,301,39
1/21/2016 10:00,0.9,968.3,62.6,301,40
1/21/2016 11:00,1.5,968.2,47.9,305,40
1/21/2016 12:00,2.0,967.9,30.9,325,39
1/21/2016 13:00,1.8,967.7,62.6,298,38
1/21/2016 14:00,2.2,967.5,62.6,298,37
1/21/2016 15:00,3.0,967.0,63.3,298,35
1/21/2016 16:00,1.9,966.5,63.3,298,45
1/21/2016 17:00,2.7,966.1,62.6,298,34
1/21/2016 18:00,1.9,965.9,61.9,298,40
1/21/2016 19:00,1.0,965.7,61.9,298,51
1/21/2016 20:00,0.7,965.4,61.3,298,52
1/21/2016 21:00,-0.7,965.1,61.9,298,55
1/21/2016 22:00,-0.9,964.7,62.6,298,51
1/21/2016 23:00,-2.1,964.2,61.3,298,51
1/22/2016 0:00,-3.2,963.9,61.9,298,49
1/22/2016 1:00,-3.7,963.3,75.6,299,47
1/22/2016 2:00,-4.1,962.9,61.9,301,46
1/22/2016 3:00,-3.9,962.4,62.4,297,42
1/22/2016 4:00,-4.4,961.9,61.9,298,42
1/22/2016 5:00,-3.6,961.7,61.9,298,36
1/22/2016 6:00,-3.1,962.0,62.6,298,37
1/22/2016 7:00,-2.3,962.2,62.5,298,43
1/22/2016 8:00,-1.3,962.1,63.3,298,38
1/22/2016 9:00,-0.9,962.1,63.3,298,38
1/22/2016 10:00,-0.1,962.4,63.3,299,35
1/22/2016 11:00,0.0,962.5,62.6,298,38
1/22/2016 12:00,-0.2,962.6,62.6,298,38
1/22/2016 13:00,0.6,962.6,63.3,298,39
1/22/2016 14:00,1.0,962.6,63.9,298,37
1/22/2016 15:00,-0.3,962.5,63.3,298,38
1/22/2016 16:00,-0.7,962.5,46.7,299,40
1/22/2016 17:00,-0.5,962.7,62.6,300,43
1/22/2016 18:00,-1.3,963.1,63.3,301,42
1/22/2016 19:00,-1.5,963.2,62.3,302,50
1/22/2016 20:00,-2.2,963.1,56.2,300,52
1/22/2016 21:00,-3.1,963.3,61.7,293,50
1/22/2016 22:00,-3.5,963.3,63.3,298,50
1/22/2016 23:00,-4.2,963.3,61.9,298,51
1/23/2016 0:00,-3.3,963.1,61.2,298,45
1/23/2016 1:00,-3.7,963.3,61.9,298,43
1/23/2016 2:00,-3.6,963.4,61.3,298,45
1/23/2016 3:00,-3.0,963.5,61.9,298,49
1/23/2016 4:00,-2.7,964.0,61.3,298,51
1/23/2016 5:00,-2.7,964.2,61.9,298,51
1/23/2016 6:00,-2.9,964.6,60.7,298,54
1/23/2016 7:00,-1.6,964.7,61.9,301,52
1/23/2016 8:00,-0.8,965.0,61.9,301,51
1/23/2016 9:00,0.4,965.2,43.8,297,42
1/23/2016 10:00,1.5,965.2,35.0,282,35
1/23/2016 11:00,2.8,965.3,62.6,298,37
1/23/2016 12:00,1.3,965.5,61.9,298,47
1/23/2016 13:00,1.3,965.6,61.9,298,47
1/23/2016 14:00,0.8,965.9,62.0,298,48
1/23/2016 15:00,0.6,966.2,62.6,298,53
1/23/2016 16:00,-0.7,966.3,63.9,298,63
1/23/2016 17:00,-0.6,966.2,63.9,298,54
1/23/2016 18:00,-0.6,966.3,63.8,298,60
1/23/2016 19:00,-1.0,966.6,63.9,298,62
1/23/2016 20:00,-0.7,966.8,63.3,298,58
1/23/2016 21:00,-1.2,966.7,63.9,298,61
1/23/2016 22:00,-1.8,966.7,62.6,298,53
1/23/2016 23:00,-2.2,966.9,63.2,298,50
1/24/2016 0:00,-2.9,967.0,60.2,300,51
1/24/2016 1:00,-4.0,966.9,63.1,301,51
1/24/2016 2:00,-4.3,967.0,63.3,298,46
1/24/2016 3:00,-4.5,967.0,61.9,298,44
1/24/2016 4:00,-3.9,967.1,61.3,298,39
1/24/2016 5:00,-3.5,967.0,62.6,298,43
1/24/2016 6:00,-3.0,967.0,61.3,298,45
1/24/2016 7:00,-2.0,967.4,61.3,298,43
1/24/2016 8:00,-0.7,967.5,61.3,298,40
1/24/2016 9:00,0.1,967.6,61.3,298,39
1/24/2016 10:00,1.2,967.6,61.3,298,44
1/24/2016 11:00,2.4,967.7,64.4,300,38
1/24/2016 12:00,3.0,967.8,61.9,301,39
1/24/2016 13:00,3.7,967.9,61.1,302,38
1/24/2016 14:00,2.9,968.0,55.4,303,43
1/24/2016 15:00,2.5,968.0,56.5,291,47
1/24/2016 16:00,2.6,967.9,61.9,298,40
1/24/2016 17:00,2.1,967.8,61.9,298,34
1/24/2016 18:00,2.2,967.7,61.9,298,45
1/24/2016 19:00,1.1,968.0,62.5,298,50
1/24/2016 20:00,0.1,968.1,63.9,298,45
1/24/2016 21:00,-1.2,968.2,63.3,298,50
1/24/2016 22:00,-2.9,968.2,63.9,298,52
1/24/2016 23:00,-3.3,968.1,63.9,298,50
1/25/2016 0:00,-3.5,968.0,63.3,298,46
1/25/2016 1:00,-4.1,967.9,58.9,299,45
1/25/2016 2:00,-3.9,967.8,58.8,296,40
1/25/2016 3:00,-3.5,967.7,49.2,289,38
1/25/2016 4:00,-3.8,967.6,63.2,299,41
1/25/2016 5:00,-3.7,967.6,63.2,299,40
1/25/2016 6:00,-3.1,967.5,63.2,299,43
1/25/2016 7:00,-1.9,967.6,62.5,297,44
1/25/2016 8:00,-0.4,967.8,61.2,297,50
1/25/2016 9:00,0.3,967.7,61.9,298,42
1/25/2016 10:00,1.0,967.6,61.3,298,40
1/25/2016 11:00,1.8,967.5,61.2,298,39
1/25/2016 12:00,2.6,967.6,62.6,298,40
1/25/2016 13:00,2.6,967.5,61.9,298,39
1/25/2016 14:00,0.3,967.6,61.3,298,51
1/25/2016 15:00,-0.6,967.6,61.9,298,71
1/25/2016 16:00,0.0,967.6,61.3,298,62
1/25/2016 17:00,0.5,967.7,58.1,299,60
1/25/2016 18:00,-1.1,967.8,61.3,300,66
1/25/2016 19:00,-2.0,968.0,61.3,300,70
1/25/2016 20:00,-2.4,968.1,58.4,294,75
1/25/2016 21:00,-3.4,968.3,39.7,291,76
1/25/2016 22:00,-3.6,968.3,62.4,299,76
1/25/2016 23:00,-4.3,968.5,61.9,299,79
1/26/2016 0:00,-4.5,968.4,63.9,298,77
1/26/2016 1:00,-5.0,968.5,63.2,300,81
1/26/2016 2:00,-5.2,968.6,61.0,298,81
1/26/2016 3:00,-4.9,968.6,60.3,301,79
1/26/2016 4:00,-4.6,968.4,62.6,298,77
1/26/2016 5:00,-4.6,968.4,62.6,298,75
1/26/2016 6:00,-3.7,968.6,62.6,298,64
1/26/2016 7:00,-3.6,968.6,63.2,298,66
1/26/2016 8:00,-2.9,968.8,61.9,298,66
1/26/2016 9:00,-1.7,968.8,61.9,298,61
1/26/2016 10:00,-1.1,968.8,61.3,298,57
1/26/2016 11:00,-0.9,968.9,61.8,298,51
1/26/2016 12:00,-0.3,969.0,64.8,299,49
1/26/2016 13:00,-2.0,969.0,61.3,299,57
1/26/2016 14:00,-0.6,969.0,61.9,299,57
1/26/2016 15:00,-1.5,969.1,59.3,298,62
1/26/2016 16:00,-1.4,969.2,59.4,298,62
1/26/2016 17:00,-3.1,969.6,62.8,300,74
1/26/2016 18:00,-4.0,969.8,61.9,300,76
1/26/2016 19:00,-4.0,970.0,61.9,300,76
1/26/2016 20:00,-4.2,970.3,60.5,301,75
1/26/2016 21:00,-4.3,970.8,62.4,299,79
1/26/2016 22:00,-4.2,971.0,63.9,298,80
1/26/2016 23:00,-4.5,971.2,63.2,299,79
1/27/2016 0:00,-4.5,971.4,56.8,298,78
1/27/2016 1:00,-5.1,971.7,60.1,297,78
1/27/2016 2:00,-5.2,972.0,63.3,298,79
1/27/2016 3:00,-5.7,972.4,61.3,298,83
1/27/2016 4:00,-5.8,972.6,61.8,298,77
1/27/2016 5:00,-7.3,973.2,61.9,298,78
1/27/2016 6:00,-7.5,973.5,61.3,298,80
1/27/2016 7:00,-7.5,974.1,61.3,299,82
1/27/2016 8:00,-6.2,974.4,61.3,299,67
1/27/2016 9:00,-5.8,975.0,61.7,299,71
1/27/2016 10:00,-4.2,975.2,59.6,303,62
1/27/2016 11:00,-3.5,975.5,59.2,303,61
1/27/2016 12:00,-3.0,975.6,62.6,300,60
1/27/2016 13:00,-1.7,975.7,61.9,300,56
1/27/2016 14:00,-1.0,975.5,22.7,290,55
1/27/2016 15:00,-0.5,975.5,37.9,311,54
1/27/2016 16:00,-0.9,975.5,61.9,298,54
1/27/2016 17:00,-1.9,975.8,62.6,298,61
1/27/2016 18:00,-2.4,975.8,61.9,298,64
1/27/2016 19:00,-2.7,976.0,62.6,298,66
1/27/2016 20:00,-2.9,976.2,63.9,298,66
1/27/2016 21:00,-3.2,976.6,63.3,298,67
1/27/2016 22:00,-3.5,976.9,63.0,298,67
1/27/2016 23:00,-4.0,976.7,61.8,298,67
1/28/2016 0:00,-4.9,976.8,63.3,301,59
1/28/2016 1:00,-4.5,976.6,63.3,298,53
1/28/2016 2:00,-4.6,976.4,62.0,298,49
1/28/2016 3:00,-4.3,976.4,61.9,298,48
1/28/2016 4:00,-3.9,976.4,61.0,299,44
1/28/2016 5:00,-2.6,976.2,61.3,298,38
1/28/2016 6:00,-3.8,976.1,61.3,298,51
1/28/2016 7:00,-2.0,976.2,61.9,298,48
1/28/2016 8:00,-1.0,976.1,63.3,298,37
1/28/2016 9:00,-0.5,975.9,63.9,298,40
1/28/2016 10:00,1.3,975.6,63.1,299,39
1/28/2016 11:00,1.7,975.2,62.6,301,37
1/28/2016 12:00,1.1,974.8,63.3,301,41
1/28/2016 13:00,1.3,974.1,53.4,295,44
1/28/2016 14:00,1.1,973.2,55.7,289,45
1/28/2016 15:00,1.4,972.5,63.1,298,45
1/28/2016 16:00,1.0,971.8,63.3,298,45
1/28/2016 17:00,0.7,971.1,63.3,298,38
1/28/2016 18:00,0.5,970.5,63.2,298,34
1/28/2016 19:00,0.2,970.1,61.3,298,37
1/28/2016 20:00,-1.4,969.3,61.9,298,56
1/28/2016 21:00,-3.2,968.8,61.3,298,58
1/28/2016 22:00,-3.4,968.2,61.9,298,55
1/28/2016 23:00,-3.7,967.9,61.3,298,48
1/29/2016 0:00,-3.6,967.2,61.9,301,47
1/29/2016 1:00,-5.7,966.2,62.6,298,50
1/29/2016 2:00,-5.3,965.1,63.3,298,42
1/29/2016 3:00,-3.5,964.4,63.7,298,40
1/29/2016 4:00,-3.2,963.5,63.9,298,43
1/29/2016 5:00,-2.3,962.7,63.9,298,41
1/29/2016 6:00,-1.8,962.1,63.9,298,42
1/29/2016 7:00,-1.7,961.2,63.9,298,46
1/29/2016 8:00,-2.3,960.5,62.6,298,57
1/29/2016 9:00,0.4,959.5,65.8,299,46
1/29/2016 10:00,1.5,958.3,63.0,298,45
1/29/2016 11:00,1.1,957.0,62.2,300,52
1/29/2016 12:00,0.9,956.1,63.3,301,52
1/29/2016 13:00,0.8,955.0,58.1,305,53
1/29/2016 14:00,0.9,953.8,62.7,296,54
1/29/2016 15:00,0.5,952.6,63.3,298,57
1/29/2016 16:00,-0.3,951.6,62.6,298,63
1/29/2016 17:00,-0.4,950.7,63.3,298,64
1/29/2016 18:00,0.2,949.8,62.3,298,61
1/29/2016 19:00,-0.6,949.1,61.9,298,65
1/29/2016 20:00,-1.4,948.4,61.9,298,55
1/29/2016 21:00,-2.8,947.9,62.4,298,60
1/29/2016 22:00,-3.0,947.6,62.3,298,61
1/29/2016 23:00,-4.0,947.6,61.3,298,72
1/30/2016 0:00,-5.3,947.5,61.3,298,73
1/30/2016 1:00,-7.0,947.3,40.1,314,76
1/30/2016 2:00,-8.8,947.4,62.6,298,77
1/30/2016 3:00,-10.0,947.6,62.6,298,79
1/30/2016 4:00,-10.4,947.8,63.3,298,79
1/30/2016 5:00,-10.0,948.2,62.5,300,79
1/30/2016 6:00,-9.6,948.7,63.3,301,78
1/30/2016 7:00,-7.3,949.3,44.8,315,67
1/30/2016 8:00,-6.9,949.7,55.5,291,70
1/30/2016 9:00,-5.8,950.3,63.3,298,67
1/30/2016 10:00,-5.4,950.9,62.6,298,68
1/30/2016 11:00,-3.7,951.5,62.6,298,65
1/30/2016 12:00,-3.3,952.0,61.9,298,64
1/30/2016 13:00,-3.7,952.4,61.3,298,65
1/30/2016 14:00,-2.6,952.5,61.9,298,62
1/30/2016 15:00,-1.5,952.8,61.3,298,63
1/30/2016 16:00,-2.8,953.1,62.6,298,58
1/30/2016 17:00,-4.5,953.9,62.6,298,65
1/30/2016 18:00,-4.3,954.4,61.9,298,63
1/30/2016 19:00,-4.5,954.9,61.9,298,67
1/30/2016 20:00,-4.6,955.4,61.9,298,68
1/30/2016 21:00,-4.8,955.8,59.4,300,71
1/30/2016 22:00,-5.4,956.1,19.3,287,72
1/30/2016 23:00,-5.8,956.5,62.6,298,66
1/31/2016 0:00,-5.6,956.7,63.9,298,66
1/31/2016 1:00,-5.8,957.3,63.9,298,66
1/31/2016 2:00,-6.5,957.6,66.7,299,68
1/31/2016 3:00,-6.3,958.1,42.7,308,71
1/31/2016 4:00,-6.4,958.8,62.6,298,73
1/31/2016 5:00,-6.0,959.4,61.9,298,72
1/31/2016 6:00,-5.0,959.8,61.9,298,70
1/31/2016 7:00,-4.3,960.4,61.9,298,68
1/31/2016 8:00,-4.0,960.7,61.9,298,67
1/31/2016 9:00,-2.6,961.2,61.9,298,62
1/31/2016 10:00,-3.1,961.7,61.3,298,67
1/31/2016 11:00,-2.6,962.2,61.9,298,65
1/31/2016 12:00,-2.1,962.7,61.9,298,62
1/31/2016 13:00,-1.5,963.2,62.6,298,61
1/31/2016 14:00,-1.1,963.9,60.3,299,60
1/31/2016 15:00,-1.2,964.4,62.6,301,61
1/31/2016 16:00,-2.1,964.8,62.6,301,63
1/31/2016 17:00,-2.2,965.4,52.0,292,64
1/31/2016 18:00,-2.7,965.9,21.9,290,65
1/31/2016 19:00,-3.4,966.3,61.9,298,69
1/31/2016 20:00,-3.5,966.6,61.9,298,72
1/31/2016 21:00,-3.5,966.7,62.8,298,71
1/31/2016 22:00,-3.1,967.0,63.9,298,69
1/31/2016 23:00,-3.1,967.5,63.3,298,69
2/1/2016 0:00,-3.3,967.6,63.3,298,72
2/1/2016 1:00,-3.4,967.9,62.4,299,70
2/1/2016 2:00,-3.9,967.9,63.9,298,73
2/1/2016 3:00,-3.7,967.8,64.7,298,67
2/1/2016 4:00,-2.8,968.0,60.0,299,61
2/1/2016 5:00,-3.0,968.5,62.6,301,63
2/1/2016 6:00,-3.0,968.8,63.3,301,64
2/1/2016 7:00,-2.7,969.0,58.6,301,64
2/1/2016 8:00,-2.1,969.2,13.8,307,65
2/1/2016 9:00,-1.6,969.6,63.3,298,64
2/1/2016 10:00,-1.2,969.7,63.2,298,65
2/1/2016 11:00,-0.8,970.0,62.6,298,64
2/1/2016 12:00,-0.8,970.2,63.3,298,69
2/1/2016 13:00,-0.9,970.3,61.9,298,68
2/1/2016 14:00,-0.9,970.2,62.6,298,68
2/1/2016 15:00,-1.0,970.1,62.6,298,72
2/1/2016 16:00,-1.1,970.0,61.9,298,72
2/1/2016 17:00,-1.2,969.9,61.3,298,74
2/1/2016 18:00,-1.5,970.0,61.9,298,71
2/1/2016 19:00,-1.8,970.1,61.3,298,69
2/1/2016 20:00,-2.2,970.1,61.9,298,71
2/1/2016 21:00,-2.6,970.1,61.9,298,72
2/1/2016 22:00,-2.8,970.1,61.6,299,71
2/1/2016 23:00,-3.0,969.8,59.8,298,71
2/2/2016 0:00,-3.1,969.6,61.9,301,70
2/2/2016 1:00,-3.0,969.4,39.3,298,69
2/2/2016 2:00,-3.0,969.1,26.5,283,72
2/2/2016 3:00,-2.9,968.5,61.9,298,69
2/2/2016 4:00,-2.9,968.5,62.6,298,71
2/2/2016 5:00,-2.8,968.2,62.6,298,68
2/2/2016 6:00,-2.5,968.4,62.1,298,65
2/2/2016 7:00,-2.5,968.6,63.3,298,71
2/2/2016 8:00,-2.5,968.8,63.9,298,74
2/2/2016 9:00,-2.1,968.8,62.6,298,72
2/2/2016 10:00,-2.0,968.7,63.9,298,74
2/2/2016 11:00,-1.4,968.6,63.9,298,68
2/2/2016 12:00,-0.9,968.7,63.9,298,66
2/2/2016 13:00,-0.4,968.6,61.9,298,65
2/2/2016 14:00,-0.4,968.5,63.3,298,67
2/2/2016 15:00,-0.1,968.5,60.7,299,64
2/2/2016 16:00,0.0,968.5,63.4,301,62
2/2/2016 17:00,-0.5,968.6,63.3,301,61
2/2/2016 18:00,-0.7,968.6,42.2,303,61
2/2/2016 19:00,-1.2,969.0,45.4,284,59
2/2/2016 20:00,-1.5,969.2,62.6,298,57
2/2/2016 21:00,-2.3,969.3,63.3,298,54
2/2/2016 22:00,-2.6,969.3,62.6,298,52
2/2/2016 23:00,-2.7,969.2,61.8,298,51
2/3/2016 0:00,-3.0,969.3,62.6,298,53
2/3/2016 1:00,-2.8,969.6,61.9,298,51
2/3/2016 2:00,-3.0,969.4,61.3,298,52
2/3/2016 3:00,-2.7,969.2,61.9,298,53
2/3/2016 4:00,-2.2,969.2,61.9,298,51
2/3/2016 5:00,-1.9,969.4,61.3,298,48
2/3/2016 6:00,-1.4,969.6,62.6,298,47
2/3/2016 7:00,-0.9,969.9,61.3,298,48
2/3/2016 8:00,-0.5,969.9,62.3,301,44
2/3/2016 9:00,0.4,970.2,62.1,301,47
2/3/2016 10:00,1.1,970.3,48.2,304,46
2/3/2016 11:00,1.7,970.5,37.8,285,46
2/3/2016 12:00,2.1,970.8,61.9,298,44
2/3/2016 13:00,2.4,970.8,61.9,298,42
2/3/2016 14:00,2.1,971.0,62.6,298,47
2/3/2016 15:00,2.5,971.2,63.2,298,50
2/3/2016 16:00,1.5,971.2,63.3,298,56
2/3/2016 17:00,1.1,971.4,63.3,298,55
2/3/2016 18:00,0.5,971.7,62.6,298,56
2/3/2016 19:00,0.2,972.1,62.6,298,56
2/3/2016 20:00,-0.8,972.1,63.3,298,56
2/3/2016 21:00,-1.0,972.2,63.9,298,48
2/3/2016 22:00,-1.1,972.4,63.3,298,48
2/3/2016 23:00,-1.9,972.6,63.9,298,43
2/4/2016 0:00,-2.0,972.7,56.6,299,43
2/4/2016 1:00,-2.1,972.9,63.2,301,40
2/4/2016 2:00,-2.3,972.8,62.6,301,39
2/4/2016 3:00,-2.4,972.7,63.3,301,38
2/4/2016 4:00,-2.3,972.8,57.5,297,38
2/4/2016 5:00,-2.0,973.0,61.5,303,39
2/4/2016 6:00,-1.7,973.1,63.3,298,38
2/4/2016 7:00,-0.8,973.1,63.1,298,38
2/4/2016 8:00,-0.5,973.3,62.6,298,38
2/4/2016 9:00,-0.3,973.6,62.1,298,41
2/4/2016 10:00,0.2,973.7,61.3,298,44
2/4/2016 11:00,0.6,973.6,61.9,298,37
2/4/2016 12:00,0.7,973.6,61.3,298,40
2/4/2016 13:00,0.6,973.5,63.3,298,44
2/4/2016 14:00,0.4,973.4,61.9,298,43
2/4/2016 15:00,0.2,973.0,61.9,298,45
2/4/2016 16:00,-1.0,972.9,63.3,298,49
2/4/2016 17:00,-1.5,972.6,63.9,298,49
2/4/2016 18:00,-2.3,972.5,60.2,298,65
2/4/2016 19:00,-3.8,972.4,66.3,300,84
2/4/2016 20:00,-4.7,972.5,48.2,289,89
2/4/2016 21:00,-5.0,972.3,62.6,298,93
2/4/2016 22:00,-4.8,972.2,61.2,298,94
2/4/2016 23:00,-5.0,971.9,61.3,298,93
2/5/2016 0:00,-5.1,971.8,62.6,301,94
2/5/2016 1:00,-5.0,971.5,53.3,286,95
2/5/2016 2:00,-4.9,971.0,63.1,298,95
2/5/2016 3:00,-5.1,970.8,62.5,298,95
2/5/2016 4:00,-5.2,970.8,63.3,298,95
2/5/2016 5:00,-5.1,970.4,63.3,301,95
2/5/2016 6:00,-5.0,970.4,62.6,298,95
2/5/2016 7:00,-4.9,970.5,61.3,298,95
2/5/2016 8:00,-5.5,970.4,62.6,298,95
2/5/2016 9:00,-4.7,969.6,61.3,298,95
2/5/2016 10:00,-4.8,969.7,57.5,298,95
2/5/2016 11:00,-4.3,969.5,61.7,301,96
2/5/2016 12:00,-4.3,969.5,61.3,301,96
2/5/2016 13:00,-4.1,968.9,59.0,301,96
2/5/2016 14:00,-4.0,968.6,37.3,322,96
2/5/2016 15:00,-4.2,968.3,62.5,298,96
2/5/2016 16:00,-4.2,968.0,62.5,299,96
2/5/2016 17:00,-4.5,967.7,61.2,299,96
2/5/2016 18:00,-4.6,967.7,62.0,297,96
2/5/2016 19:00,-4.5,967.7,63.5,298,96
2/5/2016 20:00,-4.6,967.6,63.9,298,96
2/5/2016 21:00,-4.7,968.1,63.2,300,96
2/5/2016 22:00,-4.7,968.0,63.0,298,96
2/5/2016 23:00,-4.7,968.0,59.9,298,96
2/6/2016 0:00,-4.7,968.1,61.9,298,96
2/6/2016 1:00,-4.8,968.1,61.9,298,96
2/6/2016 2:00,-4.9,967.9,55.6,301,96
2/6/2016 3:00,-4.9,967.6,62.6,299,96
2/6/2016 4:00,-4.8,967.3,63.3,298,96
2/6/2016 5:00,-4.6,967.5,63.3,298,96
2/6/2016 6:00,-4.5,967.4,63.0,298,96
2/6/2016 7:00,-4.1,967.1,59.4,299,96
2/6/2016 8:00,-3.9,966.4,63.3,300,97
2/6/2016 9:00,-3.6,966.1,60.5,305,97
2/6/2016 10:00,-3.4,965.5,28.5,296,97
2/6/2016 11:00,-3.3,965.2,63.1,299,97
2/6/2016 12:00,-3.1,965.4,62.6,299,97
2/6/2016 13:00,-3.0,965.1,61.8,300,97
2/6/2016 14:00,-3.2,964.1,43.3,302,97
2/6/2016 15:00,-3.2,963.0,62.6,298,97
2/6/2016 16:00,-3.1,962.3,61.9,298,97
2/6/2016 17:00,-2.9,962.0,63.2,298,97
2/6/2016 18:00,-2.7,961.8,61.9,298,98
2/6/2016 19:00,-2.5,961.6,61.3,298,98
2/6/2016 20:00,-2.6,961.1,61.3,298,98
2/6/2016 21:00,-2.4,960.7,61.3,298,97
2/6/2016 22:00,-2.1,960.6,61.3,299,97
2/6/2016 23:00,-2.3,960.8,61.9,300,97
2/7/2016 0:00,-2.1,960.4,57.5,302,96
2/7/2016 1:00,-1.5,960.2,37.4,308,96
2/7/2016 2:00,-1.4,960.1,61.7,299,96
2/7/2016 3:00,-1.2,959.4,62.6,299,96
2/7/2016 4:00,-1.6,960.1,61.9,299,96
2/7/2016 5:00,-1.6,960.4,56.4,288,95
2/7/2016 6:00,-2.0,960.7,62.8,296,96
2/7/2016 7:00,-1.9,960.6,63.3,298,93
2/7/2016 8:00,-0.9,960.9,63.3,298,92
2/7/2016 9:00,0.8,961.3,63.9,298,96
2/7/2016 10:00,0.5,961.5,63.3,298,98
2/7/2016 11:00,0.7,961.8,61.2,298,97
2/7/2016 12:00,0.9,961.7,63.3,298,96
2/7/2016 13:00,0.0,962.1,61.9,299,97
2/7/2016 14:00,0.7,962.4,63.2,299,96
2/7/2016 15:00,0.6,962.3,62.6,299,96
2/7/2016 16:00,0.2,962.6,51.3,312,97
2/7/2016 17:00,-0.5,962.6,64.7,299,94
2/7/2016 18:00,-0.7,962.9,62.6,300,91
2/7/2016 19:00,-1.9,963.3,62.6,300,88
2/7/2016 20:00,-2.9,963.6,51.4,305,87
2/7/2016 21:00,-2.8,964.0,29.5,313,89
2/7/2016 22:00,-2.7,964.0,62.3,298,85
2/7/2016 23:00,-2.0,964.3,61.9,298,81
2/8/2016 0:00,-1.5,964.5,62.6,298,75
2/8/2016 1:00,-2.8,964.8,62.6,298,78
2/8/2016 2:00,-2.0,965.0,63.6,298,75
2/8/2016 3:00,-1.7,965.3,63.3,298,76
2/8/2016 4:00,-2.0,965.7,63.9,298,71
2/8/2016 5:00,-1.4,965.9,62.8,299,77
2/8/2016 6:00,-1.2,966.2,64.6,298,78
2/8/2016 7:00,-1.3,966.8,63.2,299,82
2/8/2016 8:00,-1.0,966.9,61.3,299,80
2/8/2016 9:00,-0.8,967.4,63.3,299,84
2/8/2016 10:00,-0.8,967.3,63.2,298,85
2/8/2016 11:00,-1.0,967.4,59.9,299,86
2/8/2016 12:00,-1.0,967.6,62.9,300,78
2/8/2016 13:00,-0.9,967.6,62.6,300,79
2/8/2016 14:00,-0.9,967.6,59.3,301,81
2/8/2016 15:00,-1.1,967.4,63.2,301,84
2/8/2016 16:00,-1.2,967.2,54.5,307,85
2/8/2016 17:00,-1.3,967.4,62.6,298,85
2/8/2016 18:00,-1.5,967.5,62.6,298,87
2/8/2016 19:00,-1.7,967.5,63.3,298,88
2/8/2016 20:00,-1.7,967.6,61.3,298,90
2/8/2016 21:00,-1.5,967.7,61.9,298,88
2/8/2016 22:00,-1.8,968.1,61.5,298,91
2/8/2016 23:00,-2.1,968.4,61.9,298,91
2/9/2016 0:00,-2.3,968.4,61.3,298,86
2/9/2016 1:00,-2.5,968.4,61.3,298,82
2/9/2016 2:00,-2.7,968.6,61.3,298,83
2/9/2016 3:00,-2.5,968.4,61.3,298,79
2/9/2016 4:00,-2.3,968.4,60.7,299,77
2/9/2016 5:00,-2.3,968.4,63.7,300,78
2/9/2016 6:00,-2.4,968.6,62.6,301,74
2/9/2016 7:00,-2.2,968.9,62.6,301,76
2/9/2016 8:00,-2.1,968.9,41.2,313,77
2/9/2016 9:00,-1.7,969.2,61.9,298,75
2/9/2016 10:00,-1.5,968.9,61.9,298,76
2/9/2016 11:00,-1.1,968.6,61.9,298,73
2/9/2016 12:00,-0.9,968.5,62.6,298,75
2/9/2016 13:00,-0.9,968.7,63.9,298,75
2/9/2016 14:00,-0.8,968.4,63.9,298,74
2/9/2016 15:00,-0.9,967.8,63.3,298,74
2/9/2016 16:00,-0.7,967.3,63.3,298,72
2/9/2016 17:00,-1.0,967.4,63.7,298,73
2/9/2016 18:00,-1.4,967.2,63.3,298,74
2/9/2016 19:00,-1.7,967.4,63.9,298,77
2/9/2016 20:00,-1.7,967.5,62.7,298,74
2/9/2016 21:00,-1.8,967.4,65.8,299,72
2/9/2016 22:00,-1.8,967.3,63.3,301,68
2/9/2016 23:00,-1.4,966.8,63.3,301,65
2/10/2016 0:00,-1.3,966.3,60.5,300,64
2/10/2016 1:00,-1.3,965.6,47.8,311,61
2/10/2016 2:00,-0.8,965.3,61.2,295,54
2/10/2016 3:00,-0.8,964.9,63.3,298,50
2/10/2016 4:00,-1.0,964.6,62.6,298,49
2/10/2016 5:00,-2.1,963.7,62.6,298,58
2/10/2016 6:00,-1.4,962.8,62.6,298,50
2/10/2016 7:00,-1.5,962.2,62.6,298,45
2/10/2016 8:00,-1.9,961.7,61.9,298,49
2/10/2016 9:00,-1.4,961.4,62.6,298,52
2/10/2016 10:00,-0.6,960.4,63.9,298,41
2/10/2016 11:00,0.0,959.6,63.9,298,50
2/10/2016 12:00,1.5,958.8,63.3,298,43
2/10/2016 13:00,3.0,958.0,70.3,299,36
2/10/2016 14:00,2.1,957.1,63.3,301,34
2/10/2016 15:00,2.1,956.5,63.1,301,53
2/10/2016 16:00,0.5,955.4,49.8,303,55
2/10/2016 17:00,-1.1,954.8,36.9,280,55
2/10/2016 18:00,-1.5,954.4,62.6,298,45
2/10/2016 19:00,-1.1,954.1,62.6,298,39
2/10/2016 20:00,-2.8,953.9,62.6,298,46
2/10/2016 21:00,-4.9,953.9,62.6,298,49
2/10/2016 22:00,-3.5,954.3,61.3,298,42
2/10/2016 23:00,-3.7,955.0,61.3,298,40
2/11/2016 0:00,-4.9,955.9,61.9,301,43
2/11/2016 1:00,-4.8,957.1,40.6,288,46
2/11/2016 2:00,-4.6,958.0,63.3,298,40
2/11/2016 3:00,-4.1,958.4,63.3,298,38
2/11/2016 4:00,-4.9,959.2,62.6,298,45
2/11/2016 5:00,-5.0,960.1,62.6,301,47
2/11/2016 6:00,-4.8,960.9,54.3,289,45
2/11/2016 7:00,-4.5,961.9,62.6,298,47
2/11/2016 8:00,-3.5,962.8,62.6,298,44
2/11/2016 9:00,-2.6,963.8,62.6,298,45
2/11/2016 10:00,-1.7,964.7,62.4,298,43
2/11/2016 11:00,-1.1,965.6,61.9,298,48
2/11/2016 12:00,-0.4,966.6,61.3,298,45
2/11/2016 13:00,0.2,967.3,62.6,298,48
2/11/2016 14:00,0.6,967.8,62.1,299,46
2/11/2016 15:00,0.1,968.5,61.3,298,50
2/11/2016 16:00,0.0,969.2,61.3,298,45
2/11/2016 17:00,-0.8,970.1,61.3,298,47
2/11/2016 18:00,-1.9,970.8,61.3,298,45
2/11/2016 19:00,-4.3,971.3,63.5,298,51
2/11/2016 20:00,-5.6,972.0,61.9,301,53
2/11/2016 21:00,-6.4,972.7,61.7,295,57
2/11/2016 22:00,-6.3,973.6,62.6,298,53
2/11/2016 23:00,-6.5,974.2,63.4,299,54
2/12/2016 0:00,-6.1,974.7,63.3,298,51
2/12/2016 1:00,-6.9,974.7,62.5,300,51
2/12/2016 2:00,-7.2,975.1,62.6,298,55
2/12/2016 3:00,-7.6,975.4,62.0,298,56
2/12/2016 4:00,-6.7,976.1,61.9,298,52
2/12/2016 5:00,-6.1,976.4,61.9,298,47
2/12/2016 6:00,-5.9,976.6,62.6,298,60
2/12/2016 7:00,-5.5,976.7,61.9,298,59
2/12/2016 8:00,-4.7,977.1,61.3,298,56
2/12/2016 9:00,-3.5,977.4,61.3,301,50
2/12/2016 10:00,-3.2,977.5,62.1,301,51
2/12/2016 11:00,-1.4,977.5,62.6,301,53
2/12/2016 12:00,-0.9,977.6,61.9,302,51
2/12/2016 13:00,-0.4,977.8,59.1,290,54
2/12/2016 14:00,-1.5,977.3,62.6,298,54
2/12/2016 15:00,-1.3,977.6,62.6,298,57
2/12/2016 16:00,-2.5,977.4,61.9,298,64
2/12/2016 17:00,-3.2,977.7,61.9,298,68
2/12/2016 18:00,-3.1,977.8,62.6,298,66
2/12/2016 19:00,-3.4,977.4,63.9,298,68
2/12/2016 20:00,-2.6,978.0,63.3,298,71
2/12/2016 21:00,-2.6,978.1,63.9,298,73
2/12/2016 22:00,-2.6,977.7,63.3,298,68
2/12/2016 23:00,-2.1,977.9,62.8,298,71
2/13/2016 0:00,-1.4,977.3,61.9,298,52
2/13/2016 1:00,-1.7,976.9,61.3,298,55
2/13/2016 2:00,-1.8,977.2,61.3,298,59
2/13/2016 3:00,-3.8,977.1,62.3,298,56
2/13/2016 4:00,-4.1,977.2,62.6,301,55
2/13/2016 5:00,-3.7,976.8,61.9,301,53
2/13/2016 6:00,-3.3,976.6,55.1,299,53
2/13/2016 7:00,-1.7,976.1,61.6,296,55
2/13/2016 8:00,-1.4,975.6,62.6,298,57
2/13/2016 9:00,-2.0,975.2,62.6,298,54
2/13/2016 10:00,0.3,974.3,62.6,298,53
2/13/2016 11:00,0.3,973.5,62.9,298,46
2/13/2016 12:00,1.6,972.6,63.3,298,46
2/13/2016 13:00,1.5,971.3,63.0,298,40
2/13/2016 14:00,3.1,970.1,63.3,298,39
2/13/2016 15:00,2.1,969.2,63.6,298,42
2/13/2016 16:00,0.2,968.6,62.6,298,53
2/13/2016 17:00,-2.8,969.4,63.3,298,55
2/13/2016 18:00,-4.1,969.3,62.7,298,58
2/13/2016 19:00,-4.6,969.1,63.9,298,59
2/13/2016 20:00,-5.0,969.2,63.5,298,59
2/13/2016 21:00,-5.2,969.2,63.3,301,53
2/13/2016 22:00,-5.5,969.2,63.3,298,48
2/13/2016 23:00,-6.0,969.0,61.9,298,56
2/14/2016 0:00,-6.2,969.3,62.6,298,53
2/14/2016 1:00,-6.1,969.6,61.9,298,52
2/14/2016 2:00,-6.5,969.3,61.9,301,47
2/14/2016 3:00,-5.9,969.0,62.6,298,42
2/14/2016 4:00,-5.7,969.0,63.3,298,44
2/14/2016 5:00,-6.3,969.7,61.9,298,46
2/14/2016 6:00,-6.2,969.8,61.3,298,48
2/14/2016 7:00,-6.2,969.4,62.2,299,51
2/14/2016 8:00,-5.0,968.9,61.9,301,44
2/14/2016 9:00,-4.5,969.6,62.6,301,43
2/14/2016 10:00,-5.2,969.4,50.6,308,42
2/14/2016 11:00,-5.3,969.8,35.4,318,38
2/14/2016 12:00,-6.1,969.1,61.9,298,40
2/14/2016 13:00,-5.0,968.2,61.7,299,34
2/14/2016 14:00,-4.4,967.7,62.5,298,33
2/14/2016 15:00,-5.1,967.3,62.6,298,35
2/14/2016 16:00,-5.0,967.0,62.5,298,39
2/14/2016 17:00,-4.9,967.3,63.9,298,42
2/14/2016 18:00,-5.6,967.4,63.9,298,48
2/14/2016 19:00,-6.7,967.5,63.3,298,45
2/14/2016 20:00,-7.8,967.5,63.3,298,46
2/14/2016 21:00,-6.7,967.4,63.3,301,47
2/14/2016 22:00,-7.6,967.3,63.3,298,50
2/14/2016 23:00,-7.3,966.8,61.9,298,45
2/15/2016 0:00,-7.3,966.8,62.4,298,45
2/15/2016 1:00,-7.7,966.9,61.3,298,47
2/15/2016 2:00,-8.6,966.7,62.6,301,43
2/15/2016 3:00,-8.6,966.4,62.6,298,38
2/15/2016 4:00,-8.6,966.5,62.6,298,40
2/15/2016 5:00,-8.3,966.4,63.3,298,40
2/15/2016 6:00,-7.6,966.6,63.3,298,41
2/15/2016 7:00,-7.1,966.5,62.6,301,42
2/15/2016 8:00,-5.6,966.6,56.7,291,41
2/15/2016 9:00,-4.5,966.2,63.3,298,39
2/15/2016 10:00,-3.8,965.9,62.6,298,41
2/15/2016 11:00,-3.3,965.4,63.3,298,38
2/15/2016 12:00,-2.6,965.2,62.6,298,37
2/15/2016 13:00,-1.6,964.6,60.6,298,37
2/15/2016 14:00,-2.6,964.5,62.6,298,38
2/15/2016 15:00,-3.5,964.2,61.3,298,40
2/15/2016 16:00,-3.8,963.6,62.6,298,43
2/15/2016 17:00,-4.6,963.0,61.3,298,46
2/15/2016 18:00,-4.8,962.5,61.3,298,45
2/15/2016 19:00,-4.9,962.3,61.3,298,40
2/15/2016 20:00,-5.8,961.9,62.1,298,37
2/15/2016 21:00,-6.8,961.6,61.7,302,39
2/15/2016 22:00,-7.7,961.3,62.6,298,40
2/15/2016 23:00,-7.6,961.0,63.2,298,41
2/16/2016 0:00,-7.2,961.1,61.3,298,36
2/16/2016 1:00,-7.9,960.8,61.3,298,41
2/16/2016 2:00,-8.4,960.4,61.9,301,44
2/16/2016 3:00,-8.7,960.1,61.9,298,44
2/16/2016 4:00,-7.8,960.1,62.6,298,40
2/16/2016 5:00,-8.3,960.2,63.9,298,41
2/16/2016 6:00,-7.0,960.1,63.9,298,37
2/16/2016 7:00,-6.0,960.1,63.0,301,41
2/16/2016 8:00,-5.0,960.3,62.6,301,41
2/16/2016 9:00,-3.7,960.4,43.6,289,38
2/16/2016 10:00,-2.9,960.0,62.2,298,35
2/16/2016 11:00,-2.0,959.7,62.6,298,32
2/16/2016 12:00,-1.6,959.4,62.6,298,31
2/16/2016 13:00,-1.5,959.4,63.2,298,34
2/16/2016 14:00,-1.4,959.6,61.3,298,38
2/16/2016 15:00,-3.0,959.6,61.9,298,37
2/16/2016 16:00,-2.8,959.5,61.9,298,40
2/16/2016 17:00,-4.2,960.1,61.5,299,46
2/16/2016 18:00,-5.0,960.5,61.3,298,51
2/16/2016 19:00,-5.4,960.6,61.3,298,54
2/16/2016 20:00,-6.1,960.8,67.5,299,50
2/16/2016 21:00,-6.5,960.9,42.0,307,43
2/16/2016 22:00,-6.9,960.7,61.9,298,42
2/16/2016 23:00,-7.3,960.9,63.9,298,41
2/17/2016 0:00,-7.8,962.2,63.3,298,44
2/17/2016 1:00,-8.1,962.5,55.9,299,43
2/17/2016 2:00,-8.5,962.3,29.4,271,42
2/17/2016 3:00,-8.5,962.1,62.6,298,45
2/17/2016 4:00,-8.1,961.9,61.1,299,39
2/17/2016 5:00,-7.1,961.4,62.6,298,37
2/17/2016 6:00,-6.3,961.3,61.9,301,33
2/17/2016 7:00,-6.1,961.3,62.6,298,40
2/17/2016 8:00,-6.1,961.4,61.9,298,48
2/17/2016 9:00,-5.5,960.8,62.2,298,40
2/17/2016 10:00,-5.0,960.1,62.1,298,46
2/17/2016 11:00,-4.5,959.1,63.3,298,49
2/17/2016 12:00,-4.1,958.3,63.3,298,46
2/17/2016 13:00,-4.6,956.7,63.0,299,51
2/17/2016 14:00,-4.6,954.9,63.9,298,54
2/17/2016 15:00,-3.6,952.5,62.6,298,50
2/17/2016 16:00,-3.9,950.7,63.3,298,49
2/17/2016 17:00,-4.0,949.7,63.9,298,51
2/17/2016 18:00,-4.4,949.0,62.7,300,56
2/17/2016 19:00,-4.7,948.8,62.2,296,57
2/17/2016 20:00,-5.0,947.9,57.5,298,59
2/17/2016 21:00,-4.9,946.8,61.9,298,56
2/17/2016 22:00,-5.3,945.4,61.3,298,59
2/17/2016 23:00,-5.8,945.0,61.3,300,68
2/18/2016 0:00,-5.1,944.8,61.9,299,61
2/18/2016 1:00,-4.6,944.0,59.9,295,56
2/18/2016 2:00,-4.1,943.5,63.3,298,55
2/18/2016 3:00,-4.3,943.0,63.9,298,65
2/18/2016 4:00,-4.2,942.7,62.6,300,61
2/18/2016 5:00,-3.8,942.4,63.2,299,50
2/18/2016 6:00,-3.6,942.4,62.6,299,50
2/18/2016 7:00,-3.3,942.0,62.8,299,50
2/18/2016 8:00,-2.6,941.8,56.3,304,47
2/18/2016 9:00,-2.1,942.1,61.9,298,50
2/18/2016 10:00,-1.7,942.4,62.6,298,51
2/18/2016 11:00,-1.5,942.4,61.4,298,51
2/18/2016 12:00,-1.3,942.2,61.3,298,51
2/18/2016 13:00,-0.8,942.0,61.9,298,49
2/18/2016 14:00,-0.1,941.8,61.3,298,42
2/18/2016 15:00,-0.3,941.8,61.8,299,46
2/18/2016 16:00,-0.3,941.7,61.3,300,45
2/18/2016 17:00,-0.3,941.9,61.9,300,43
2/18/2016 18:00,-1.4,942.2,60.6,297,55
2/18/2016 19:00,-1.1,942.4,74.9,299,46
2/18/2016 20:00,-1.7,942.5,62.4,298,46
2/18/2016 21:00,-1.7,943.0,61.9,299,48
2/18/2016 22:00,-1.7,943.3,59.8,295,45
2/18/2016 23:00,-1.8,943.3,62.6,298,46
2/19/2016 0:00,-1.5,943.4,62.6,298,44
2/19/2016 1:00,-2.0,943.6,62.3,298,45
2/19/2016 2:00,-1.7,943.9,63.3,298,44
2/19/2016 3:00,-1.5,944.5,63.3,298,44
2/19/2016 4:00,-1.4,944.6,63.9,298,46
2/19/2016 5:00,-1.3,945.0,63.3,298,47
2/19/2016 6:00,-0.7,945.7,63.3,298,48
2/19/2016 7:00,0.5,946.3,63.2,299,44
2/19/2016 8:00,0.6,946.8,63.2,299,47
2/19/2016 9:00,1.3,947.5,61.5,296,46
2/19/2016 10:00,1.6,947.8,66.9,299,47
2/19/2016 11:00,1.6,948.3,63.2,300,49
2/19/2016 12:00,1.2,949.3,62.6,300,55
2/19/2016 13:00,1.5,950.2,61.6,301,53
2/19/2016 14:00,1.4,951.3,63.3,298,53
2/19/2016 15:00,1.4,951.9,62.6,298,53
2/19/2016 16:00,1.1,953.1,63.3,298,55
2/19/2016 17:00,1.2,953.8,62.6,298,51
2/19/2016 18:00,1.1,954.3,61.9,298,48
2/19/2016 19:00,1.0,954.6,61.3,298,45
2/19/2016 20:00,1.1,954.8,61.9,298,44
2/19/2016 21:00,0.9,955.6,61.9,298,47
2/19/2016 22:00,0.9,955.7,62.8,299,47
2/19/2016 23:00,1.1,956.4,61.3,299,47
2/20/2016 0:00,0.7,957.1,61.7,300,51
2/20/2016 1:00,0.2,958.2,57.7,306,54
2/20/2016 2:00,0.1,959.6,60.2,299,52
2/20/2016 3:00,0.1,960.4,61.9,300,52
2/20/2016 4:00,0.0,961.5,62.6,300,53
2/20/2016 5:00,-0.1,962.6,56.1,302,52
2/20/2016 6:00,-0.1,963.6,62.4,298,52
2/20/2016 7:00,0.0,964.5,62.6,298,50
2/20/2016 8:00,0.2,965.2,62.6,298,51
2/20/2016 9:00,0.3,965.8,63.4,298,53
2/20/2016 10:00,0.6,966.4,63.1,298,50
2/20/2016 11:00,1.2,967.0,63.9,298,51
2/20/2016 12:00,1.1,967.5,63.3,298,54
2/20/2016 13:00,1.5,967.6,63.9,298,54
2/20/2016 14:00,2.0,967.8,63.1,298,51
2/20/2016 15:00,1.9,968.1,63.3,298,53
2/20/2016 16:00,1.5,968.2,63.3,298,57
2/20/2016 17:00,1.4,968.5,61.9,298,53
2/20/2016 18:00,1.1,968.5,60.4,299,44
2/20/2016 19:00,0.0,968.6,62.5,301,45
2/20/2016 20:00,-0.6,968.6,62.6,301,37
2/20/2016 21:00,-0.8,968.8,45.4,293,36
2/20/2016 22:00,-1.8,968.9,57.9,292,37
2/20/2016 23:00,-2.1,968.9,63.3,298,37
2/21/2016 0:00,-2.8,968.6,63.3,298,36
2/21/2016 1:00,-2.9,968.3,63.3,298,37
2/21/2016 2:00,-4.0,968.0,61.3,298,37
2/21/2016 3:00,-4.1,967.7,61.9,298,38
2/21/2016 4:00,-3.6,967.5,61.3,298,36
2/21/2016 5:00,-3.6,967.4,61.9,298,35
2/21/2016 6:00,-3.5,967.2,61.9,299,37
2/21/2016 7:00,-3.1,967.3,62.6,301,39
2/21/2016 8:00,-2.0,967.4,62.6,301,36
2/21/2016 9:00,-1.7,967.1,43.4,287,41
2/21/2016 10:00,-1.0,966.7,51.2,288,38
2/21/2016 11:00,-1.0,966.5,61.9,298,36
2/21/2016 12:00,-0.9,966.1,62.6,298,36
2/21/2016 13:00,-0.1,966.3,61.9,298,38
2/21/2016 14:00,-1.4,966.0,63.9,298,37
2/21/2016 15:00,-1.9,966.0,63.3,298,40
2/21/2016 16:00,-1.7,965.5,63.3,298,38
2/21/2016 17:00,-2.6,965.2,63.3,299,45
2/21/2016 18:00,-2.6,965.0,63.9,298,46
2/21/2016 19:00,-3.5,964.5,63.6,298,50
2/21/2016 20:00,-4.6,963.7,63.9,298,47
2/21/2016 21:00,-4.7,962.7,63.3,301,38
2/21/2016 22:00,-5.8,961.9,63.3,298,37
2/21/2016 23:00,-5.9,961.1,61.9,298,36
2/22/2016 0:00,-6.1,960.2,61.3,298,34
2/22/2016 1:00,-7.1,959.5,63.2,298,37
2/22/2016 2:00,-7.2,958.6,53.3,305,33
2/22/2016 3:00,-6.8,958.2,62.6,298,31
2/22/2016 4:00,-7.6,957.6,63.9,298,37
2/22/2016 5:00,-7.5,957.5,63.3,298,37
2/22/2016 6:00,-7.2,957.6,63.9,298,40
2/22/2016 7:00,-6.7,957.4,17.2,310,43
2/22/2016 8:00,-6.4,957.9,63.3,298,45
2/22/2016 9:00,-5.7,958.7,61.9,298,44
2/22/2016 10:00,-5.1,959.4,61.9,298,38
2/22/2016 11:00,-5.0,960.3,61.9,298,41
2/22/2016 12:00,-4.5,960.6,62.6,298,45
2/22/2016 13:00,-3.5,961.3,61.3,298,46
2/22/2016 14:00,-3.6,961.9,61.3,298,47
2/22/2016 15:00,-3.3,962.7,61.3,298,44
2/22/2016 16:00,-3.8,963.2,62.2,298,48
2/22/2016 17:00,-3.8,963.9,61.3,298,48
2/22/2016 18:00,-3.8,964.7,62.7,301,43
2/22/2016 19:00,-3.7,967.0,61.9,301,46
2/22/2016 20:00,-6.1,968.6,61.9,298,49
2/22/2016 21:00,-6.4,969.3,63.3,298,58
2/22/2016 22:00,-6.3,970.5,62.6,298,60
2/22/2016 23:00,-6.0,972.0,65.0,298,64
2/23/2016 0:00,-4.8,972.2,45.8,301,68
2/23/2016 1:00,-4.1,973.3,62.6,298,67
2/23/2016 2:00,-4.0,974.0,61.9,298,68
2/23/2016 3:00,-3.9,975.3,61.3,298,69
2/23/2016 4:00,-3.4,975.9,61.3,298,61
2/23/2016 5:00,-3.0,976.5,60.9,298,56
2/23/2016 6:00,-2.7,977.0,62.6,301,52
2/23/2016 7:00,-2.2,977.5,62.6,301,51
2/23/2016 8:00,-1.6,977.3,60.9,303,49
2/23/2016 9:00,-1.6,977.5,61.9,298,53
2/23/2016 10:00,-1.0,977.3,62.6,298,52
2/23/2016 11:00,-0.5,977.4,61.5,299,47
2/23/2016 12:00,-0.4,976.8,62.6,298,46
2/23/2016 13:00,0.1,976.2,63.9,298,44
2/23/2016 14:00,0.6,975.6,63.9,298,38
2/23/2016 15:00,0.7,975.1,63.9,298,39
2/23/2016 16:00,0.8,973.8,63.9,298,38
2/23/2016 17:00,-0.1,973.3,63.9,298,42
2/23/2016 18:00,0.7,972.8,63.9,298,39
2/23/2016 19:00,1.0,972.4,63.3,298,42
2/23/2016 20:00,0.3,972.0,63.7,298,47
2/23/2016 21:00,0.1,971.1,58.3,300,46
2/23/2016 22:00,0.2,970.5,62.6,301,43
2/23/2016 23:00,0.1,969.7,63.3,301,41
2/24/2016 0:00,0.3,968.4,48.7,309,38
2/24/2016 1:00,0.4,967.4,63.3,298,36
2/24/2016 2:00,0.2,966.7,63.3,298,37
2/24/2016 3:00,0.0,965.9,62.6,298,38
2/24/2016 4:00,0.0,965.0,63.3,298,39
2/24/2016 5:00,-1.0,964.8,62.6,298,49
2/24/2016 6:00,-0.7,964.3,62.0,298,45
2/24/2016 7:00,-0.8,963.7,61.3,298,47
2/24/2016 8:00,-0.2,963.0,61.9,298,43
2/24/2016 9:00,-0.1,962.6,61.3,298,45
2/24/2016 10:00,0.1,962.0,61.9,298,45
2/24/2016 11:00,0.2,961.6,61.9,298,46
2/24/2016 12:00,0.1,961.7,62.6,298,46
2/24/2016 13:00,0.0,961.9,61.9,298,51
2/24/2016 14:00,-0.4,962.0,61.6,301,57
2/24/2016 15:00,-0.1,961.5,61.9,301,57
2/24/2016 16:00,-0.2,961.3,52.3,307,57
2/24/2016 17:00,-0.9,962.0,44.3,321,66
2/24/2016 18:00,-2.0,962.8,12.9,273,81
2/24/2016 19:00,-1.4,963.2,62.6,298,71
2/24/2016 20:00,-1.0,963.4,62.6,298,63
2/24/2016 21:00,-1.3,963.5,62.6,298,61
2/24/2016 22:00,-1.2,963.6,63.7,298,56
2/24/2016 23:00,-1.5,963.6,62.6,298,57
2/25/2016 0:00,-1.5,963.8,63.8,298,53
2/25/2016 1:00,-1.4,963.9,63.3,298,51
2/25/2016 2:00,-1.5,963.4,62.6,298,51
2/25/2016 3:00,-1.4,962.9,63.3,298,50
2/25/2016 4:00,-1.3,962.8,63.3,298,49
2/25/2016 5:00,-1.4,963.2,63.3,298,51
2/25/2016 6:00,-1.5,964.0,57.4,299,53
2/25/2016 7:00,-1.2,964.8,63.4,301,52
2/25/2016 8:00,-0.7,965.6,63.3,301,53
2/25/2016 9:00,-0.7,966.2,63.2,301,54
2/25/2016 10:00,-0.8,966.9,40.9,289,61
2/25/2016 11:00,-2.0,968.6,62.6,298,79
2/25/2016 12:00,-1.8,969.1,62.6,298,79
2/25/2016 13:00,-2.0,970.4,63.3,298,82
2/25/2016 14:00,-2.4,971.5,61.9,298,86
2/25/2016 15:00,-2.5,972.5,61.9,298,79
2/25/2016 16:00,-2.5,973.8,61.3,298,76
2/25/2016 17:00,-2.4,974.8,61.3,298,74
2/25/2016 18:00,-2.6,975.9,61.3,298,73
2/25/2016 19:00,-2.6,976.7,61.3,298,70
2/25/2016 20:00,-2.8,977.7,61.3,298,71
2/25/2016 21:00,-3.1,978.4,60.1,298,71
2/25/2016 22:00,-3.1,979.0,61.4,300,67
2/25/2016 23:00,-2.6,979.6,61.9,301,59
2/26/2016 0:00,-3.1,980.1,40.9,306,64
2/26/2016 1:00,-3.0,980.5,39.4,286,61
2/26/2016 2:00,-3.9,980.5,62.6,298,75
2/26/2016 3:00,-3.1,980.6,62.4,298,60
2/26/2016 4:00,-3.1,980.8,63.2,298,59
2/26/2016 5:00,-2.7,980.9,63.9,298,58
2/26/2016 6:00,-3.2,980.8,63.9,298,57
2/26/2016 7:00,-3.1,980.3,63.9,298,43
2/26/2016 8:00,-3.8,980.1,63.9,298,53
2/26/2016 9:00,-3.7,980.1,63.9,298,49
2/26/2016 10:00,-3.8,980.0,63.9,298,47
2/26/2016 11:00,-3.6,979.8,63.9,298,53
2/26/2016 12:00,-2.4,979.5,61.9,299,40
2/26/2016 13:00,-2.5,979.3,61.9,301,48
2/26/2016 14:00,-2.1,978.9,61.9,301,42
2/26/2016 15:00,-2.0,978.6,58.0,308,45
2/26/2016 16:00,-2.0,978.2,61.9,298,46
2/26/2016 17:00,-2.4,977.8,62.6,298,47
2/26/2016 18:00,-2.6,977.4,61.9,298,44
2/26/2016 19:00,-2.9,977.1,63.0,298,51
2/26/2016 20:00,-3.2,976.9,63.3,298,53
2/26/2016 21:00,-4.1,976.6,63.9,298,47
2/26/2016 22:00,-4.0,976.4,63.9,298,43
2/26/2016 23:00,-4.3,976.2,62.6,301,42
2/27/2016 0:00,-4.9,976.0,62.6,298,41
2/27/2016 1:00,-5.2,975.9,61.3,298,40
2/27/2016 2:00,-5.2,975.5,61.3,298,39
2/27/2016 3:00,-5.2,975.2,61.3,298,41
2/27/2016 4:00,-5.4,975.2,62.6,301,41
2/27/2016 5:00,-5.2,974.8,61.9,298,44
2/27/2016 6:00,-4.9,974.7,63.3,298,48
2/27/2016 7:00,-4.4,974.4,63.9,298,46
2/27/2016 8:00,-3.8,974.0,63.9,298,45
2/27/2016 9:00,-3.6,973.9,63.3,298,45
2/27/2016 10:00,-3.3,973.2,62.2,300,43
2/27/2016 11:00,-2.1,972.5,63.3,301,42
2/27/2016 12:00,-1.1,971.6,56.2,302,32
2/27/2016 13:00,-0.8,970.8,40.7,284,41
2/27/2016 14:00,-1.0,970.1,63.0,298,40
2/27/2016 15:00,-1.2,968.8,62.6,298,41
2/27/2016 16:00,-1.7,968.2,62.6,298,42
2/27/2016 17:00,-1.1,967.8,62.5,298,41
2/27/2016 18:00,-1.4,967.0,61.4,298,41
2/27/2016 19:00,-1.7,966.6,61.3,298,39
2/27/2016 20:00,-2.1,966.1,60.9,298,39
2/27/2016 21:00,-2.2,965.7,61.3,298,48
2/27/2016 22:00,-2.5,964.5,61.9,298,54
2/27/2016 23:00,-2.8,964.1,61.9,298,63
2/28/2016 0:00,-2.1,963.0,61.9,298,53
2/28/2016 1:00,-1.9,962.5,62.0,298,54
2/28/2016 2:00,-2.1,962.1,62.5,299,52
2/28/2016 3:00,-2.2,961.8,61.9,301,50
2/28/2016 4:00,-2.4,961.6,62.6,301,54
2/28/2016 5:00,-2.5,961.5,59.5,300,56
2/28/2016 6:00,-2.6,961.5,61.9,298,57
2/28/2016 7:00,-2.6,961.9,62.6,298,60
2/28/2016 8:00,-2.3,962.1,62.2,298,54
2/28/2016 9:00,-2.1,962.2,62.6,298,52
2/28/2016 10:00,-2.0,962.1,63.3,299,53
2/28/2016 11:00,-2.1,962.0,63.3,298,55
2/28/2016 12:00,-1.8,962.2,63.3,298,52
2/28/2016 13:00,-1.5,962.8,63.9,298,50
2/28/2016 14:00,-1.5,963.4,63.9,298,51
2/28/2016 15:00,-2.0,963.5,63.9,298,56
2/28/2016 16:00,-1.8,963.6,63.3,298,54
2/28/2016 17:00,-1.6,963.3,69.5,299,53
2/28/2016 18:00,-1.5,963.4,65.1,300,50
2/28/2016 19:00,-1.8,963.8,63.3,301,52
2/28/2016 20:00,-1.8,963.6,63.3,301,52
2/28/2016 21:00,-1.6,963.9,29.2,298,52
2/28/2016 22:00,-1.5,963.7,63.3,298,50
2/28/2016 23:00,-1.4,963.4,63.3,298,50
2/29/2016 0:00,-1.5,963.2,62.6,298,51
2/29/2016 1:00,-1.4,963.5,62.6,298,50
2/29/2016 2:00,-1.6,963.6,61.3,298,52
2/29/2016 3:00,-1.8,964.0,61.9,298,55
2/29/2016 4:00,-1.4,963.4,61.9,298,50
2/29/2016 5:00,-1.5,963.3,61.9,298,52
2/29/2016 6:00,-1.3,963.4,61.3,298,49
2/29/2016 7:00,-1.1,964.0,61.3,298,50
2/29/2016 8:00,-1.1,964.6,61.3,298,53
2/29/2016 9:00,-0.8,964.6,58.9,298,50
2/29/2016 10:00,-0.3,964.1,63.2,300,47
2/29/2016 11:00,0.4,963.8,61.9,301,43
2/29/2016 12:00,0.4,964.0,60.8,300,43
2/29/2016 13:00,0.7,963.8,24.7,290,46
2/29/2016 14:00,1.0,963.8,63.1,298,48
2/29/2016 15:00,0.3,963.5,62.6,298,51
2/29/2016 16:00,0.0,963.7,62.6,299,50
2/29/2016 17:00,-0.4,963.9,54.0,303,53
2/29/2016 18:00,-0.1,963.8,63.3,298,44
2/29/2016 19:00,-0.4,964.4,63.9,298,49
2/29/2016 20:00,-0.5,964.0,63.9,298,46
2/29/2016 21:00,-0.8,964.0,63.9,298,51
2/29/2016 22:00,-0.7,963.9,63.9,298,49
2/29/2016 23:00,-0.5,963.9,63.9,298,47
3/1/2016 0:00,-0.5,963.7,63.9,298,47
3/1/2016 1:00,-0.6,963.7,60.4,299,51
3/1/2016 2:00,-0.4,963.9,63.0,300,49
3/1/2016 3:00,-0.4,963.9,63.2,300,46
3/1/2016 4:00,-0.8,964.4,62.3,299,50
3/1/2016 5:00,-0.7,964.6,62.5,293,47
3/1/2016 6:00,-0.4,964.9,62.4,299,44
3/1/2016 7:00,-0.3,965.0,63.2,299,44
3/1/2016 8:00,0.0,965.3,54.9,304,44
3/1/2016 9:00,0.0,965.3,61.6,295,45
3/1/2016 10:00,0.6,965.4,61.9,298,45
3/1/2016 11:00,0.8,965.0,62.6,298,45
3/1/2016 12:00,1.2,965.2,62.6,298,46
3/1/2016 13:00,1.3,965.5,61.9,298,46
3/1/2016 14:00,1.5,965.5,61.3,298,48
3/1/2016 15:00,0.9,965.7,63.3,298,50
3/1/2016 16:00,0.4,965.9,63.3,298,47
3/1/2016 17:00,-0.3,965.7,61.8,299,52
3/1/2016 18:00,-0.8,966.1,63.2,300,55
3/1/2016 19:00,-0.8,965.8,61.8,300,45
3/1/2016 20:00,-1.3,965.7,57.7,302,48
3/1/2016 21:00,-2.4,965.2,63.7,299,59
3/1/2016 22:00,-2.2,964.6,63.2,299,52
3/1/2016 23:00,-2.6,964.1,63.2,299,53
3/2/2016 0:00,-3.1,963.5,59.5,301,54
3/2/2016 1:00,-2.4,963.3,61.9,298,46
3/2/2016 2:00,-2.4,963.1,61.9,298,47
3/2/2016 3:00,-1.8,962.8,61.9,298,50
3/2/2016 4:00,-2.1,962.6,62.5,298,53
3/2/2016 5:00,-2.3,962.2,61.9,298,52
3/2/2016 6:00,-2.4,961.7,62.6,298,51
3/2/2016 7:00,-2.5,961.5,61.9,298,48
3/2/2016 8:00,-2.4,960.8,61.6,298,46
3/2/2016 9:00,-3.0,960.3,62.4,299,50
3/2/2016 10:00,-1.9,959.8,61.9,299,49
3/2/2016 11:00,-1.7,959.0,61.9,299,36
3/2/2016 12:00,-1.4,958.6,61.7,300,45
3/2/2016 13:00,-1.2,958.1,51.9,297,46
3/2/2016 14:00,-1.4,957.5,62.1,297,44
3/2/2016 15:00,-1.5,956.8,61.9,300,46
3/2/2016 16:00,-1.6,956.1,59.1,303,50
3/2/2016 17:00,-2.4,955.7,36.7,294,55
3/2/2016 18:00,-5.3,955.2,62.6,298,55
3/2/2016 19:00,-5.5,955.0,63.5,298,55
3/2/2016 20:00,-5.8,954.7,63.9,298,54
3/2/2016 21:00,-6.1,954.7,50.2,297,53
3/2/2016 22:00,-6.2,954.4,62.6,300,49
3/2/2016 23:00,-7.0,954.2,62.6,298,47
3/3/2016 0:00,-6.4,954.5,62.9,298,52
3/3/2016 1:00,-8.1,954.6,58.5,298,52
3/3/2016 2:00,-8.3,954.9,61.9,298,62
3/3/2016 3:00,-8.6,954.8,62.6,300,66
3/3/2016 4:00,-8.0,954.5,62.6,298,55
3/3/2016 5:00,-8.0,954.3,62.6,298,47
3/3/2016 6:00,-7.5,954.9,62.6,298,53
3/3/2016 7:00,-8.0,955.3,57.9,292,52
3/3/2016 8:00,-7.6,955.7,62.6,300,51
3/3/2016 9:00,-5.4,956.0,56.9,293,47
3/3/2016 10:00,-3.4,956.3,29.7,276,44
3/3/2016 11:00,-3.2,956.7,62.6,298,47
3/3/2016 12:00,-4.2,957.3,62.6,298,54
3/3/2016 13:00,-2.6,957.6,62.6,298,34
3/3/2016 14:00,-2.3,958.1,62.7,298,30
3/3/2016 15:00,-3.0,958.4,61.3,298,35
3/3/2016 16:00,-3.6,958.6,61.9,298,38
3/3/2016 17:00,-4.0,959.0,61.7,298,34
3/3/2016 18:00,-5.7,959.6,62.6,298,46
3/3/2016 19:00,-6.7,960.1,61.3,298,49
3/3/2016 20:00,-7.6,960.3,62.6,301,49
3/3/2016 21:00,-8.1,960.3,61.9,298,47
3/3/2016 22:00,-8.7,960.4,63.2,298,47
3/3/2016 23:00,-9.1,960.5,63.2,298,47
3/4/2016 0:00,-9.2,960.8,63.2,298,47
3/4/2016 1:00,-9.3,961.3,63.2,301,47
3/4/2016 2:00,-9.7,961.6,63.2,298,50
3/4/2016 3:00,-8.7,961.8,61.8,298,43
3/4/2016 4:00,-8.8,961.9,61.9,298,43
3/4/2016 5:00,-8.3,962.8,61.8,298,48
3/4/2016 6:00,-10.0,963.6,50.8,299,56
3/4/2016 7:00,-7.4,963.9,61.9,298,36
3/4/2016 8:00,-6.6,964.5,63.9,298,35
3/4/2016 9:00,-5.8,964.7,63.9,298,27
3/4/2016 10:00,-5.4,964.7,63.3,298,31
3/4/2016 11:00,-4.7,965.0,62.6,298,32
3/4/2016 12:00,-4.1,965.3,63.3,298,32
3/4/2016 13:00,-4.3,965.4,63.9,298,32
3/4/2016 14:00,-3.2,964.9,64.7,298,31
3/4/2016 15:00,-3.9,965.0,62.1,300,41
3/4/2016 16:00,-5.4,965.4,62.7,300,48
3/4/2016 17:00,-5.3,965.4,63.3,301,37
3/4/2016 18:00,-6.9,965.7,27.7,282,50
3/4/2016 19:00,-7.1,965.9,63.3,298,38
3/4/2016 20:00,-6.8,966.5,62.3,298,38
3/4/2016 21:00,-6.7,966.4,62.6,298,35
3/4/2016 22:00,-7.0,967.0,61.9,301,35
3/4/2016 23:00,-6.9,967.2,61.9,298,31
3/5/2016 0:00,-7.1,967.4,62.6,298,32
3/5/2016 1:00,-7.5,967.3,63.9,298,32
3/5/2016 2:00,-7.7,967.3,63.3,298,33
3/5/2016 3:00,-7.8,967.5,62.6,301,30
3/5/2016 4:00,-8.2,967.5,62.8,298,31
3/5/2016 5:00,-8.2,967.6,61.9,298,29
3/5/2016 6:00,-7.8,967.7,61.3,298,28
3/5/2016 7:00,-8.5,967.6,63.4,298,41
3/5/2016 8:00,-5.8,967.8,62.6,301,27
3/5/2016 9:00,-6.6,967.9,29.9,283,35
3/5/2016 10:00,-5.4,968.0,62.6,298,32
3/5/2016 11:00,-5.7,967.7,61.9,298,36
3/5/2016 12:00,-4.4,968.1,62.6,298,31
3/5/2016 13:00,-4.7,967.7,63.2,298,31
3/5/2016 14:00,-4.6,967.3,62.6,298,25
3/5/2016 15:00,-6.0,967.0,62.6,298,41
3/5/2016 16:00,-6.2,966.8,63.3,298,36
3/5/2016 17:00,-6.7,966.8,63.3,298,41
3/5/2016 18:00,-7.5,967.0,63.3,298,43
3/5/2016 19:00,-9.7,966.8,73.1,299,47
3/5/2016 20:00,-10.8,966.6,33.0,298,44
3/5/2016 21:00,-8.6,966.7,63.2,298,38
3/5/2016 22:00,-9.4,966.5,61.9,298,38
3/5/2016 23:00,-8.6,966.2,61.9,298,33
3/6/2016 0:00,-10.0,965.9,58.7,300,39
3/6/2016 1:00,-11.0,965.5,13.9,304,39
3/6/2016 2:00,-9.3,965.4,62.6,298,36
3/6/2016 3:00,-11.8,964.8,63.2,298,44
3/6/2016 4:00,-12.2,965.0,63.2,298,53
3/6/2016 5:00,-11.7,964.6,62.6,301,46
3/6/2016 6:00,-11.1,964.3,62.6,298,50
3/6/2016 7:00,-9.6,963.9,62.5,298,39
3/6/2016 8:00,-9.0,963.1,61.9,298,42
3/6/2016 9:00,-9.6,963.0,62.6,298,50
3/6/2016 10:00,-8.9,962.8,60.4,299,40
3/6/2016 11:00,-8.7,962.5,62.6,301,41
3/6/2016 12:00,-6.1,962.0,62.2,301,32
3/6/2016 13:00,-6.4,961.3,49.4,295,32
3/6/2016 14:00,-6.2,960.9,61.1,295,34
3/6/2016 15:00,-6.7,960.2,62.6,298,41
3/6/2016 16:00,-6.3,960.0,61.9,298,27
3/6/2016 17:00,-6.6,959.8,62.6,298,24
3/6/2016 18:00,-7.7,959.7,62.6,298,44
3/6/2016 19:00,-9.7,959.7,63.2,298,46
3/6/2016 20:00,-11.0,959.5,62.6,298,46
3/6/2016 21:00,-12.0,959.6,63.2,301,46
3/6/2016 22:00,-11.6,959.9,62.6,298,55
3/6/2016 23:00,-10.4,959.8,62.6,298,39
3/7/2016 0:00,-10.8,959.7,61.3,298,42
3/7/2016 1:00,-10.0,959.8,61.9,298,38
3/7/2016 2:00,-11.5,959.8,62.6,301,48
3/7/2016 3:00,-9.9,959.5,62.6,298,34
3/7/2016 4:00,-9.7,959.3,63.9,298,30
3/7/2016 5:00,-9.8,959.3,63.2,298,34
3/7/2016 6:00,-9.4,959.5,65.8,298,33
3/7/2016 7:00,-9.0,960.2,49.9,308,33
3/7/2016 8:00,-9.1,960.7,62.6,298,37
3/7/2016 9:00,-8.4,961.2,62.6,298,34
3/7/2016 10:00,-8.2,961.0,61.9,298,38
3/7/2016 11:00,-7.5,960.7,56.2,299,40
3/7/2016 12:00,-7.2,960.9,40.7,307,42
3/7/2016 13:00,-8.2,961.6,62.6,298,40
3/7/2016 14:00,-7.8,961.9,63.2,298,40
3/7/2016 15:00,-7.4,961.5,63.3,298,38
3/7/2016 16:00,-7.2,961.1,63.2,301,37
3/7/2016 17:00,-7.5,961.0,62.6,298,40
3/7/2016 18:00,-7.7,961.2,62.6,298,36
3/7/2016 19:00,-8.0,961.9,61.9,298,44
3/7/2016 20:00,-8.0,962.2,61.9,298,41
3/7/2016 21:00,-8.6,962.0,61.9,301,41
3/7/2016 22:00,-7.7,961.7,51.3,287,32
3/7/2016 23:00,-7.8,962.6,62.6,298,32
3/8/2016 0:00,-8.9,963.0,63.2,298,35
3/8/2016 1:00,-8.8,963.8,63.9,298,34
3/8/2016 2:00,-9.4,964.1,63.2,301,36
3/8/2016 3:00,-9.3,964.4,63.2,298,32
3/8/2016 4:00,-9.8,964.4,61.9,298,34
3/8/2016 5:00,-9.3,965.3,61.9,298,31
3/8/2016 6:00,-8.6,965.9,61.3,298,30
3/8/2016 7:00,-8.6,966.6,39.2,295,34
3/8/2016 8:00,-7.1,967.1,62.0,299,37
3/8/2016 9:00,-6.3,967.8,63.3,298,33
3/8/2016 10:00,-5.9,967.9,63.3,298,37
3/8/2016 11:00,-5.2,968.4,62.8,299,33
3/8/2016 12:00,-4.0,968.8,62.6,298,33
3/8/2016 13:00,-4.4,969.0,63.3,298,32
3/8/2016 14:00,-5.0,969.2,63.3,298,35
3/8/2016 15:00,-5.4,969.7,63.9,298,40
3/8/2016 16:00,-5.8,969.8,63.3,298,43
3/8/2016 17:00,-6.4,969.7,62.6,301,44
3/8/2016 18:00,-6.9,970.1,63.2,298,44
3/8/2016 19:00,-7.2,970.2,61.9,298,40
3/8/2016 20:00,-8.2,970.2,61.3,298,45
3/8/2016 21:00,-8.5,970.0,62.0,298,42
3/8/2016 22:00,-8.0,969.8,61.0,303,36
3/8/2016 23:00,-8.3,969.8,62.6,298,37
3/9/2016 0:00,-8.3,969.1,63.2,298,34
3/9/2016 1:00,-8.0,968.7,63.9,298,33
3/9/2016 2:00,-7.9,968.2,58.2,299,34
3/9/2016 3:00,-7.2,967.7,26.4,327,30
3/9/2016 4:00,-7.5,967.4,63.3,298,35
3/9/2016 5:00,-7.3,967.2,61.3,298,34
3/9/2016 6:00,-6.8,966.8,61.3,298,33
3/9/2016 7:00,-6.3,966.6,61.9,301,32
3/9/2016 8:00,-5.4,965.8,35.9,307,31
3/9/2016 9:00,-5.3,965.2,63.2,298,34
3/9/2016 10:00,-5.1,964.6,63.9,298,33
3/9/2016 11:00,-5.0,963.9,63.9,298,36
3/9/2016 12:00,-4.6,963.1,63.3,301,34
3/9/2016 13:00,-4.5,962.3,61.9,298,37
3/9/2016 14:00,-4.4,962.0,63.9,298,40
3/9/2016 15:00,-6.6,962.3,63.3,298,85
3/9/2016 16:00,-6.9,961.2,73.3,299,93
3/9/2016 17:00,-6.9,960.5,33.3,317,93
3/9/2016 18:00,-6.9,960.4,63.2,298,93
3/9/2016 19:00,-6.8,960.1,61.2,298,93
3/9/2016 20:00,-6.7,959.3,61.3,298,94
3/9/2016 21:00,-6.6,958.8,61.9,301,94
3/9/2016 22:00,-6.5,958.8,61.9,298,94
3/9/2016 23:00,-6.2,959.1,63.3,298,94
3/10/2016 0:00,-6.0,958.7,63.3,298,94
3/10/2016 1:00,-5.9,958.9,63.4,299,94
3/10/2016 2:00,-5.7,958.9,58.7,295,94
3/10/2016 3:00,-5.7,958.8,63.3,298,94
3/10/2016 4:00,-5.7,958.9,62.6,298,94
3/10/2016 5:00,-5.8,959.2,61.3,298,95
3/10/2016 6:00,-5.8,959.5,61.9,301,94
3/10/2016 7:00,-5.7,959.4,62.6,298,95
3/10/2016 8:00,-5.6,959.6,63.3,298,95
3/10/2016 9:00,-5.4,959.4,63.3,298,95
3/10/2016 10:00,-5.4,959.5,60.2,298,95
3/10/2016 11:00,-5.4,959.9,62.6,301,95
3/10/2016 12:00,-5.4,959.9,62.6,298,95
3/10/2016 13:00,-5.2,960.0,61.9,298,95
3/10/2016 14:00,-5.1,959.9,61.3,298,95
3/10/2016 15:00,-4.9,959.8,63.3,299,95
3/10/2016 16:00,-4.8,959.7,62.0,298,95
3/10/2016 17:00,-4.7,959.8,63.3,298,96
3/10/2016 18:00,-4.7,959.9,63.9,298,96
3/10/2016 19:00,-4.6,959.8,63.9,298,96
3/10/2016 20:00,-4.5,960.1,55.2,305,96
3/10/2016 21:00,-4.4,960.4,62.6,298,96
3/10/2016 22:00,-4.4,960.7,62.6,298,96
3/10/2016 23:00,-4.4,961.0,62.6,298,96
3/11/2016 0:00,-4.5,961.7,61.7,300,96
3/11/2016 1:00,-4.5,961.9,61.4,296,96
3/11/2016 2:00,-4.5,962.5,62.6,298,96
3/11/2016 3:00,-4.4,962.8,62.9,298,96
3/11/2016 4:00,-4.5,963.3,62.6,298,96
3/11/2016 5:00,-4.3,964.5,63.9,298,96
3/11/2016 6:00,-4.1,964.0,63.2,298,96
3/11/2016 7:00,-4.1,964.3,63.3,298,96
3/11/2016 8:00,-4.1,965.3,63.9,298,96
3/11/2016 9:00,-3.9,966.0,63.3,298,96
3/11/2016 10:00,-3.6,966.4,63.9,298,96
3/11/2016 11:00,-3.2,966.9,54.7,299,97
3/11/2016 12:00,-2.9,967.1,62.7,301,97
3/11/2016 13:00,-2.7,967.0,62.6,301,97
3/11/2016 14:00,-2.6,966.8,63.3,301,97
3/11/2016 15:00,-2.6,966.3,40.4,279,97
3/11/2016 16:00,-2.8,966.2,63.3,298,97
3/11/2016 17:00,-3.3,965.7,63.3,298,96
3/11/2016 18:00,-3.3,965.4,62.6,298,96
3/11/2016 19:00,-3.6,964.6,61.9,298,96
3/11/2016 20:00,-3.6,964.4,61.3,298,96
3/11/2016 21:00,-3.5,964.0,61.9,298,95
3/11/2016 22:00,-3.5,963.9,61.9,298,95
3/11/2016 23:00,-3.7,963.9,61.3,298,95
3/12/2016 0:00,-3.6,963.3,61.9,298,95
3/12/2016 1:00,-3.3,962.5,61.3,298,95
3/12/2016 2:00,-3.2,962.2,61.9,298,95
3/12/2016 3:00,-3.3,961.8,66.8,299,95
3/12/2016 4:00,-3.9,961.5,61.9,300,94
3/12/2016 5:00,-3.5,960.9,61.3,300,94
3/12/2016 6:00,-3.8,961.2,52.1,300,94
3/12/2016 7:00,-3.9,961.3,60.9,302,93
3/12/2016 8:00,-3.7,960.6,62.4,299,93
3/12/2016 9:00,-3.5,961.5,62.6,299,92
3/12/2016 10:00,-3.3,962.2,59.3,301,91
3/12/2016 11:00,-3.6,962.4,62.8,295,92
3/12/2016 12:00,-3.5,962.0,62.6,298,92
3/12/2016 13:00,-3.3,962.5,63.3,298,91
3/12/2016 14:00,-3.6,962.3,63.9,298,89
3/12/2016 15:00,-3.9,962.6,63.3,298,89
3/12/2016 16:00,-4.1,962.7,63.9,298,88
3/12/2016 17:00,-4.1,962.6,62.6,298,87
3/12/2016 18:00,-4.3,962.8,64.4,298,87
3/12/2016 19:00,-4.4,962.7,64.2,299,83
3/12/2016 20:00,-4.5,962.8,62.6,300,82
3/12/2016 21:00,-4.1,962.5,51.4,305,77
3/12/2016 22:00,-4.1,962.7,30.4,296,76
3/12/2016 23:00,-4.0,962.4,61.2,299,72
3/13/2016 0:00,-3.6,962.4,62.6,299,67
3/13/2016 1:00,-3.8,961.9,62.6,299,64
3/13/2016 2:00,-3.9,961.3,43.2,303,61
3/13/2016 3:00,-3.2,961.5,61.9,298,56
3/13/2016 4:00,-3.4,961.6,62.6,298,54
3/13/2016 5:00,-3.7,961.7,62.6,298,52
3/13/2016 6:00,-3.6,962.0,61.3,298,49
3/13/2016 7:00,-3.6,962.1,61.9,298,47
3/13/2016 8:00,-3.4,962.0,61.3,298,47
3/13/2016 9:00,-3.0,962.0,61.3,298,49
3/13/2016 10:00,-3.0,962.0,60.7,299,47
3/13/2016 11:00,-2.8,961.8,61.7,300,42
3/13/2016 12:00,-3.0,961.7,61.9,300,44
3/13/2016 13:00,-2.4,961.5,52.8,304,39
3/13/2016 14:00,-2.3,961.5,62.4,299,41
3/13/2016 15:00,-2.8,961.3,61.9,299,43
3/13/2016 16:00,-3.6,961.2,61.9,300,50
3/13/2016 17:00,-4.3,961.1,41.6,309,54
3/13/2016 18:00,-4.8,960.8,63.3,298,58
3/13/2016 19:00,-5.6,961.2,63.9,298,58
3/13/2016 20:00,-6.1,960.8,62.6,299,58
3/13/2016 21:00,-6.2,960.7,65.6,299,59
3/13/2016 22:00,-3.6,960.6,63.2,300,40
3/13/2016 23:00,-4.0,960.5,56.3,289,40
3/14/2016 0:00,-4.1,960.7,61.9,298,36
3/14/2016 1:00,-4.6,960.3,61.2,298,39
3/14/2016 2:00,-5.4,960.6,54.0,292,38
3/14/2016 3:00,-5.4,959.9,62.6,300,38
3/14/2016 4:00,-5.5,959.7,62.6,298,37
3/14/2016 5:00,-5.2,960.1,63.3,298,37
3/14/2016 6:00,-4.8,959.8,63.1,299,34
3/14/2016 7:00,-4.1,959.6,63.2,299,37
3/14/2016 8:00,-4.0,960.4,62.6,299,38
3/14/2016 9:00,-3.2,960.1,63.1,297,35
3/14/2016 10:00,-3.1,960.8,61.5,300,37
3/14/2016 11:00,-2.9,960.7,62.6,300,34
3/14/2016 12:00,-1.8,960.8,45.5,306,33
3/14/2016 13:00,-1.8,960.7,42.0,285,36
3/14/2016 14:00,-1.5,960.6,62.6,298,35
3/14/2016 15:00,-2.8,960.4,62.6,298,40
3/14/2016 16:00,-4.0,960.3,62.6,298,48
3/14/2016 17:00,-4.4,960.4,61.9,298,52
3/14/2016 18:00,-4.6,960.4,61.3,298,49
3/14/2016 19:00,-5.0,960.3,61.2,298,41
3/14/2016 20:00,-5.4,960.3,57.8,299,44
3/14/2016 21:00,-6.8,960.6,21.1,305,51
3/14/2016 22:00,-6.6,960.8,62.6,298,49
3/14/2016 23:00,-6.2,960.8,63.1,298,41
3/15/2016 0:00,-7.7,961.2,62.6,298,49
3/15/2016 1:00,-7.5,961.0,63.2,300,45
3/15/2016 2:00,-6.8,961.0,63.3,298,42
3/15/2016 3:00,-7.8,961.0,61.9,298,46
3/15/2016 4:00,-6.4,960.8,61.2,298,40
3/15/2016 5:00,-6.5,960.6,62.5,298,40
3/15/2016 6:00,-6.1,960.6,62.5,301,39
3/15/2016 7:00,-5.8,960.7,61.9,298,44
3/15/2016 8:00,-4.7,960.4,62.6,298,41
3/15/2016 9:00,-4.2,960.2,61.9,298,42
3/15/2016 10:00,-3.5,959.7,61.3,298,43
3/15/2016 11:00,-2.1,959.8,61.8,298,38
3/15/2016 12:00,-2.5,958.9,61.9,298,39
3/15/2016 13:00,-2.4,958.8,61.3,298,44
3/15/2016 14:00,-1.9,958.7,62.6,298,37
3/15/2016 15:00,-1.9,958.7,61.9,298,38
3/15/2016 16:00,-4.0,958.6,61.9,298,46
3/15/2016 17:00,-5.4,958.7,60.7,298,48
3/15/2016 18:00,-6.0,958.3,62.6,301,48
3/15/2016 19:00,-5.3,958.2,62.6,298,36
3/15/2016 20:00,-5.9,957.8,63.3,298,39
3/15/2016 21:00,-5.8,958.0,63.3,298,37
3/15/2016 22:00,-5.6,957.9,63.9,298,36
3/15/2016 23:00,-5.9,957.7,63.3,301,38
3/16/2016 0:00,-6.1,957.6,62.6,298,39
3/16/2016 1:00,-6.4,957.8,62.6,298,37
3/16/2016 2:00,-6.1,958.3,61.9,298,33
3/16/2016 3:00,-6.4,958.4,61.3,298,34
3/16/2016 4:00,-6.9,958.8,58.8,298,35
3/16/2016 5:00,-7.6,959.1,61.9,298,39
3/16/2016 6:00,-6.8,959.5,63.9,298,37
3/16/2016 7:00,-6.2,959.9,63.9,298,36
3/16/2016 8:00,-4.6,960.5,55.0,298,37
3/16/2016 9:00,-3.8,961.1,63.9,300,25
3/16/2016 10:00,-3.9,961.5,62.6,301,26
3/16/2016 11:00,-3.0,962.1,33.6,323,28
3/16/2016 12:00,-3.0,962.4,63.2,301,29
3/16/2016 13:00,-3.0,962.7,62.6,298,32
3/16/2016 14:00,-4.0,963.2,63.3,298,35
3/16/2016 15:00,-5.5,963.4,62.6,298,37
3/16/2016 16:00,-6.0,963.9,62.4,298,39
3/16/2016 17:00,-6.4,965.0,61.3,298,37
3/16/2016 18:00,-7.6,965.6,61.3,298,46
3/16/2016 19:00,-7.0,966.0,62.6,301,36
3/16/2016 20:00,-7.3,966.3,62.6,298,33
3/16/2016 21:00,-7.7,966.7,63.9,298,37
3/16/2016 22:00,-7.5,967.6,63.9,298,33
3/16/2016 23:00,-7.7,967.7,64.2,298,30
3/17/2016 0:00,-7.8,967.7,53.9,308,32
3/17/2016 1:00,-7.9,968.0,63.3,298,31
3/17/2016 2:00,-8.6,968.1,61.9,298,34
3/17/2016 3:00,-9.3,968.0,61.3,298,37
3/17/2016 4:00,-9.6,968.3,60.3,300,37
3/17/2016 5:00,-9.9,968.6,46.6,285,38
3/17/2016 6:00,-10.0,968.5,62.6,298,40
3/17/2016 7:00,-9.7,968.6,62.6,298,43
3/17/2016 8:00,-8.6,968.2,63.9,298,38
3/17/2016 9:00,-7.8,968.9,63.3,301,32
3/17/2016 10:00,-4.9,968.8,58.3,304,26
3/17/2016 11:00,-5.8,968.7,31.6,279,31
3/17/2016 12:00,-5.1,968.7,62.6,298,27
3/17/2016 13:00,-4.1,968.5,62.6,298,26
3/17/2016 14:00,-5.3,968.4,63.3,298,31
3/17/2016 15:00,-5.6,968.2,61.3,298,26
3/17/2016 16:00,-6.0,968.2,61.9,298,26
3/17/2016 17:00,-8.9,968.0,61.3,298,44
3/17/2016 18:00,-9.1,967.7,61.3,298,41
3/17/2016 19:00,-8.9,967.8,61.9,301,40
3/17/2016 20:00,-10.5,967.9,61.9,298,47
3/17/2016 21:00,-10.3,968.0,62.6,298,42
3/17/2016 22:00,-11.2,967.9,62.6,298,46
3/17/2016 23:00,-10.7,967.7,63.0,298,41
3/18/2016 0:00,-9.8,967.6,61.6,305,37
3/18/2016 1:00,-10.0,967.4,63.2,298,37
3/18/2016 2:00,-10.2,967.3,61.9,298,37
3/18/2016 3:00,-10.3,967.2,61.3,298,37
3/18/2016 4:00,-10.1,967.3,66.8,299,38
3/18/2016 5:00,-11.9,967.4,21.9,312,41
3/18/2016 6:00,-12.8,968.0,61.9,298,44
3/18/2016 7:00,-8.9,968.2,63.2,298,33
3/18/2016 8:00,-8.4,968.4,63.3,298,31
3/18/2016 9:00,-7.2,968.6,62.6,301,30
3/18/2016 10:00,-7.6,969.1,35.5,313,29
3/18/2016 11:00,-5.6,969.6,63.3,298,28
3/18/2016 12:00,-6.1,969.8,63.3,298,32
3/18/2016 13:00,-7.0,970.6,61.3,298,35
3/18/2016 14:00,-8.1,970.3,61.3,298,47
3/18/2016 15:00,-7.8,970.3,61.9,298,43
3/18/2016 16:00,-7.4,970.4,62.0,298,43
3/18/2016 17:00,-8.0,970.7,61.8,303,48
3/18/2016 18:00,-8.8,971.1,62.6,298,51
3/18/2016 19:00,-9.2,971.3,61.9,298,53
3/18/2016 20:00,-10.0,971.4,61.9,298,52
3/18/2016 21:00,-10.3,971.6,67.4,299,49
3/18/2016 22:00,-9.9,971.9,58.8,298,45
3/18/2016 23:00,-9.8,972.1,61.9,298,43
3/19/2016 0:00,-10.3,972.4,63.9,298,42
3/19/2016 1:00,-10.4,972.5,62.6,298,41
3/19/2016 2:00,-10.5,972.6,58.8,300,41
3/19/2016 3:00,-10.6,972.8,35.6,284,41
3/19/2016 4:00,-10.5,973.1,63.2,298,39
3/19/2016 5:00,-10.7,973.5,61.2,298,40
3/19/2016 6:00,-10.8,973.8,61.3,298,41
3/19/2016 7:00,-10.4,973.9,61.9,301,40
3/19/2016 8:00,-9.8,974.1,62.6,298,40
3/19/2016 9:00,-9.2,974.7,62.8,298,39
3/19/2016 10:00,-9.7,975.3,63.0,299,42
3/19/2016 11:00,-9.0,975.6,63.3,298,37
3/19/2016 12:00,-9.1,976.1,62.6,301,42
3/19/2016 13:00,-9.1,975.8,63.3,298,41
3/19/2016 14:00,-9.0,975.7,61.3,298,42
3/19/2016 15:00,-9.2,975.7,61.3,298,44
3/19/2016 16:00,-9.4,975.6,61.9,298,44
3/19/2016 17:00,-9.7,975.8,62.6,301,47
3/19/2016 18:00,-9.7,975.8,61.9,298,43
3/19/2016 19:00,-9.9,975.5,62.6,298,47
3/19/2016 20:00,-10.1,974.7,63.9,298,47
3/19/2016 21:00,-10.1,974.5,60.5,298,46
3/19/2016 22:00,-10.3,974.0,47.5,299,46
3/19/2016 23:00,-10.2,972.9,62.5,298,47
3/20/2016 0:00,-10.3,971.6,61.3,298,55
3/20/2016 1:00,-11.3,970.8,61.3,298,87
3/20/2016 2:00,-11.3,969.1,62.9,300,89
3/20/2016 3:00,-10.8,967.9,46.9,283,90
3/20/2016 4:00,-10.6,966.4,62.4,298,90
3/20/2016 5:00,-10.6,965.5,62.0,298,90
3/20/2016 6:00,-10.3,964.7,63.9,298,90
3/20/2016 7:00,-10.0,963.6,63.2,301,91
3/20/2016 8:00,-10.0,962.5,63.2,298,91
3/20/2016 9:00,-9.7,960.8,61.3,298,91
3/20/2016 10:00,-9.4,960.6,61.9,298,91
3/20/2016 11:00,-8.9,960.1,75.3,299,92
3/20/2016 12:00,-8.4,959.5,28.9,284,92
3/20/2016 13:00,-8.1,958.9,62.6,298,92
3/20/2016 14:00,-7.9,957.9,63.4,298,93
3/20/2016 15:00,-7.6,957.7,63.3,298,93
3/20/2016 16:00,-7.4,957.8,62.6,301,93
3/20/2016 17:00,-7.5,958.1,62.6,298,93
3/20/2016 18:00,-7.4,958.0,62.0,298,93
3/20/2016 19:00,-7.6,958.0,61.9,298,93
3/20/2016 20:00,-7.6,958.1,61.9,298,93
3/20/2016 21:00,-7.5,958.2,52.6,314,93
3/20/2016 22:00,-7.4,958.1,62.6,298,93
3/20/2016 23:00,-7.3,958.7,62.8,298,93
3/21/2016 0:00,-7.2,958.6,62.6,298,93
3/21/2016 1:00,-7.4,958.2,62.5,300,93
3/21/2016 2:00,-7.5,957.3,62.6,298,93
3/21/2016 3:00,-7.5,956.9,61.9,298,93
3/21/2016 4:00,-7.3,956.3,61.3,298,93
3/21/2016 5:00,-7.2,956.1,62.2,298,93
3/21/2016 6:00,-7.2,955.9,43.3,293,93
3/21/2016 7:00,-7.1,955.3,61.9,298,93
3/21/2016 8:00,-6.9,954.7,63.9,298,94
3/21/2016 9:00,-6.8,954.2,63.3,298,94
3/21/2016 10:00,-6.8,953.8,63.3,301,94
3/21/2016 11:00,-6.6,953.7,63.3,298,94
3/21/2016 12:00,-6.6,953.9,61.3,298,94
3/21/2016 13:00,-6.6,953.5,61.9,298,94
3/21/2016 14:00,-6.6,953.4,62.8,298,94
3/21/2016 15:00,-6.5,953.5,60.7,304,94
3/21/2016 16:00,-6.6,953.2,61.9,298,94
3/21/2016 17:00,-6.6,953.0,63.3,298,94
3/21/2016 18:00,-6.4,952.9,63.9,298,94
3/21/2016 19:00,-6.4,952.5,61.1,299,94
3/21/2016 20:00,-6.3,952.3,34.6,283,94
3/21/2016 21:00,-6.8,952.1,62.6,298,92
3/21/2016 22:00,-7.9,952.0,61.3,298,91
3/21/2016 23:00,-8.9,951.5,61.3,298,91
3/22/2016 0:00,-9.1,951.0,61.9,301,90
3/22/2016 1:00,-8.7,950.5,62.6,298,90
3/22/2016 2:00,-9.0,949.9,63.9,298,90
3/22/2016 3:00,-9.3,949.2,63.3,298,89
3/22/2016 4:00,-11.0,948.9,63.2,298,88
3/22/2016 5:00,-12.1,949.1,63.2,301,87
3/22/2016 6:00,-13.1,949.2,62.6,298,86
3/22/2016 7:00,-12.8,949.5,61.9,298,86
3/22/2016 8:00,-12.3,949.5,61.9,298,86
3/22/2016 9:00,-11.8,949.4,62.1,301,86
3/22/2016 10:00,-11.5,949.7,61.9,298,88
3/22/2016 11:00,-11.5,949.6,61.9,298,87
3/22/2016 12:00,-11.5,949.9,63.9,298,87
3/22/2016 13:00,-9.8,950.1,63.3,298,88
3/22/2016 14:00,-8.1,950.4,63.3,298,93
3/22/2016 15:00,-7.5,950.7,64.4,298,93
3/22/2016 16:00,-9.7,951.1,42.2,295,91
3/22/2016 17:00,-10.5,951.6,63.2,298,90
3/22/2016 18:00,-11.0,952.3,61.3,298,89
3/22/2016 19:00,-11.3,953.0,61.9,298,89
3/22/2016 20:00,-10.5,953.5,61.1,300,84
3/22/2016 21:00,-10.6,953.8,61.6,297,85
3/22/2016 22:00,-10.6,954.0,62.8,298,86
3/22/2016 23:00,-10.5,954.6,62.4,297,88
3/23/2016 0:00,-9.8,955.0,62.6,298,85
3/23/2016 1:00,-10.1,955.2,63.2,301,88
3/23/2016 2:00,-9.6,955.8,63.3,298,87
3/23/2016 3:00,-9.1,956.2,61.9,298,88
3/23/2016 4:00,-8.7,956.5,61.9,298,88
3/23/2016 5:00,-9.3,957.2,61.5,298,89
3/23/2016 6:00,-9.1,957.4,57.1,302,90
3/23/2016 7:00,-8.7,957.8,61.9,298,91
3/23/2016 8:00,-8.8,958.3,63.3,298,91
3/23/2016 9:00,-8.8,958.7,63.3,298,91
3/23/2016 10:00,-8.4,959.0,63.0,298,92
3/23/2016 11:00,-7.5,959.5,62.8,300,93
3/23/2016 12:00,-7.3,960.2,38.4,283,93
3/23/2016 13:00,-7.5,961.2,63.2,298,92
3/23/2016 14:00,-8.0,962.3,61.2,298,91
3/23/2016 15:00,-8.3,962.4,61.3,298,90
3/23/2016 16:00,-8.0,962.7,61.9,300,89
3/23/2016 17:00,-7.6,963.0,62.5,298,89
3/23/2016 18:00,-7.4,963.5,61.3,298,91
3/23/2016 19:00,-7.6,964.0,62.6,298,90
3/23/2016 20:00,-7.8,963.6,61.9,298,90
3/23/2016 21:00,-7.9,963.5,50.9,298,91
3/23/2016 22:00,-7.9,963.5,62.6,299,91
3/23/2016 23:00,-8.0,963.5,63.3,298,91
3/24/2016 0:00,-7.9,963.4,62.6,298,91
3/24/2016 1:00,-7.9,963.7,63.2,300,90
3/24/2016 2:00,-7.7,963.6,62.1,298,89
3/24/2016 3:00,-7.5,963.6,57.0,302,87
3/24/2016 4:00,-8.1,963.3,61.9,298,87
3/24/2016 5:00,-8.3,963.3,61.9,298,85
3/24/2016 6:00,-8.6,963.1,61.2,301,84
3/24/2016 7:00,-9.0,963.1,62.6,299,80
3/24/2016 8:00,-9.3,963.2,63.2,298,79
3/24/2016 9:00,-8.8,963.0,62.6,298,78
3/24/2016 10:00,-8.4,962.5,64.2,299,76
3/24/2016 11:00,-8.6,961.9,63.3,298,75
3/24/2016 12:00,-8.4,961.5,61.0,295,75
3/24/2016 13:00,-8.5,961.0,61.9,298,69
3/24/2016 14:00,-9.0,960.6,61.3,298,66
3/24/2016 15:00,-10.2,960.4,61.9,300,66
3/24/2016 16:00,-11.2,960.0,62.6,299,65
3/24/2016 17:00,-12.1,960.3,63.2,298,66
3/24/2016 18:00,-12.8,959.5,63.9,298,61
3/24/2016 19:00,-13.0,959.2,61.5,299,60
3/24/2016 20:00,-12.3,958.8,54.9,293,52
3/24/2016 21:00,-13.3,958.8,55.4,298,55
3/24/2016 22:00,-12.1,959.1,62.6,298,52
3/24/2016 23:00,-14.8,958.9,62.6,298,64
3/25/2016 0:00,-13.9,958.8,61.3,299,53
3/25/2016 1:00,-14.3,958.6,62.6,300,50
3/25/2016 2:00,-13.0,958.1,41.4,303,44
3/25/2016 3:00,-12.2,957.9,62.6,298,39
3/25/2016 4:00,-13.2,957.4,66.1,299,47
3/25/2016 5:00,-13.1,957.7,39.7,304,47
3/25/2016 6:00,-13.2,957.9,62.6,300,42
3/25/2016 7:00,-14.0,958.2,62.5,298,48
3/25/2016 8:00,-13.7,958.7,61.3,298,53
3/25/2016 9:00,-11.5,959.4,61.3,299,49
3/25/2016 10:00,-11.9,959.8,61.9,300,46
3/25/2016 11:00,-12.8,959.6,57.4,293,50
3/25/2016 12:00,-11.5,959.9,63.9,298,45
3/25/2016 13:00,-10.9,960.0,56.6,298,42
3/25/2016 14:00,-11.9,960.4,62.6,299,44
3/25/2016 15:00,-11.4,960.7,63.2,300,42
3/25/2016 16:00,-13.6,961.1,63.2,298,50
3/25/2016 17:00,-16.1,961.2,61.9,298,51
3/25/2016 18:00,-15.8,961.7,61.3,299,52
3/25/2016 19:00,-16.3,962.4,57.8,299,56
3/25/2016 20:00,-16.9,962.8,55.3,293,58
3/25/2016 21:00,-16.0,963.3,62.3,298,53
3/25/2016 22:00,-16.7,963.7,62.9,298,55
3/25/2016 23:00,-17.6,964.3,62.1,300,58
3/26/2016 0:00,-17.6,964.4,63.2,300,52
3/26/2016 1:00,-17.1,964.3,63.2,298,51
3/26/2016 2:00,-17.8,964.5,62.6,298,53
3/26/2016 3:00,-16.2,964.7,54.1,294,47
3/26/2016 4:00,-16.2,964.3,53.6,296,46
3/26/2016 5:00,-15.7,964.5,62.6,298,42
3/26/2016 6:00,-15.6,964.5,62.6,298,44
3/26/2016 7:00,-15.9,964.4,62.6,298,48
3/26/2016 8:00,-13.9,964.5,62.4,300,38
3/26/2016 9:00,-14.4,965.0,62.4,297,52
3/26/2016 10:00,-14.7,964.9,61.9,298,55
3/26/2016 11:00,-14.6,964.8,64.3,298,55
3/26/2016 12:00,-14.3,964.9,59.9,298,54
3/26/2016 13:00,-13.6,964.5,62.6,301,47
3/26/2016 14:00,-13.9,964.9,62.6,298,55
3/26/2016 15:00,-14.1,964.6,63.9,298,56
3/26/2016 16:00,-14.1,964.5,62.6,298,55
3/26/2016 17:00,-14.4,964.1,58.1,300,52
3/26/2016 18:00,-14.5,964.3,35.9,276,53
3/26/2016 19:00,-14.4,964.5,61.3,298,48
3/26/2016 20:00,-14.1,964.1,61.3,298,50
3/26/2016 21:00,-13.7,964.4,61.3,298,51
3/26/2016 22:00,-13.6,964.4,61.9,301,55
3/26/2016 23:00,-13.9,964.4,61.9,298,58
3/27/2016 0:00,-13.8,964.6,62.6,298,59
3/27/2016 1:00,-13.5,964.5,63.9,298,58
3/27/2016 2:00,-12.8,965.0,63.9,298,57
3/27/2016 3:00,-12.8,965.3,28.3,292,51
3/27/2016 4:00,-13.0,965.2,62.5,298,57
3/27/2016 5:00,-12.3,965.4,62.5,298,53
3/27/2016 6:00,-12.1,965.9,61.3,298,55
3/27/2016 7:00,-11.5,966.5,61.9,301,53
3/27/2016 8:00,-12.0,967.1,61.9,298,56
3/27/2016 9:00,-11.3,967.4,63.9,298,55
3/27/2016 10:00,-10.8,967.4,63.9,298,52
3/27/2016 11:00,-10.9,967.6,65.2,299,49
3/27/2016 12:00,-10.3,968.2,23.1,319,42
3/27/2016 13:00,-10.2,968.3,63.2,298,43
3/27/2016 14:00,-10.8,967.8,61.3,298,54
3/27/2016 15:00,-10.3,968.0,61.9,298,54
3/27/2016 16:00,-9.8,967.6,61.9,301,51
3/27/2016 17:00,-9.5,967.7,61.9,298,44
3/27/2016 18:00,-9.2,967.5,63.2,298,48
3/27/2016 19:00,-9.3,967.3,62.6,298,48
3/27/2016 20:00,-8.8,967.4,63.9,298,44
3/27/2016 21:00,-8.8,967.1,23.5,308,43
3/27/2016 22:00,-9.0,966.3,62.5,298,50
3/27/2016 23:00,-9.3,965.6,61.9,298,58
3/28/2016 0:00,-9.5,965.4,61.3,298,65
3/28/2016 1:00,-9.9,964.8,62.6,301,85
3/28/2016 2:00,-10.1,964.0,61.9,298,90
3/28/2016 3:00,-10.0,963.2,62.6,298,90
3/28/2016 4:00,-10.0,962.5,63.2,298,91
3/28/2016 5:00,-9.6,962.7,72.6,299,91
3/28/2016 6:00,-9.5,962.6,25.7,297,91
3/28/2016 7:00,-9.3,962.5,62.6,298,91
3/28/2016 8:00,-9.2,962.6,61.2,298,91
3/28/2016 9:00,-9.2,962.9,61.9,298,91
3/28/2016 10:00,-9.1,963.3,61.9,301,91
3/28/2016 11:00,-9.3,963.3,61.9,298,91
3/28/2016 12:00,-9.2,963.9,63.9,298,91
3/28/2016 13:00,-9.2,963.9,63.3,298,91
3/28/2016 14:00,-9.2,963.6,56.1,299,91
3/28/2016 15:00,-9.1,963.9,32.1,282,91
3/28/2016 16:00,-9.0,964.6,63.0,298,92
3/28/2016 17:00,-8.9,964.9,61.2,298,92
3/28/2016 18:00,-8.9,965.4,61.9,298,92
3/28/2016 19:00,-9.0,965.5,61.9,301,92
3/28/2016 20:00,-9.0,965.6,61.9,298,92
3/28/2016 21:00,-9.0,965.6,63.2,298,92
3/28/2016 22:00,-8.8,965.3,63.3,298,92
3/28/2016 23:00,-8.7,964.8,65.6,299,92
3/29/2016 0:00,-8.8,964.3,25.9,275,92
3/29/2016 1:00,-8.6,963.1,62.6,298,92
3/29/2016 2:00,-8.5,961.7,61.2,298,92
3/29/2016 3:00,-8.2,960.0,61.9,298,92
3/29/2016 4:00,-8.0,958.6,62.6,301,92
3/29/2016 5:00,-7.6,956.4,62.6,298,93
3/29/2016 6:00,-7.3,954.5,63.9,298,93
3/29/2016 7:00,-7.0,953.0,63.3,298,93
3/29/2016 8:00,-6.7,950.6,64.8,299,94
3/29/2016 9:00,-6.4,947.4,26.7,309,94
3/29/2016 10:00,-6.0,944.5,62.5,298,94
3/29/2016 11:00,-6.4,943.2,61.9,299,94
3/29/2016 12:00,-6.5,942.5,61.3,298,94
3/29/2016 13:00,-6.6,941.4,61.9,301,94
3/29/2016 14:00,-6.6,941.0,61.9,298,94
3/29/2016 15:00,-6.6,939.9,63.3,298,94
3/29/2016 16:00,-6.4,940.0,63.3,298,94
3/29/2016 17:00,-6.3,939.3,64.5,299,94
3/29/2016 18:00,-6.3,938.8,28.9,308,94
3/29/2016 19:00,-6.1,938.4,63.3,298,94
3/29/2016 20:00,-6.0,937.4,62.6,298,94
3/29/2016 21:00,-5.8,937.3,61.9,298,94
3/29/2016 22:00,-5.6,936.9,61.9,301,95
3/29/2016 23:00,-5.6,937.2,61.9,298,95
3/30/2016 0:00,-5.2,937.5,63.3,298,95
3/30/2016 1:00,-5.0,937.9,63.9,298,95
3/30/2016 2:00,-4.7,938.0,63.3,298,95
3/30/2016 3:00,-4.5,937.9,63.9,298,95
3/30/2016 4:00,-4.2,938.1,63.8,298,95
3/30/2016 5:00,-3.8,937.6,62.6,301,95
3/30/2016 6:00,-3.8,937.8,61.6,303,96
3/30/2016 7:00,-3.0,938.1,28.1,316,96
3/30/2016 8:00,-2.4,937.7,62.6,298,97
3/30/2016 9:00,-2.2,939.2,63.3,298,97
3/30/2016 10:00,-2.1,941.3,63.3,298,98
3/30/2016 11:00,-2.2,943.6,61.3,298,99
3/30/2016 12:00,-2.1,946.0,61.3,298,99
3/30/2016 13:00,-2.1,948.3,61.3,298,99
3/30/2016 14:00,-2.6,950.6,61.9,298,99
3/30/2016 15:00,-3.2,952.8,61.3,298,98
3/30/2016 16:00,-3.4,953.9,61.9,298,97
3/30/2016 17:00,-3.3,955.0,61.3,298,97
3/30/2016 18:00,-2.9,956.0,66.3,300,98
3/30/2016 19:00,-2.6,957.1,61.9,301,98
3/30/2016 20:00,-2.5,958.4,62.6,301,98
3/30/2016 21:00,-2.7,959.7,55.0,297,98
3/30/2016 22:00,-2.7,960.7,61.9,298,98
3/30/2016 23:00,-2.5,961.7,61.9,298,98
3/31/2016 0:00,-2.5,962.6,62.6,298,99
3/31/2016 1:00,-2.3,963.6,62.6,298,99
3/31/2016 2:00,-2.3,964.7,63.3,298,99
3/31/2016 3:00,-2.5,965.5,63.9,298,99
3/31/2016 4:00,-2.6,966.1,63.6,299,99
3/31/2016 5:00,-2.6,966.5,62.6,298,98
3/31/2016 6:00,-2.7,967.8,63.3,298,98
3/31/2016 7:00,-2.9,968.7,63.3,298,98
3/31/2016 8:00,-3.0,969.5,64.3,298,98
3/31/2016 9:00,-3.0,970.2,61.0,300,98
3/31/2016 10:00,-3.2,971.4,62.6,301,98
3/31/2016 11:00,-3.3,972.6,53.2,310,98
3/31/2016 12:00,-3.7,972.7,35.5,280,97
3/31/2016 13:00,-4.0,972.7,62.6,298,97
3/31/2016 14:00,-4.2,972.9,63.3,298,97
3/31/2016 15:00,-4.4,973.7,61.9,298,97
3/31/2016 16:00,-4.5,973.8,61.3,298,96
3/31/2016 17:00,-4.7,974.4,61.3,298,96
3/31/2016 18:00,-4.9,974.4,61.9,301,96
3/31/2016 19:00,-5.0,974.3,62.6,298,96
3/31/2016 20:00,-5.1,974.1,63.3,298,96
3/31/2016 21:00,-5.1,973.9,63.9,298,96
3/31/2016 22:00,-5.1,973.7,62.9,300,96
3/31/2016 23:00,-5.2,973.6,59.6,293,96
4/1/2016 21:00,-6.4,960.8,61.9,298,94
4/1/2016 22:00,-6.4,960.2,62.6,301,94
4/1/2016 23:00,-6.3,959.8,62.6,298,94
4/2/2016 0:00,-6.5,959.7,63.3,298,94
4/2/2016 1:00,-6.6,959.4,63.3,298,94
4/2/2016 2:00,-6.8,959.0,60.3,298,93
4/2/2016 3:00,-6.9,958.7,60.4,301,94
4/2/2016 4:00,-6.9,958.6,63.2,298,93
4/2/2016 5:00,-7.0,958.7,61.2,298,93
4/2/2016 6:00,-7.1,958.6,61.9,298,93
4/2/2016 7:00,-7.2,958.6,62.6,301,93
4/2/2016 8:00,-7.1,958.9,62.6,298,93
4/2/2016 9:00,-7.0,959.0,63.3,298,93
4/2/2016 10:00,-6.8,959.1,63.3,298,93
4/2/2016 11:00,-6.6,959.2,63.0,298,93
4/2/2016 12:00,-6.6,959.1,62.6,301,93
4/2/2016 13:00,-6.5,959.5,62.6,298,93
4/2/2016 14:00,-6.6,959.8,61.9,298,93
4/2/2016 15:00,-6.7,960.0,62.6,298,93
4/2/2016 16:00,-6.7,960.2,62.1,301,93
4/2/2016 17:00,-6.9,960.8,62.6,298,93
4/2/2016 18:00,-6.8,961.1,63.2,298,93
4/2/2016 19:00,-6.9,961.7,63.3,298,93
4/2/2016 20:00,-7.1,962.3,63.9,298,93
4/2/2016 21:00,-7.3,962.4,63.2,301,93
4/2/2016 22:00,-7.3,962.7,62.6,298,93
4/2/2016 23:00,-7.5,963.4,61.9,298,93
4/3/2016 0:00,-7.5,963.4,61.9,298,93
4/3/2016 1:00,-7.3,963.5,64.7,300,93
4/3/2016 2:00,-7.0,963.5,23.7,272,93
4/3/2016 3:00,-6.9,963.3,62.8,298,93
4/3/2016 4:00,-6.7,962.8,62.7,298,94
4/3/2016 5:00,-6.2,962.5,63.3,298,94
4/3/2016 6:00,-5.8,962.3,63.3,301,94
4/3/2016 7:00,-5.7,962.5,62.6,298,95
4/3/2016 8:00,-5.4,962.3,61.3,298,95
4/3/2016 9:00,-5.2,963.1,61.9,298,95
4/3/2016 10:00,-5.0,963.7,60.0,299,95
4/3/2016 11:00,-5.0,963.9,36.4,303,96
4/3/2016 12:00,-4.7,964.3,62.6,298,96
4/3/2016 13:00,-4.8,964.6,63.9,298,96
4/3/2016 14:00,-5.0,964.4,61.9,298,95
4/3/2016 15:00,-5.2,965.0,62.6,301,95
4/3/2016 16:00,-5.4,964.9,62.6,298,95
4/3/2016 17:00,-5.6,965.1,61.9,298,95
4/3/2016 18:00,-5.9,965.4,61.9,298,94
4/3/2016 19:00,-5.5,964.7,63.9,298,94
4/3/2016 20:00,-5.7,964.6,50.3,300,94
4/3/2016 21:00,-6.0,964.4,61.9,298,93
4/3/2016 22:00,-6.3,964.7,63.9,298,93
4/3/2016 23:00,-6.6,965.0,63.3,298,92
4/4/2016 0:00,-6.7,965.0,63.2,300,92
4/4/2016 1:00,-5.9,964.9,66.1,298,92
4/4/2016 2:00,-7.2,965.5,62.5,299,92
4/4/2016 3:00,-7.6,965.2,61.9,298,91
4/4/2016 4:00,-7.8,965.4,61.9,298,91
4/4/2016 5:00,-7.4,965.5,61.5,300,91
4/4/2016 6:00,-7.6,966.2,61.3,298,91
4/4/2016 7:00,-7.7,966.8,63.9,298,91
4/4/2016 8:00,-7.8,967.2,63.3,298,90
4/4/2016 9:00,-7.9,967.5,63.3,298,90
4/4/2016 10:00,-7.5,967.7,63.0,298,90
4/4/2016 11:00,-7.6,967.8,61.6,297,90
4/4/2016 12:00,-7.6,968.1,61.3,298,90
4/4/2016 13:00,-7.2,968.5,61.9,298,90
4/4/2016 14:00,-7.6,968.8,61.3,300,90
4/4/2016 15:00,-7.7,969.0,62.6,299,90
4/4/2016 16:00,-7.8,969.3,63.3,298,89
4/4/2016 17:00,-8.1,969.7,63.9,298,89
4/4/2016 18:00,-8.4,970.0,64.5,299,88
4/4/2016 19:00,-9.0,970.4,57.7,292,88
4/4/2016 20:00,-8.7,970.7,50.1,303,87
4/4/2016 21:00,-8.2,970.9,61.9,298,86
4/4/2016 22:00,-8.2,971.3,61.3,298,89
4/4/2016 23:00,-10.2,971.7,61.9,300,90
4/5/2016 0:00,-11.2,971.9,61.8,299,87
4/5/2016 1:00,-11.4,971.8,62.6,298,85
4/5/2016 2:00,-11.4,972.0,63.2,298,86
4/5/2016 3:00,-11.7,971.8,67.0,299,85
4/5/2016 4:00,-12.7,971.7,61.6,301,84
4/5/2016 5:00,-12.4,971.7,63.2,299,84
4/5/2016 6:00,-11.3,971.6,63.2,298,85
4/5/2016 7:00,-11.4,971.8,61.9,298,85
4/5/2016 8:00,-10.9,971.9,61.2,299,85
4/5/2016 9:00,-9.0,972.0,61.5,299,90
4/5/2016 10:00,-9.6,971.7,62.6,300,85
4/5/2016 11:00,-11.0,971.3,62.6,298,84
4/5/2016 12:00,-11.0,970.6,62.6,298,84
4/5/2016 13:00,-8.7,969.8,62.6,299,84
4/5/2016 14:00,-9.5,969.4,64.6,299,82
4/5/2016 15:00,-8.8,968.5,58.2,296,81
4/5/2016 16:00,-9.8,967.9,61.9,298,83
4/5/2016 17:00,-10.8,967.2,61.3,298,83
4/5/2016 18:00,-10.5,966.1,61.2,299,81
4/5/2016 19:00,-9.6,964.7,62.0,300,80
4/5/2016 20:00,-9.1,963.0,63.2,298,80
4/5/2016 21:00,-8.4,960.8,63.1,298,79
4/5/2016 22:00,-8.6,960.0,63.7,298,77
4/5/2016 23:00,-8.7,958.6,63.0,298,76
4/6/2016 0:00,-8.8,957.2,62.6,300,80
4/6/2016 1:00,-9.3,955.9,62.6,298,83
4/6/2016 2:00,-9.7,953.4,63.2,298,88
4/6/2016 3:00,-10.5,952.5,63.5,298,90
4/6/2016 4:00,-10.3,952.0,63.2,298,90
4/6/2016 5:00,-10.1,951.2,36.1,311,91
4/6/2016 6:00,-10.1,949.5,63.2,298,91
4/6/2016 7:00,-10.5,949.5,61.2,298,90
4/6/2016 8:00,-10.6,948.4,59.2,299,90
4/6/2016 9:00,-10.4,947.9,62.6,300,90
4/6/2016 10:00,-10.0,948.2,62.6,298,91
4/6/2016 11:00,-9.6,948.5,63.2,298,91
4/6/2016 12:00,-9.4,949.6,63.2,299,91
4/6/2016 13:00,-9.1,950.8,63.5,298,92
4/6/2016 14:00,-9.1,951.1,34.3,304,91
4/6/2016 15:00,-9.3,951.8,62.6,298,91
4/6/2016 16:00,-9.5,952.8,61.2,298,91
4/6/2016 17:00,-9.5,952.9,61.1,296,91
4/6/2016 18:00,-9.5,953.9,61.9,300,91
4/6/2016 19:00,-9.6,954.4,61.9,298,91
4/6/2016 20:00,-9.0,955.8,63.2,298,91
4/6/2016 21:00,-8.6,956.0,62.6,298,91
4/6/2016 22:00,-8.1,957.0,63.8,299,91
4/6/2016 23:00,-7.4,957.7,43.6,284,92
4/7/2016 0:00,-7.5,958.1,62.5,298,92
4/7/2016 1:00,-7.6,958.5,61.2,298,92
4/7/2016 2:00,-7.6,960.3,62.6,298,91
4/7/2016 3:00,-6.9,961.0,61.9,301,91
4/7/2016 4:00,-7.1,961.6,61.9,298,91
4/7/2016 5:00,-7.4,962.0,63.3,298,91
4/7/2016 6:00,-7.2,963.3,63.3,298,90
4/7/2016 7:00,-8.3,964.1,72.3,299,89
4/7/2016 8:00,-7.3,964.4,31.1,295,90
4/7/2016 9:00,-7.1,965.0,62.3,298,90
4/7/2016 10:00,-6.9,966.0,61.9,298,92
4/7/2016 11:00,-6.6,966.7,61.9,298,93
4/7/2016 12:00,-8.3,966.9,62.6,298,90
4/7/2016 13:00,-7.6,967.8,61.2,300,88
4/7/2016 14:00,-8.2,967.2,62.6,301,89
4/7/2016 15:00,-9.7,967.3,61.9,298,84
4/7/2016 16:00,-10.1,966.9,63.2,298,82
4/7/2016 17:00,-11.7,967.4,63.2,298,77
4/7/2016 18:00,-10.8,967.2,64.0,299,75
4/7/2016 19:00,-11.5,967.1,28.3,306,68
4/7/2016 20:00,-12.2,966.9,63.2,298,69
4/7/2016 21:00,-11.9,966.0,61.3,298,67
4/7/2016 22:00,-11.7,964.9,61.3,298,62
4/7/2016 23:00,-10.7,964.4,63.3,300,63
4/8/2016 0:00,-11.6,963.3,62.6,298,55
4/8/2016 1:00,-10.2,962.4,63.9,298,46
4/8/2016 2:00,-9.9,961.1,63.9,298,39
4/8/2016 3:00,-9.9,960.2,63.9,298,46
4/8/2016 4:00,-10.1,959.4,63.0,301,38
4/8/2016 5:00,-10.1,959.0,62.6,298,43
4/8/2016 6:00,-10.3,958.9,61.9,298,43
4/8/2016 7:00,-11.3,958.6,61.3,298,54
4/8/2016 8:00,-10.8,958.4,61.9,301,48
4/8/2016 9:00,-11.4,958.5,62.6,298,49
4/8/2016 10:00,-11.0,958.3,63.3,298,49
4/8/2016 11:00,-10.0,958.3,63.9,298,45
4/8/2016 12:00,-9.5,958.4,63.9,298,50
4/8/2016 13:00,-9.3,958.7,62.6,301,57
4/8/2016 14:00,-8.5,958.4,62.5,298,55
4/8/2016 15:00,-9.2,958.3,61.9,298,50
4/8/2016 16:00,-11.2,958.1,61.3,298,53
4/8/2016 17:00,-13.8,958.2,60.8,298,62
4/8/2016 18:00,-14.7,958.2,14.4,265,64
4/8/2016 19:00,-14.5,958.2,61.9,298,60
4/8/2016 20:00,-15.3,958.3,61.6,298,60
4/8/2016 21:00,-16.0,958.0,63.9,298,63
4/8/2016 22:00,-15.4,957.7,63.2,301,61
4/8/2016 23:00,-16.1,957.3,63.2,298,61
4/9/2016 0:00,-17.7,957.1,61.9,298,66
4/9/2016 1:00,-17.2,956.3,61.9,298,64
4/9/2016 2:00,-17.3,955.8,63.4,299,63
4/9/2016 3:00,-13.5,955.3,25.6,315,42
4/9/2016 4:00,-12.9,954.9,62.6,298,39
4/9/2016 5:00,-13.3,955.1,62.3,298,43
4/9/2016 6:00,-14.4,955.1,63.9,298,48
4/9/2016 7:00,-16.2,955.3,62.6,301,56
4/9/2016 8:00,-14.5,955.1,62.6,298,51
4/9/2016 9:00,-16.4,955.2,61.9,298,58
4/9/2016 10:00,-15.3,955.7,61.9,298,61
4/9/2016 11:00,-12.9,955.3,58.9,299,47
4/9/2016 12:00,-13.1,955.5,59.2,306,49
4/9/2016 13:00,-13.2,955.5,61.9,298,53
4/9/2016 14:00,-12.1,955.3,63.2,298,45
4/9/2016 15:00,-12.2,954.9,63.2,298,49
4/9/2016 16:00,-12.6,954.8,63.2,301,50
4/9/2016 17:00,-12.7,955.1,63.2,298,44
4/9/2016 18:00,-12.8,955.3,61.9,298,38
4/9/2016 19:00,-13.8,955.5,61.9,298,40
4/9/2016 20:00,-13.2,956.1,61.3,298,39
4/9/2016 21:00,-13.5,955.8,61.9,301,38
4/9/2016 22:00,-12.6,955.9,61.9,298,34
4/9/2016 23:00,-13.4,956.2,63.9,298,39
4/10/2016 0:00,-12.9,956.4,63.9,298,34
4/10/2016 1:00,-13.9,956.5,63.2,301,35
4/10/2016 2:00,-14.1,956.5,63.2,298,36
4/10/2016 3:00,-14.6,956.6,61.9,298,40
4/10/2016 4:00,-15.6,956.2,62.6,298,44
4/10/2016 5:00,-15.7,956.1,61.2,298,46
4/10/2016 6:00,-15.7,956.1,41.6,305,46
4/10/2016 7:00,-15.5,955.5,62.6,298,41
4/10/2016 8:00,-15.6,955.2,63.2,298,45
4/10/2016 9:00,-15.7,954.8,63.9,298,46
4/10/2016 10:00,-16.0,954.5,62.6,301,47
4/10/2016 11:00,-15.8,954.0,43.2,286,49
4/10/2016 12:00,-15.5,953.8,61.3,298,51
4/10/2016 13:00,-15.3,953.6,62.6,298,51
4/10/2016 14:00,-15.4,953.5,61.6,299,52
4/10/2016 15:00,-15.7,953.5,57.5,302,56
4/10/2016 16:00,-15.8,953.6,61.9,298,56
4/10/2016 17:00,-15.6,953.4,62.0,299,56
4/10/2016 18:00,-15.5,953.4,63.9,298,56
4/10/2016 19:00,-15.3,953.3,63.2,301,56
4/10/2016 20:00,-15.2,953.1,63.2,298,54
4/10/2016 21:00,-15.3,953.1,61.3,298,56
4/10/2016 22:00,-14.9,953.2,61.3,298,49
4/10/2016 23:00,-14.6,953.4,60.5,299,45
4/11/2016 0:00,-15.1,953.6,46.6,285,51
4/11/2016 1:00,-14.6,953.6,62.1,298,48
4/11/2016 2:00,-14.2,953.8,62.6,298,46
4/11/2016 3:00,-14.0,953.6,62.6,298,47
4/11/2016 4:00,-13.8,953.4,63.2,301,40
4/11/2016 5:00,-14.1,953.3,63.2,298,46
4/11/2016 6:00,-13.8,953.5,61.3,298,43
4/11/2016 7:00,-14.0,953.7,61.9,298,46
4/11/2016 8:00,-13.7,953.8,58.0,300,40
4/11/2016 9:00,-13.3,954.0,54.6,289,40
4/11/2016 10:00,-13.3,954.0,62.9,298,40
4/11/2016 11:00,-12.9,954.3,63.9,298,41
4/11/2016 12:00,-13.2,954.6,63.2,298,38
4/11/2016 13:00,-12.8,955.2,63.2,301,35
4/11/2016 14:00,-13.3,955.7,63.2,298,39
4/11/2016 15:00,-14.2,955.9,61.9,298,36
4/11/2016 16:00,-14.8,956.2,61.3,298,37
4/11/2016 17:00,-15.5,956.6,43.1,299,36
4/11/2016 18:00,-15.3,957.1,20.8,307,34
4/11/2016 19:00,-16.5,958.0,62.1,298,37
4/11/2016 20:00,-16.9,958.9,63.2,298,41
4/11/2016 21:00,-16.3,959.1,63.2,298,37
4/11/2016 22:00,-17.1,960.0,62.2,300,45
4/11/2016 23:00,-16.9,960.5,62.6,298,42
4/12/2016 0:00,-18.4,961.0,61.3,298,48
4/12/2016 1:00,-18.3,961.5,61.9,301,48
4/12/2016 2:00,-18.6,962.1,62.6,298,46
4/12/2016 3:00,-17.9,962.5,63.9,298,44
4/12/2016 4:00,-18.4,963.5,62.9,298,45
4/12/2016 5:00,-18.8,964.1,63.2,298,45
4/12/2016 6:00,-19.1,964.8,61.9,298,46
4/12/2016 7:00,-20.6,965.9,62.6,301,53
4/12/2016 8:00,-19.0,966.7,61.9,298,49
4/12/2016 9:00,-18.2,967.5,62.6,298,48
4/12/2016 10:00,-17.1,968.0,63.9,298,45
4/12/2016 11:00,-16.3,968.6,63.9,298,43
4/12/2016 12:00,-17.0,969.2,43.2,304,46
4/12/2016 13:00,-16.2,969.7,62.6,298,44
4/12/2016 14:00,-15.9,970.0,61.9,298,46
4/12/2016 15:00,-17.3,970.4,61.9,298,48
4/12/2016 16:00,-18.9,970.7,61.9,301,53
4/12/2016 17:00,-19.4,970.8,63.2,298,51
4/12/2016 18:00,-19.5,971.5,62.9,298,50
4/12/2016 19:00,-19.4,971.7,57.2,294,52
4/12/2016 20:00,-18.1,972.1,61.9,298,50
4/12/2016 21:00,-21.0,972.9,61.9,298,56
4/12/2016 22:00,-20.3,972.7,62.6,298,55
4/12/2016 23:00,-20.2,972.4,63.2,298,56
4/13/2016 0:00,-20.4,972.6,62.6,301,56
4/13/2016 1:00,-20.7,972.4,62.6,298,58
4/13/2016 2:00,-21.0,972.4,62.6,298,60
4/13/2016 3:00,-20.9,972.4,57.9,301,59
4/13/2016 4:00,-20.6,972.4,63.2,298,59
4/13/2016 5:00,-20.1,972.4,63.6,298,59
4/13/2016 6:00,-19.8,972.5,63.2,298,58
4/13/2016 7:00,-20.1,973.0,61.9,298,58
4/13/2016 8:00,-18.7,973.3,61.9,298,55
4/13/2016 9:00,-17.3,973.8,61.4,302,53
4/13/2016 10:00,-14.9,973.8,61.9,298,50
4/13/2016 11:00,-13.3,973.6,62.6,298,48
4/13/2016 12:00,-11.3,973.6,63.3,298,43
4/13/2016 13:00,-9.4,973.4,55.2,299,36
4/13/2016 14:00,-9.4,973.4,19.0,326,35
4/13/2016 15:00,-9.4,973.1,62.6,298,35
4/13/2016 16:00,-9.0,972.6,61.9,298,31
4/13/2016 17:00,-9.4,972.5,61.3,298,34
4/13/2016 18:00,-10.6,972.0,61.9,301,34
4/13/2016 19:00,-10.3,972.2,61.9,298,34
4/13/2016 20:00,-13.1,972.3,63.2,298,41
4/13/2016 21:00,-14.1,971.9,63.2,298,42
4/13/2016 22:00,-13.8,971.7,63.0,298,42
4/13/2016 23:00,-12.1,971.1,45.5,303,42
4/14/2016 0:00,-11.3,970.6,62.6,298,38
4/14/2016 1:00,-9.7,970.2,61.9,298,31
4/14/2016 2:00,-11.9,969.9,61.3,298,40
4/14/2016 3:00,-14.2,969.5,61.8,301,45
4/14/2016 4:00,-13.9,968.7,61.8,298,46
4/14/2016 5:00,-13.0,968.5,63.2,298,43
4/14/2016 6:00,-14.3,968.3,63.2,298,45
4/14/2016 7:00,-9.3,967.8,63.2,298,34
4/14/2016 8:00,-12.2,967.5,63.1,302,40
4/14/2016 9:00,-7.3,966.1,63.3,298,33
4/14/2016 10:00,-5.6,966.0,61.3,298,30
4/14/2016 11:00,-6.0,966.2,61.3,298,35
4/14/2016 12:00,-5.2,966.5,62.2,300,30
4/14/2016 13:00,-5.9,966.2,41.5,280,33
4/14/2016 14:00,-6.1,965.8,61.9,298,34
4/14/2016 15:00,-7.4,966.3,63.8,298,38
4/14/2016 16:00,-8.2,966.7,63.3,298,40
4/14/2016 17:00,-8.2,967.2,62.6,301,39
4/14/2016 18:00,-9.5,968.0,62.6,298,44
4/14/2016 19:00,-9.5,967.5,63.2,298,44
4/14/2016 20:00,-9.3,967.6,61.8,299,42
4/14/2016 21:00,-9.0,967.7,61.3,298,37
4/14/2016 22:00,-8.3,967.8,60.6,301,36
4/14/2016 23:00,-8.5,967.6,61.9,298,34
4/15/2016 0:00,-8.4,967.4,63.9,298,37
4/15/2016 1:00,-7.6,967.5,63.9,298,35
4/15/2016 2:00,-8.4,967.5,62.9,300,41
4/15/2016 3:00,-8.8,966.9,62.9,298,39
4/15/2016 4:00,-8.6,966.5,59.1,296,33
4/15/2016 5:00,-8.8,966.6,61.3,298,34
4/15/2016 6:00,-9.6,966.5,62.3,298,37
4/15/2016 7:00,-9.7,966.2,42.8,294,38
4/15/2016 8:00,-10.0,966.3,61.9,299,39
4/15/2016 9:00,-9.5,966.2,63.2,298,37
4/15/2016 10:00,-9.4,966.0,63.3,298,39
4/15/2016 11:00,-9.4,965.7,62.6,300,39
4/15/2016 12:00,-9.0,965.3,60.9,298,38
4/15/2016 13:00,-8.7,965.1,59.1,300,33
4/15/2016 14:00,-9.5,964.8,61.9,298,38
4/15/2016 15:00,-10.2,964.4,61.9,298,38
4/15/2016 16:00,-11.2,964.2,61.3,300,38
4/15/2016 17:00,-11.3,963.8,61.9,299,37
4/15/2016 18:00,-11.7,963.4,63.2,298,36
4/15/2016 19:00,-12.0,963.3,63.2,298,34
4/15/2016 20:00,-13.1,963.0,62.0,299,36
4/15/2016 21:00,-12.1,962.4,54.8,288,35
4/15/2016 22:00,-12.4,962.1,57.9,298,33
4/15/2016 23:00,-13.6,962.0,62.6,298,34
4/16/2016 0:00,-14.1,961.7,62.0,298,36
4/16/2016 1:00,-13.9,961.5,61.9,300,35
4/16/2016 2:00,-13.0,961.0,61.9,299,30
4/16/2016 3:00,-13.6,960.9,63.2,298,32
4/16/2016 4:00,-14.1,960.7,62.6,298,34
4/16/2016 5:00,-13.9,960.5,62.6,299,31
4/16/2016 6:00,-14.1,960.4,62.6,300,32
4/16/2016 7:00,-14.2,960.2,51.0,300,31
4/16/2016 8:00,-14.0,960.0,62.6,298,31
4/16/2016 9:00,-14.2,959.9,61.9,298,32
4/16/2016 10:00,-14.2,959.5,61.3,300,34
4/16/2016 11:00,-14.2,959.3,62.6,299,35
4/16/2016 12:00,-14.6,959.0,62.6,298,36
4/16/2016 13:00,-14.5,958.8,63.2,298,34
4/16/2016 14:00,-14.7,958.5,63.8,298,35
4/16/2016 15:00,-15.0,958.4,58.8,292,35
4/16/2016 16:00,-15.6,958.2,49.6,299,35
4/16/2016 17:00,-16.3,958.1,63.2,298,36
4/16/2016 18:00,-16.4,958.3,61.9,298,36
4/16/2016 19:00,-15.8,958.6,61.3,299,36
4/16/2016 20:00,-16.7,958.7,61.9,300,36
4/16/2016 21:00,-16.1,958.8,62.6,298,36
4/16/2016 22:00,-17.4,959.2,63.2,298,40
4/16/2016 23:00,-17.6,959.8,63.1,298,40
4/17/2016 0:00,-16.4,960.9,62.3,299,38
4/17/2016 1:00,-17.3,961.8,59.7,294,39
4/17/2016 2:00,-17.8,962.1,62.6,298,42
4/17/2016 3:00,-18.7,962.6,62.6,298,41
4/17/2016 4:00,-19.0,962.9,61.4,298,43
4/17/2016 5:00,-18.5,963.6,62.6,298,42
4/17/2016 6:00,-19.1,964.0,63.8,298,45
4/17/2016 7:00,-18.9,964.8,65.5,299,43
4/17/2016 8:00,-18.1,965.9,62.6,298,39
4/17/2016 9:00,-17.3,966.7,61.3,298,43
4/17/2016 10:00,-18.1,967.0,62.2,299,45
4/17/2016 11:00,-16.5,967.8,55.5,299,38
4/17/2016 12:00,-15.3,968.4,48.2,305,36
4/17/2016 13:00,-15.6,969.0,61.9,298,39
4/17/2016 14:00,-17.0,969.7,63.2,298,40
4/17/2016 15:00,-16.1,970.8,62.6,299,36
4/17/2016 16:00,-16.3,971.5,62.3,300,37
4/17/2016 17:00,-16.6,972.1,62.6,298,36
4/17/2016 18:00,-16.1,973.8,61.9,298,36
4/17/2016 19:00,-17.0,974.3,61.9,298,41
4/17/2016 20:00,-17.3,974.5,62.5,298,36
4/17/2016 21:00,-16.2,975.4,60.9,302,33
4/17/2016 22:00,-15.9,976.8,62.6,298,33
4/17/2016 23:00,-14.4,977.5,63.2,298,29
4/18/2016 0:00,-15.6,977.8,63.1,298,33
4/18/2016 1:00,-17.1,978.8,60.6,300,37
4/18/2016 2:00,-16.9,979.8,62.5,297,38
4/18/2016 3:00,-16.2,980.1,62.9,298,35
4/18/2016 4:00,-16.0,980.8,61.9,298,36
4/18/2016 5:00,-15.8,981.4,61.3,298,36
4/18/2016 6:00,-13.1,981.7,62.6,301,32
4/18/2016 7:00,-11.9,982.2,62.6,298,28
4/18/2016 8:00,-12.1,982.8,62.6,298,31
4/18/2016 9:00,-11.8,983.3,62.6,298,36
4/18/2016 10:00,-11.1,984.0,58.9,300,37
4/18/2016 11:00,-10.7,984.5,61.9,301,37
4/18/2016 12:00,-10.4,985.0,62.1,298,37
4/18/2016 13:00,-10.1,985.7,62.5,299,36
4/18/2016 14:00,-10.0,986.1,61.3,298,38
4/18/2016 15:00,-10.1,986.7,61.9,301,37
4/18/2016 16:00,-9.9,987.2,61.9,298,37
4/18/2016 17:00,-9.6,987.6,63.2,298,37
4/18/2016 18:00,-9.7,987.6,63.5,298,38
4/18/2016 19:00,-9.5,987.9,67.6,299,38
4/18/2016 20:00,-9.1,988.4,27.5,308,38
4/18/2016 21:00,-8.6,988.9,62.6,298,34
4/18/2016 22:00,-8.9,988.7,61.9,298,39
4/18/2016 23:00,-8.5,988.9,61.9,298,37
4/19/2016 0:00,-8.5,989.1,61.9,301,37
4/19/2016 1:00,-8.3,989.0,62.6,298,36
4/19/2016 2:00,-7.8,989.1,62.6,298,34
4/19/2016 3:00,-8.0,989.1,63.9,298,37
4/19/2016 4:00,-8.2,989.6,64.9,298,36
4/19/2016 5:00,-9.6,990.4,53.7,298,45
4/19/2016 6:00,-10.3,990.6,62.6,298,40
4/19/2016 7:00,-9.7,990.2,61.3,298,36
4/19/2016 8:00,-8.9,989.4,61.3,298,41
4/19/2016 9:00,-8.8,990.1,62.3,301,46
4/19/2016 10:00,-8.4,990.3,61.0,296,44
4/19/2016 11:00,-7.8,989.7,62.6,298,43
4/19/2016 12:00,-7.1,989.4,63.9,298,42
4/19/2016 13:00,-6.5,989.4,63.3,298,38
4/19/2016 14:00,-6.2,988.7,63.3,301,40
4/19/2016 15:00,-5.8,989.2,62.6,298,40
4/19/2016 16:00,-5.8,989.3,61.9,298,42
4/19/2016 17:00,-5.6,989.2,61.9,298,41
4/19/2016 18:00,-5.2,989.1,61.6,299,37
4/19/2016 19:00,-4.9,989.0,33.4,324,37
4/19/2016 20:00,-4.8,989.9,62.6,298,38
4/19/2016 21:00,-4.9,989.6,62.5,299,41
4/19/2016 22:00,-4.6,989.6,63.9,298,38
4/19/2016 23:00,-5.3,990.0,63.3,301,43
4/20/2016 0:00,-5.4,989.7,63.3,298,46
4/20/2016 1:00,-5.1,989.8,61.3,298,45
4/20/2016 2:00,-4.8,989.3,61.9,298,36
4/20/2016 3:00,-5.0,989.3,62.9,298,35
4/20/2016 4:00,-5.7,988.6,41.4,301,43
4/20/2016 5:00,-6.3,987.8,62.5,298,53
4/20/2016 6:00,-5.0,987.7,63.9,298,40
4/20/2016 7:00,-5.2,987.2,63.3,298,45
4/20/2016 8:00,-4.6,986.8,63.2,300,39
4/20/2016 9:00,-4.9,986.6,62.6,298,32
4/20/2016 10:00,-4.5,985.9,61.5,298,33
4/20/2016 11:00,-3.0,985.0,62.6,298,27
4/20/2016 12:00,-3.7,984.3,61.3,298,34
4/20/2016 13:00,-4.0,983.8,61.2,298,35
4/20/2016 14:00,-4.4,984.1,61.3,298,36
4/20/2016 15:00,-4.9,983.3,50.2,299,37
4/20/2016 16:00,-4.6,982.6,59.5,303,40
4/20/2016 17:00,-4.9,982.8,62.6,298,40
4/20/2016 18:00,-8.9,983.1,63.2,298,58
4/20/2016 19:00,-8.4,983.1,63.3,298,52
4/20/2016 20:00,-7.5,983.2,62.6,301,37
4/20/2016 21:00,-7.0,983.5,63.3,298,36
4/20/2016 22:00,-6.4,982.7,61.3,298,37
4/20/2016 23:00,-5.2,982.2,62.6,298,33
4/21/2016 0:00,-5.3,982.8,61.3,298,37
4/21/2016 1:00,-6.2,982.2,61.9,301,37
4/21/2016 2:00,-5.8,982.4,61.9,298,41
4/21/2016 3:00,-7.2,982.4,63.3,298,43
4/21/2016 4:00,-6.5,981.8,63.3,298,43
4/21/2016 5:00,-5.8,981.5,68.8,299,37
4/21/2016 6:00,-7.0,981.6,27.4,300,39
4/21/2016 7:00,-8.0,981.3,63.2,298,49
4/21/2016 8:00,-6.7,982.4,60.6,299,39
4/21/2016 9:00,-6.8,982.1,61.3,298,35
4/21/2016 10:00,-7.5,981.1,61.9,301,46
4/21/2016 11:00,-6.2,982.7,62.4,298,41
4/21/2016 12:00,-6.3,982.5,63.3,298,33
4/21/2016 13:00,-6.1,980.9,63.3,298,41
4/21/2016 14:00,-5.1,980.9,62.6,298,37
4/21/2016 15:00,-7.3,981.5,46.4,306,43
4/21/2016 16:00,-6.3,981.6,63.3,298,37
4/21/2016 17:00,-7.2,982.4,61.9,298,43
4/21/2016 18:00,-7.4,982.6,61.9,298,39
4/21/2016 19:00,-6.4,981.4,62.5,301,30
4/21/2016 20:00,-7.5,982.1,62.3,298,36
4/21/2016 21:00,-7.4,981.7,62.8,298,36
4/21/2016 22:00,-8.0,981.9,63.9,298,38
4/21/2016 23:00,-9.0,981.9,63.2,298,41
4/22/2016 0:00,-9.2,981.4,62.6,301,40
4/22/2016 1:00,-8.8,980.9,63.2,298,38
4/22/2016 2:00,-8.8,980.7,61.9,298,38
4/22/2016 3:00,-10.7,980.4,61.3,298,42
4/22/2016 4:00,-11.2,980.5,56.7,299,41
4/22/2016 5:00,-14.5,980.7,58.1,297,53
4/22/2016 6:00,-15.4,980.3,62.3,298,56
4/22/2016 7:00,-15.9,979.9,62.8,299,56
4/22/2016 8:00,-16.0,980.0,62.6,298,56
4/22/2016 9:00,-15.0,979.5,63.2,301,54
4/22/2016 10:00,-14.1,978.8,62.6,298,51
4/22/2016 11:00,-11.8,977.5,61.3,298,47
4/22/2016 12:00,-9.6,976.8,61.3,298,37
4/22/2016 13:00,-9.9,975.8,62.5,299,45
4/22/2016 14:00,-10.0,975.7,56.9,310,40
4/22/2016 15:00,-10.8,974.8,61.9,298,38
4/22/2016 16:00,-10.2,974.3,63.9,298,37
4/22/2016 17:00,-10.7,973.8,62.6,298,37
4/22/2016 18:00,-10.6,973.3,62.6,301,35
4/22/2016 19:00,-12.1,972.3,63.2,298,40
4/22/2016 20:00,-12.2,970.7,61.9,298,46
4/22/2016 21:00,-12.2,969.7,61.9,298,47
4/22/2016 22:00,-12.2,969.3,60.9,298,47
4/22/2016 23:00,-11.7,969.5,43.1,291,47
4/23/2016 0:00,-9.6,968.4,62.5,299,39
4/23/2016 1:00,-8.8,967.9,63.2,298,40
4/23/2016 2:00,-8.2,967.6,63.9,298,39
4/23/2016 3:00,-7.7,967.5,63.3,301,39
4/23/2016 4:00,-7.6,967.4,63.2,298,41
4/23/2016 5:00,-7.8,967.0,62.1,298,37
4/23/2016 6:00,-8.4,967.3,61.3,298,39
4/23/2016 7:00,-7.5,967.4,61.9,298,31
4/23/2016 8:00,-7.2,967.6,60.1,304,30
4/23/2016 9:00,-7.4,967.8,62.6,298,29
4/23/2016 10:00,-7.4,968.0,62.6,298,32
4/23/2016 11:00,-7.5,968.0,63.3,298,30
4/23/2016 12:00,-7.9,968.5,63.1,300,31
4/23/2016 13:00,-8.2,968.4,55.8,291,31
4/23/2016 14:00,-8.7,968.7,62.6,298,35
4/23/2016 15:00,-8.9,968.5,61.9,298,36
4/23/2016 16:00,-8.6,968.6,61.9,298,36
4/23/2016 17:00,-8.1,968.4,61.9,301,40
4/23/2016 18:00,-8.0,968.3,61.9,298,44
4/23/2016 19:00,-7.4,968.3,63.3,298,44
4/23/2016 20:00,-7.1,968.6,63.3,298,47
4/23/2016 21:00,-6.7,968.8,63.9,298,47
4/23/2016 22:00,-6.9,969.1,61.6,295,54
4/23/2016 23:00,-6.6,968.5,62.1,298,53
4/24/2016 0:00,-6.1,968.8,61.9,298,50
4/24/2016 1:00,-5.7,969.1,61.3,298,46
4/24/2016 2:00,-5.5,968.9,62.6,301,47
4/24/2016 3:00,-5.3,968.4,62.6,298,50
4/24/2016 4:00,-4.8,968.0,62.6,298,48
4/24/2016 5:00,-4.8,967.8,63.3,298,55
4/24/2016 6:00,-4.8,968.0,63.5,298,57
4/24/2016 7:00,-5.5,968.8,50.3,285,66
4/24/2016 8:00,-6.3,970.8,62.6,298,88
4/24/2016 9:00,-6.6,972.5,61.9,298,93
4/24/2016 10:00,-6.6,974.2,61.5,298,93
4/24/2016 11:00,-6.7,975.4,62.6,301,92
4/24/2016 12:00,-6.8,975.9,61.9,298,91
4/24/2016 13:00,-6.7,976.5,63.3,298,90
4/24/2016 14:00,-6.7,976.6,63.3,298,84
4/24/2016 15:00,-6.2,976.6,68.7,300,71
4/24/2016 16:00,-5.8,976.1,48.5,281,63
4/24/2016 17:00,-5.4,976.1,62.9,298,56
4/24/2016 18:00,-5.1,975.6,61.3,298,55
4/24/2016 19:00,-4.8,975.6,61.3,298,54
4/24/2016 20:00,-4.5,976.0,61.9,301,54
4/24/2016 21:00,-4.4,975.9,62.6,298,57
4/24/2016 22:00,-4.1,975.1,63.3,298,52
5/2/2016 7:00,-15.6,974.6,62.6,298,30
5/2/2016 8:00,-15.5,974.5,62.6,298,30
5/2/2016 9:00,-15.2,974.4,55.8,304,29
5/2/2016 10:00,-15.4,974.9,63.2,298,33
5/2/2016 11:00,-15.3,975.0,61.3,298,33
5/2/2016 12:00,-15.3,975.3,61.3,298,36
5/2/2016 13:00,-15.0,974.9,62.6,301,35
5/2/2016 14:00,-15.0,975.0,62.6,298,34
5/2/2016 15:00,-14.3,974.6,63.2,298,32
5/2/2016 16:00,-13.8,974.9,63.9,298,33
5/2/2016 17:00,-13.9,975.2,63.4,299,33
5/2/2016 18:00,-13.5,975.1,58.6,302,32
5/2/2016 19:00,-13.2,975.2,62.5,298,31
5/2/2016 20:00,-13.1,975.0,60.6,298,34
5/2/2016 21:00,-12.6,975.2,61.3,298,33
5/2/2016 22:00,-12.3,975.5,61.9,301,35
5/2/2016 23:00,-12.1,975.7,62.6,298,34
5/3/2016 0:00,-11.7,975.5,63.9,298,33
5/3/2016 1:00,-11.6,975.5,63.9,298,32
5/3/2016 2:00,-11.4,975.7,71.6,299,34
5/3/2016 3:00,-11.0,975.5,63.2,301,33
5/3/2016 4:00,-10.8,975.6,63.2,298,36
5/3/2016 5:00,-10.9,975.7,61.3,298,43
5/3/2016 6:00,-10.6,975.9,61.9,298,42
5/3/2016 7:00,-10.4,976.3,62.0,301,45
5/3/2016 8:00,-10.3,976.7,61.9,298,52
5/3/2016 9:00,-10.3,977.7,63.9,298,58
5/3/2016 10:00,-10.4,978.5,63.2,298,70
5/3/2016 11:00,-10.6,978.9,63.6,298,84
5/3/2016 12:00,-10.4,979.1,26.1,315,88
5/3/2016 13:00,-10.4,979.5,63.2,298,89
5/3/2016 14:00,-10.5,980.0,61.2,298,88
5/3/2016 15:00,-10.5,980.2,61.3,298,88
5/3/2016 16:00,-10.3,980.3,61.9,301,87
5/3/2016 17:00,-10.3,980.8,61.9,298,83
5/3/2016 18:00,-10.8,981.0,63.9,298,86
5/3/2016 19:00,-10.6,980.5,63.9,298,87
5/3/2016 20:00,-10.5,981.0,62.4,300,82
5/3/2016 21:00,-11.1,981.7,26.5,272,82
5/3/2016 22:00,-11.0,981.3,62.0,298,78
5/3/2016 23:00,-10.8,981.6,61.9,298,76
5/4/2016 0:00,-10.9,981.6,62.6,298,76
5/4/2016 1:00,-10.4,980.5,61.9,301,75
5/4/2016 2:00,-10.4,980.3,61.9,298,73
5/4/2016 3:00,-10.5,979.8,63.9,298,73
5/4/2016 4:00,-10.4,979.7,63.9,298,77
5/4/2016 5:00,-10.1,978.9,69.7,299,84
5/4/2016 6:00,-10.3,978.7,15.1,290,86
5/4/2016 7:00,-10.4,978.4,62.8,298,87
5/4/2016 8:00,-10.5,977.5,61.3,298,88
5/4/2016 9:00,-10.9,977.2,61.3,298,89
5/4/2016 10:00,-10.8,975.9,61.9,301,89
5/4/2016 11:00,-10.5,974.9,61.9,298,90
5/4/2016 12:00,-10.3,974.3,63.2,298,90
5/4/2016 13:00,-10.2,972.6,63.2,298,90
5/4/2016 14:00,-9.9,971.1,66.8,299,91
5/4/2016 15:00,-9.7,969.5,51.0,312,91
5/4/2016 16:00,-9.7,968.5,62.6,298,91
5/4/2016 17:00,-9.6,967.7,60.6,298,91
5/4/2016 18:00,-9.6,967.3,61.3,298,91
5/4/2016 19:00,-10.0,966.2,62.4,300,91
5/4/2016 20:00,-10.2,965.6,62.6,298,90
5/4/2016 21:00,-10.4,964.9,62.6,298,90
5/4/2016 22:00,-10.8,964.6,62.6,298,90
5/4/2016 23:00,-10.5,964.4,63.9,298,90
5/5/2016 0:00,-10.9,964.6,25.9,296,90
5/5/2016 1:00,-11.0,965.4,62.6,298,90
5/5/2016 2:00,-10.7,966.5,61.9,298,90
5/5/2016 3:00,-10.8,966.8,61.9,298,90
5/5/2016 4:00,-10.8,966.8,61.9,301,90
5/5/2016 5:00,-10.7,966.6,62.6,298,90
5/5/2016 6:00,-10.6,967.8,63.2,298,90
5/5/2016 7:00,-10.3,967.6,63.9,298,90
5/5/2016 8:00,-10.0,968.4,60.9,299,91
5/5/2016 9:00,-9.8,968.4,31.4,289,91
5/5/2016 10:00,-9.7,968.6,62.6,298,91
5/5/2016 11:00,-9.4,968.8,61.3,299,91
5/5/2016 12:00,-9.2,969.0,61.9,298,91
5/5/2016 13:00,-9.1,969.5,61.9,301,92
5/5/2016 14:00,-8.9,970.4,62.6,298,92
5/5/2016 15:00,-9.0,970.4,62.6,298,92
5/5/2016 16:00,-8.9,970.5,63.3,298,92
5/5/2016 17:00,-8.9,970.9,56.5,299,92
5/5/2016 18:00,-8.9,971.2,44.7,283,92
5/5/2016 19:00,-8.9,972.0,62.4,298,92
5/5/2016 20:00,-8.9,972.4,61.9,298,92
5/5/2016 21:00,-8.8,972.8,61.9,298,92
5/5/2016 22:00,-8.7,973.3,61.9,301,92
5/5/2016 23:00,-8.6,974.0,62.6,298,92
5/6/2016 0:00,-8.8,974.1,63.9,298,92
5/6/2016 1:00,-8.6,974.7,63.9,298,92
5/6/2016 2:00,-8.4,974.9,62.1,299,92
5/6/2016 3:00,-8.4,974.9,27.1,280,92
5/6/2016 4:00,-8.3,976.1,62.6,298,92
5/6/2016 5:00,-8.2,976.0,61.9,298,92
5/6/2016 6:00,-8.0,976.1,61.9,298,93
5/6/2016 7:00,-8.0,976.7,61.9,301,92
5/6/2016 8:00,-8.0,976.7,61.9,298,93
5/6/2016 9:00,-8.1,976.8,62.6,298,92
5/6/2016 10:00,-8.1,977.4,63.9,298,92
5/6/2016 11:00,-8.1,977.6,60.2,299,92
5/6/2016 12:00,-8.2,977.6,57.4,306,92
5/6/2016 13:00,-8.2,978.2,63.3,298,92
5/6/2016 14:00,-7.9,978.1,61.3,298,93
5/6/2016 15:00,-7.7,977.9,61.9,298,93
5/6/2016 16:00,-7.6,977.7,61.9,301,93
5/6/2016 17:00,-7.6,978.1,62.6,298,93
5/6/2016 18:00,-7.7,978.4,62.6,298,93
5/6/2016 19:00,-7.7,978.8,63.9,298,93
5/6/2016 20:00,-7.8,978.7,68.2,299,93
5/6/2016 21:00,-7.8,978.0,62.6,301,93
5/6/2016 22:00,-7.6,978.0,63.3,298,93
5/6/2016 23:00,-7.6,977.2,61.9,298,93
5/7/2016 0:00,-7.5,976.9,61.3,298,93
5/7/2016 1:00,-7.6,976.5,61.9,301,93
5/7/2016 2:00,-7.9,975.9,61.9,298,93
5/7/2016 3:00,-8.3,975.5,63.3,298,92
5/7/2016 4:00,-8.5,974.4,63.9,298,92
5/7/2016 5:00,-8.5,972.9,63.3,298,92
5/7/2016 6:00,-8.5,972.0,63.2,301,92
5/7/2016 7:00,-8.2,971.2,63.3,298,92
5/7/2016 8:00,-8.3,970.6,61.9,298,92
5/7/2016 9:00,-8.4,969.9,61.9,298,92
5/7/2016 10:00,-8.6,969.1,68.5,299,92
5/7/2016 11:00,-8.9,968.0,54.6,309,92
5/7/2016 12:00,-9.3,966.8,61.9,298,91
5/7/2016 13:00,-9.2,965.3,63.2,298,91
5/7/2016 14:00,-9.5,963.7,61.3,298,91
5/7/2016 15:00,-9.2,962.3,61.3,300,91
5/7/2016 16:00,-9.3,961.8,62.5,298,91
5/7/2016 17:00,-9.7,960.8,60.3,300,90
5/7/2016 18:00,-9.8,960.1,63.9,298,90
5/7/2016 19:00,-10.0,959.7,62.7,298,90
5/7/2016 20:00,-10.1,959.2,63.2,300,90
5/7/2016 21:00,-9.9,958.1,62.6,299,90
5/7/2016 22:00,-9.6,957.8,61.9,298,90
5/7/2016 23:00,-9.2,958.2,61.9,298,90
5/8/2016 0:00,-8.8,957.7,60.4,300,91
5/8/2016 1:00,-8.4,957.6,61.4,298,91
5/8/2016 2:00,-8.0,957.5,60.5,299,91
5/8/2016 3:00,-8.0,957.2,63.3,298,90
5/8/2016 4:00,-8.1,956.7,63.9,298,90
5/8/2016 5:00,-8.0,958.1,63.2,300,91
5/8/2016 6:00,-8.1,959.3,61.9,299,90
5/8/2016 7:00,-8.0,959.8,61.9,298,90
5/8/2016 8:00,-8.2,960.4,61.9,298,90
5/8/2016 9:00,-8.1,960.0,61.3,298,90
5/8/2016 10:00,-8.1,960.4,27.9,310,90
5/8/2016 11:00,-8.1,961.2,61.9,299,90
5/8/2016 12:00,-8.4,961.7,62.5,298,90
5/8/2016 13:00,-8.8,961.9,63.2,298,90
5/8/2016 14:00,-9.0,960.4,63.2,300,90
5/8/2016 15:00,-9.2,961.0,63.3,299,90
5/8/2016 16:00,-9.3,961.8,61.8,295,90
5/8/2016 17:00,-9.7,961.1,61.3,298,89
5/8/2016 18:00,-9.9,960.3,64.0,299,89
5/8/2016 19:00,-9.8,959.9,31.1,317,89
5/8/2016 20:00,-9.6,959.7,62.6,299,89
5/8/2016 21:00,-9.7,959.4,63.2,298,89
5/8/2016 22:00,-9.5,959.2,63.9,298,89
5/8/2016 23:00,-9.9,959.0,62.7,299,89
5/9/2016 0:00,-10.1,958.8,63.2,299,88
5/9/2016 1:00,-10.4,958.7,62.6,298,88
5/9/2016 2:00,-10.5,958.2,62.3,298,88
5/9/2016 3:00,-10.4,957.9,64.1,299,87
5/9/2016 4:00,-10.2,957.9,61.9,299,87
5/9/2016 5:00,-10.4,957.8,62.6,300,87
5/9/2016 6:00,-10.7,958.1,63.2,298,86
5/9/2016 7:00,-11.4,957.8,63.9,298,86
5/9/2016 8:00,-11.7,958.2,63.1,299,85
5/9/2016 9:00,-12.3,958.1,60.6,299,85
5/9/2016 10:00,-12.3,958.0,61.2,297,84
5/9/2016 11:00,-13.1,959.3,62.0,298,84
5/9/2016 12:00,-13.6,960.2,62.0,298,84
5/9/2016 13:00,-14.3,960.5,57.0,297,83
5/9/2016 14:00,-14.1,960.4,62.6,300,82
5/9/2016 15:00,-14.5,960.9,61.9,298,82
5/9/2016 16:00,-14.9,962.0,63.2,298,83
5/9/2016 17:00,-14.5,962.1,62.6,299,82
5/9/2016 18:00,-14.2,962.6,63.1,300,82
5/9/2016 19:00,-13.8,962.9,63.2,298,82
5/9/2016 20:00,-13.3,963.0,62.6,298,81
5/9/2016 21:00,-12.9,963.8,61.9,298,81
5/9/2016 22:00,-12.7,962.6,44.9,294,82
5/9/2016 23:00,-12.3,962.6,59.7,301,82
5/10/2016 0:00,-12.1,963.0,62.6,298,81
5/10/2016 1:00,-11.9,963.1,63.2,298,81
5/10/2016 2:00,-11.6,963.5,63.2,299,80
5/10/2016 3:00,-11.4,963.4,63.2,300,80
5/10/2016 4:00,-11.2,963.2,62.6,298,80
5/10/2016 5:00,-11.3,963.1,61.3,298,79
5/10/2016 6:00,-10.6,963.3,61.0,298,79
5/10/2016 7:00,-10.7,963.4,55.5,298,79
5/10/2016 8:00,-10.4,963.3,48.8,305,76
5/10/2016 9:00,-10.3,963.6,62.6,298,76
5/10/2016 10:00,-11.7,963.3,63.9,298,75
5/10/2016 11:00,-11.9,963.7,63.2,298,73
5/10/2016 12:00,-12.0,964.1,63.3,300,73
5/10/2016 13:00,-11.6,963.9,62.6,298,71
5/10/2016 14:00,-11.2,964.2,61.3,298,70
5/10/2016 15:00,-10.8,963.9,62.0,298,68
5/10/2016 16:00,-10.2,964.5,61.8,298,68
5/10/2016 17:00,-9.9,964.8,45.8,299,65
5/10/2016 18:00,-9.5,965.0,61.9,298,61
5/10/2016 19:00,-9.6,965.6,63.9,298,61
5/10/2016 20:00,-10.2,966.2,63.9,298,63
5/10/2016 21:00,-9.9,966.1,62.6,301,57
5/10/2016 22:00,-9.4,966.4,63.2,298,54
5/10/2016 23:00,-9.6,966.8,61.9,298,56
5/11/2016 0:00,-9.7,967.2,61.9,298,54
5/11/2016 1:00,-9.6,967.3,62.6,298,50
5/11/2016 2:00,-10.1,967.4,61.9,301,51
5/11/2016 3:00,-10.4,967.8,62.6,298,42
5/11/2016 4:00,-10.4,967.8,63.9,298,46
5/11/2016 5:00,-10.6,968.2,63.2,298,45
5/11/2016 6:00,-11.5,968.4,63.9,298,47
5/11/2016 7:00,-11.5,968.6,62.0,301,42
5/11/2016 8:00,-11.8,968.9,62.6,298,43
5/11/2016 9:00,-11.7,969.5,61.9,298,42
5/11/2016 10:00,-12.1,970.0,61.9,298,42
5/11/2016 11:00,-12.7,970.1,61.9,301,47
5/11/2016 12:00,-12.9,970.3,61.9,298,46
5/11/2016 13:00,-12.5,970.5,63.2,298,40
5/11/2016 14:00,-12.7,970.8,63.2,298,43
5/11/2016 15:00,-12.5,971.1,63.9,298,43
5/11/2016 16:00,-12.5,971.3,41.5,313,40
5/11/2016 17:00,-12.1,971.6,62.6,298,38
5/11/2016 18:00,-12.0,971.9,61.9,298,39
5/11/2016 19:00,-11.8,972.3,61.9,298,40
5/11/2016 20:00,-12.6,972.5,64.3,300,43
5/11/2016 21:00,-12.4,972.7,62.1,302,42
5/11/2016 22:00,-11.9,973.1,63.0,298,40
5/11/2016 23:00,-12.0,973.1,63.0,298,42
5/12/2016 0:00,-11.8,973.6,63.9,298,37
5/12/2016 1:00,-11.8,973.7,62.6,301,39
5/12/2016 2:00,-12.4,973.7,62.6,298,42
5/12/2016 3:00,-12.8,973.5,61.9,298,44
5/12/2016 4:00,-12.3,973.5,61.3,298,40
5/12/2016 5:00,-11.6,973.6,61.7,298,41
5/12/2016 6:00,-11.2,973.8,30.3,296,48
5/12/2016 7:00,-11.5,974.2,61.9,298,64
5/12/2016 8:00,-11.0,974.3,63.2,298,53
5/12/2016 9:00,-11.0,974.8,63.2,298,56
5/12/2016 10:00,-10.5,974.7,63.2,301,53
5/12/2016 11:00,-10.7,975.1,63.2,298,56
5/12/2016 12:00,-10.9,975.1,61.9,298,56
5/12/2016 13:00,-11.0,975.2,61.3,298,57
5/12/2016 14:00,-11.1,975.0,63.9,299,55
5/12/2016 15:00,-11.1,975.2,46.4,305,55
5/12/2016 16:00,-11.3,974.9,61.9,298,54
5/12/2016 17:00,-11.7,974.7,62.9,299,54
5/12/2016 18:00,-11.7,974.6,63.2,298,59
5/12/2016 19:00,-11.8,974.5,63.2,301,65
5/12/2016 20:00,-11.6,973.9,63.2,298,70
5/12/2016 21:00,-11.7,973.8,61.3,298,65
5/12/2016 22:00,-12.4,973.4,61.3,298,63
5/12/2016 23:00,-12.2,973.2,62.0,298,64
5/13/2016 0:00,-12.0,972.9,55.0,307,68
5/13/2016 1:00,-12.2,972.6,62.6,298,67
5/13/2016 2:00,-12.2,972.0,62.6,298,67
5/13/2016 3:00,-12.3,971.9,63.2,298,68
5/13/2016 4:00,-12.6,971.6,62.7,300,73
5/13/2016 5:00,-12.5,971.2,62.6,298,67
5/13/2016 6:00,-13.3,971.0,62.1,298,67
5/13/2016 7:00,-13.1,970.6,61.3,298,60
5/13/2016 8:00,-13.4,970.4,62.6,298,56
5/13/2016 9:00,-14.1,970.5,62.6,301,57
5/13/2016 10:00,-14.7,970.2,61.9,298,59
5/13/2016 11:00,-14.9,970.4,63.2,298,60
5/13/2016 12:00,-15.3,970.5,63.9,298,61
5/13/2016 13:00,-14.9,970.1,65.2,300,58
5/13/2016 14:00,-15.0,969.9,35.9,285,60
5/13/2016 15:00,-15.1,969.6,63.2,298,58
5/13/2016 16:00,-14.8,969.2,61.9,298,52
5/13/2016 17:00,-15.1,969.0,61.3,298,50
5/13/2016 18:00,-14.8,968.9,61.9,301,49
5/13/2016 19:00,-14.7,968.6,61.9,298,46
5/13/2016 20:00,-14.4,968.9,63.2,298,42
5/13/2016 21:00,-14.6,968.7,63.9,298,44
5/13/2016 22:00,-14.5,968.4,63.2,298,45
5/13/2016 23:00,-14.4,968.5,18.5,331,42
5/14/2016 0:00,-13.6,967.9,63.2,298,38
5/14/2016 1:00,-13.9,968.2,61.3,298,39
5/14/2016 2:00,-13.1,968.1,61.3,298,34
5/14/2016 3:00,-13.1,967.6,62.5,301,34
5/14/2016 4:00,-12.8,967.3,61.9,298,30
5/14/2016 5:00,-12.8,967.4,63.2,298,36
5/14/2016 6:00,-12.5,967.2,63.9,298,31
5/14/2016 7:00,-12.0,967.8,63.7,298,33
5/14/2016 8:00,-12.3,968.1,59.5,304,35
5/14/2016 9:00,-12.0,967.9,63.2,298,37
5/14/2016 10:00,-11.8,967.9,62.6,298,46
5/14/2016 11:00,-11.3,968.5,61.9,298,40
5/14/2016 12:00,-11.2,968.7,62.6,301,41
5/14/2016 13:00,-10.6,969.1,62.6,298,37
5/14/2016 14:00,-10.7,969.4,63.9,298,38
5/14/2016 15:00,-11.0,969.8,63.9,298,41
5/14/2016 16:00,-11.1,970.1,63.1,298,42
5/14/2016 17:00,-11.0,970.6,47.7,301,40
5/14/2016 18:00,-10.9,970.4,62.6,298,38
5/14/2016 19:00,-10.4,970.5,62.6,298,37
5/14/2016 20:00,-10.1,970.8,61.9,298,35
5/14/2016 21:00,-10.3,971.2,62.0,301,35
5/14/2016 22:00,-10.3,971.8,62.6,298,36
5/14/2016 23:00,-10.9,971.9,63.2,298,39
5/15/2016 0:00,-10.4,971.9,62.6,298,40
5/15/2016 1:00,-10.7,971.8,63.9,298,44
5/15/2016 2:00,-10.0,971.5,63.2,301,33
5/15/2016 3:00,-10.4,971.5,63.2,298,39
5/15/2016 4:00,-11.2,971.2,62.6,298,42
5/15/2016 5:00,-10.6,971.3,61.9,298,35
5/15/2016 6:00,-11.8,971.4,53.4,299,40
5/15/2016 7:00,-12.8,971.8,46.7,309,45
5/15/2016 8:00,-14.0,971.7,62.6,298,50
5/15/2016 9:00,-15.3,971.9,63.2,298,57
5/15/2016 10:00,-16.0,971.8,63.2,298,58
5/15/2016 11:00,-16.5,971.8,62.6,301,58
5/15/2016 12:00,-17.1,971.9,63.2,298,61
5/15/2016 13:00,-17.8,971.9,61.9,298,59
5/15/2016 14:00,-18.2,971.7,61.3,298,59
5/15/2016 15:00,-18.7,972.1,57.3,305,59
5/15/2016 16:00,-19.3,971.9,63.9,298,60
5/15/2016 17:00,-19.6,972.4,63.2,298,59
5/15/2016 18:00,-19.9,972.4,63.2,298,58
5/15/2016 19:00,-18.9,972.1,61.3,298,51
5/15/2016 20:00,-19.4,972.7,59.8,300,49
5/15/2016 21:00,-18.7,972.8,61.9,298,40
5/15/2016 22:00,-19.1,973.1,62.6,298,42
5/15/2016 23:00,-20.2,972.8,63.3,298,46
5/16/2016 0:00,-19.1,972.7,63.2,298,39
5/16/2016 1:00,-19.1,972.5,61.9,298,41
5/16/2016 2:00,-19.0,972.4,61.9,301,40
5/16/2016 3:00,-18.8,972.4,63.0,298,38
5/16/2016 4:00,-19.1,972.6,63.2,298,42
5/16/2016 5:00,-19.2,972.6,47.0,312,41
5/16/2016 6:00,-19.2,972.9,61.9,298,39
5/16/2016 7:00,-19.3,972.6,61.9,298,42
5/16/2016 8:00,-18.4,973.3,61.6,297,36
5/16/2016 9:00,-19.2,973.5,63.9,298,38
5/16/2016 10:00,-19.1,973.5,65.4,299,36
5/16/2016 11:00,-18.8,973.6,62.6,298,37
5/16/2016 12:00,-18.6,973.7,62.6,298,35
5/16/2016 13:00,-18.8,974.0,61.9,298,35
5/16/2016 14:00,-18.9,974.0,62.6,301,36
5/16/2016 15:00,-18.7,973.5,62.6,298,35
5/16/2016 16:00,-18.1,973.6,63.9,298,34
5/16/2016 17:00,-17.8,973.2,63.9,298,34
5/16/2016 18:00,-18.3,973.1,61.9,298,37
5/16/2016 19:00,-18.6,972.8,61.9,298,36
5/16/2016 20:00,-18.0,972.3,63.0,298,34
5/16/2016 21:00,-17.4,971.8,63.7,299,32
5/16/2016 22:00,-17.3,971.6,63.2,298,32
5/16/2016 23:00,-17.0,971.0,38.0,307,33
5/17/2016 0:00,-16.9,970.1,62.6,298,32
5/17/2016 1:00,-15.9,969.0,61.9,298,30
5/17/2016 2:00,-15.5,968.8,62.0,298,31
5/17/2016 3:00,-15.6,968.1,61.9,301,31
5/17/2016 4:00,-15.2,967.2,61.9,298,30
5/17/2016 5:00,-14.9,966.6,63.8,298,30
5/17/2016 6:00,-14.7,967.1,63.9,298,30
5/17/2016 7:00,-14.6,966.4,63.9,298,29
5/17/2016 8:00,-14.3,965.8,63.0,301,30
5/17/2016 9:00,-14.4,966.2,62.6,298,28
5/17/2016 10:00,-13.9,966.3,62.6,298,30
5/17/2016 11:00,-13.7,966.0,62.6,298,30
5/17/2016 12:00,-12.9,965.4,61.4,301,24
5/17/2016 13:00,-12.8,965.2,62.3,299,26
5/17/2016 14:00,-12.9,964.9,63.2,298,31
5/17/2016 15:00,-12.6,964.9,62.6,298,34
5/17/2016 16:00,-12.5,964.8,63.9,298,33
5/17/2016 17:00,-11.5,965.0,49.5,303,28
5/17/2016 18:00,-11.7,965.3,63.1,298,40
5/17/2016 19:00,-12.0,965.0,61.2,298,57
5/17/2016 20:00,-11.3,965.6,61.3,298,48
5/17/2016 21:00,-11.0,965.3,61.9,301,39
5/17/2016 22:00,-11.0,965.6,61.9,298,39
5/17/2016 23:00,-10.6,965.3,62.6,298,37
5/18/2016 0:00,-10.1,964.9,63.9,298,37
5/18/2016 1:00,-9.3,965.2,62.5,299,37
5/18/2016 2:00,-8.7,964.8,37.7,309,38
5/18/2016 3:00,-8.4,964.7,61.5,298,41
5/18/2016 4:00,-8.2,964.1,61.3,298,40
5/18/2016 5:00,-8.2,964.4,61.9,298,39
5/18/2016 6:00,-7.9,964.9,61.9,301,39
5/18/2016 7:00,-8.2,965.2,62.6,298,42
5/18/2016 8:00,-8.8,965.6,63.2,298,46
5/18/2016 9:00,-8.8,966.0,63.9,298,44
5/18/2016 10:00,-8.4,966.4,57.0,300,41
5/18/2016 11:00,-8.1,965.8,56.6,287,38
5/18/2016 12:00,-7.9,966.4,62.2,298,40
5/18/2016 13:00,-7.7,966.0,61.9,298,38
5/18/2016 14:00,-7.8,965.7,61.9,298,41
5/18/2016 15:00,-7.9,965.7,61.9,301,42
5/18/2016 16:00,-7.5,965.8,61.9,298,40
5/18/2016 17:00,-7.5,966.0,63.3,298,40
5/18/2016 18:00,-7.2,965.3,63.3,298,37
5/18/2016 19:00,-7.3,965.5,67.4,300,34
5/18/2016 20:00,-7.8,965.9,54.7,307,38
5/18/2016 21:00,-7.5,965.8,61.8,298,38
5/18/2016 22:00,-7.3,965.5,61.9,298,38
5/18/2016 23:00,-6.8,964.5,61.3,298,37
5/19/2016 0:00,-6.2,964.2,61.3,300,36
5/19/2016 1:00,-6.8,964.0,62.6,299,36
5/19/2016 2:00,-6.8,963.5,62.6,298,38
5/19/2016 3:00,-6.9,962.9,62.6,298,40
5/19/2016 4:00,-6.8,962.5,64.9,300,40
5/19/2016 5:00,-6.5,962.2,58.9,294,38
5/19/2016 6:00,-6.2,962.1,53.7,290,40
5/19/2016 7:00,-6.3,962.5,61.2,298,41
5/19/2016 8:00,-6.4,962.4,61.3,298,43
5/19/2016 9:00,-6.8,962.7,61.9,300,49
5/19/2016 10:00,-7.0,962.7,62.6,299,53
5/19/2016 11:00,-6.7,962.9,63.3,298,49
5/19/2016 12:00,-6.8,963.2,63.3,298,50
5/19/2016 13:00,-7.1,963.3,62.4,298,52
5/19/2016 14:00,-7.7,963.6,41.7,298,63
5/19/2016 15:00,-7.7,963.9,49.0,305,60
5/19/2016 16:00,-7.5,964.2,63.3,298,44
5/19/2016 17:00,-7.9,964.6,61.9,298,44
5/19/2016 18:00,-8.5,965.0,61.9,300,46
5/19/2016 19:00,-8.6,965.0,62.6,299,37
5/19/2016 20:00,-8.6,964.7,62.6,298,34
5/19/2016 21:00,-8.9,964.9,63.9,298,34
5/19/2016 22:00,-9.3,965.3,62.4,299,36
5/19/2016 23:00,-9.5,965.5,36.7,292,35
5/20/2016 0:00,-9.5,965.5,62.4,299,34
5/20/2016 1:00,-10.4,965.4,63.2,298,38
5/20/2016 2:00,-11.3,965.2,61.9,298,38
5/20/2016 3:00,-11.4,965.2,61.3,300,37
5/20/2016 4:00,-11.5,965.4,62.5,299,37
5/20/2016 5:00,-11.5,965.0,58.0,294,39
5/20/2016 6:00,-12.2,964.9,63.9,298,39
5/20/2016 7:00,-12.4,965.0,64.0,299,41
5/20/2016 8:00,-12.2,964.5,62.2,300,36
5/20/2016 9:00,-13.0,964.5,62.6,300,41
5/20/2016 10:00,-12.9,964.2,61.9,298,41
5/20/2016 11:00,-11.4,963.9,61.9,298,37
5/20/2016 12:00,-11.2,963.8,61.3,299,37
5/20/2016 13:00,-10.7,963.2,66.2,299,36
5/20/2016 14:00,-10.4,962.3,56.4,307,36
5/20/2016 15:00,-10.5,960.9,63.3,298,37
5/20/2016 16:00,-10.6,959.3,63.6,298,38
5/20/2016 17:00,-10.5,957.8,63.2,299,38
5/20/2016 18:00,-10.5,958.0,63.2,300,38
5/20/2016 19:00,-10.9,957.2,62.8,298,39
5/20/2016 20:00,-11.0,956.2,61.3,298,39
5/20/2016 21:00,-11.2,955.3,61.9,299,43
5/20/2016 22:00,-10.6,954.3,61.5,299,48
5/20/2016 23:00,-10.0,953.8,42.8,310,48
5/21/2016 0:00,-10.0,952.1,62.0,298,51
5/21/2016 1:00,-10.0,951.6,62.5,298,48
5/21/2016 2:00,-9.7,949.9,62.3,297,46
5/21/2016 3:00,-9.5,947.7,62.6,300,52
5/21/2016 4:00,-9.0,946.2,62.6,298,56
5/21/2016 5:00,-8.1,943.8,61.9,298,48
5/21/2016 6:00,-8.5,942.7,61.3,299,64
5/21/2016 7:00,-7.9,940.3,69.8,299,54
5/21/2016 8:00,-7.7,938.9,30.1,311,55
5/21/2016 9:00,-8.1,938.5,62.1,298,64
5/21/2016 10:00,-7.0,936.8,62.6,298,52
5/21/2016 11:00,-6.3,934.8,63.2,299,47
5/21/2016 12:00,-5.8,932.6,63.2,300,45
5/21/2016 13:00,-5.7,932.3,62.6,298,52
5/21/2016 14:00,-6.8,932.0,61.3,298,77
5/21/2016 15:00,-7.2,931.4,61.9,298,93
5/21/2016 16:00,-7.2,930.2,61.8,299,93
5/21/2016 17:00,-7.2,929.4,38.0,278,93
5/21/2016 18:00,-7.5,928.2,63.3,298,93
5/21/2016 19:00,-7.3,927.9,63.9,298,93
5/21/2016 20:00,-7.2,928.1,62.6,298,93
5/21/2016 21:00,-7.0,929.2,62.6,301,93
5/21/2016 22:00,-6.9,929.0,62.6,298,94
5/21/2016 23:00,-6.7,928.9,61.9,298,94
5/22/2016 0:00,-6.7,929.5,61.3,298,94
5/22/2016 1:00,-6.6,929.3,63.6,301,94
5/22/2016 2:00,-6.4,929.8,62.4,298,94
5/22/2016 3:00,-6.3,929.9,63.2,298,94
5/22/2016 4:00,-6.4,930.5,63.9,298,94
5/22/2016 5:00,-6.4,931.0,63.3,298,94
5/22/2016 6:00,-6.4,931.3,63.3,301,94
5/22/2016 7:00,-6.5,931.6,62.6,298,93
5/22/2016 8:00,-6.5,932.4,62.6,298,93
5/22/2016 9:00,-6.5,933.5,61.3,298,93
5/22/2016 10:00,-6.6,935.9,61.6,298,93
5/22/2016 11:00,-6.5,939.1,57.1,307,93
5/22/2016 12:00,-6.3,941.0,63.1,298,94
5/22/2016 13:00,-6.3,942.8,62.6,298,94
5/22/2016 14:00,-6.2,943.5,62.6,298,94
5/22/2016 15:00,-6.4,943.8,63.3,301,94
5/22/2016 16:00,-6.7,944.4,63.3,298,93
5/22/2016 17:00,-6.8,945.5,62.6,298,92
5/22/2016 18:00,-7.4,946.8,61.9,298,92
5/22/2016 19:00,-7.2,947.8,62.7,299,92
5/22/2016 20:00,-7.0,948.8,42.6,277,90
5/22/2016 21:00,-6.7,950.1,63.3,298,87
5/22/2016 22:00,-6.1,951.2,63.9,298,81
5/22/2016 23:00,-6.1,951.6,62.6,298,78
5/23/2016 0:00,-6.5,952.6,63.3,301,73
5/23/2016 1:00,-6.7,952.8,62.6,298,68
5/23/2016 2:00,-8.1,953.9,62.6,298,64
5/23/2016 3:00,-8.6,954.2,61.2,298,59
5/23/2016 4:00,-8.6,954.2,65.7,299,52
5/23/2016 5:00,-8.8,954.3,32.1,318,41
5/23/2016 6:00,-8.7,954.6,62.0,298,38
5/23/2016 7:00,-8.5,955.2,62.6,298,38
5/23/2016 8:00,-9.5,955.7,63.9,298,41
5/23/2016 9:00,-7.7,955.8,63.2,301,40
5/23/2016 10:00,-7.4,956.3,63.3,298,43
5/23/2016 11:00,-7.4,956.6,61.9,298,50
5/23/2016 12:00,-8.1,956.5,61.3,298,62
5/23/2016 13:00,-7.9,956.4,61.9,298,53
5/23/2016 14:00,-7.4,956.5,36.6,297,45
5/23/2016 15:00,-7.5,956.6,61.9,298,43
5/23/2016 16:00,-7.7,955.9,63.9,298,43
5/23/2016 17:00,-7.9,956.1,62.6,298,41
5/23/2016 18:00,-8.0,956.2,62.7,301,40
5/23/2016 19:00,-8.2,956.0,62.5,298,34
5/23/2016 20:00,-9.2,955.9,62.7,298,37
5/23/2016 21:00,-9.6,956.0,61.3,298,34
5/23/2016 22:00,-9.9,956.0,61.3,298,35
5/23/2016 23:00,-10.2,956.1,62.0,301,37
5/24/2016 0:00,-11.1,956.8,61.9,298,37
5/24/2016 1:00,-11.1,957.0,63.2,298,37
5/24/2016 2:00,-11.0,956.8,62.6,298,39
5/24/2016 3:00,-11.3,957.5,59.0,299,37
5/24/2016 4:00,-11.5,957.6,36.8,288,38
5/24/2016 5:00,-11.7,958.1,63.2,298,37
5/24/2016 6:00,-11.9,958.4,61.0,298,36
5/24/2016 7:00,-11.9,958.8,61.3,298,36
5/24/2016 8:00,-11.6,958.6,61.9,301,36
5/24/2016 9:00,-11.6,959.9,61.9,298,35
5/24/2016 10:00,-12.0,960.6,63.9,298,36
5/24/2016 11:00,-12.2,960.4,63.9,298,34
5/24/2016 12:00,-12.5,961.0,61.7,299,38
5/24/2016 13:00,-12.4,961.1,51.2,311,40
5/24/2016 14:00,-12.1,961.5,62.6,298,42
5/24/2016 15:00,-11.7,962.1,61.3,298,44
5/24/2016 16:00,-11.6,961.8,61.9,298,53
5/24/2016 17:00,-11.1,961.6,61.9,301,53
5/24/2016 18:00,-10.7,961.6,62.6,298,47
5/24/2016 19:00,-10.6,961.6,63.9,298,47
5/24/2016 20:00,-10.3,961.8,63.2,298,44
5/24/2016 21:00,-10.0,961.8,63.3,298,45
5/24/2016 22:00,-9.9,962.0,61.3,300,54
5/24/2016 23:00,-9.4,962.3,63.2,298,44
5/25/2016 0:00,-9.4,962.5,61.2,298,44
5/25/2016 1:00,-9.1,963.0,61.3,298,41
5/25/2016 2:00,-8.6,962.6,61.9,301,38
5/25/2016 3:00,-8.1,962.6,62.6,298,36
5/25/2016 4:00,-8.5,962.2,63.9,298,35
5/25/2016 5:00,-10.1,962.2,63.9,298,38
5/25/2016 6:00,-9.5,962.1,63.6,298,34
5/25/2016 7:00,-10.1,962.3,56.7,292,35
5/25/2016 8:00,-10.0,962.5,63.2,298,38
5/25/2016 9:00,-10.7,962.3,61.3,298,36
5/25/2016 10:00,-10.5,961.4,61.3,298,31
5/25/2016 11:00,-10.6,961.1,62.6,301,32
5/25/2016 12:00,-10.4,961.1,62.6,298,31
5/25/2016 13:00,-10.8,961.1,63.9,298,33
5/25/2016 14:00,-10.8,961.5,63.2,298,33
5/25/2016 15:00,-10.3,961.6,68.0,299,34
5/25/2016 16:00,-10.7,961.6,61.7,302,35
5/25/2016 17:00,-10.1,961.4,63.2,298,35
5/25/2016 18:00,-10.1,961.7,61.9,298,36
5/25/2016 19:00,-9.7,961.9,61.3,298,36
5/25/2016 20:00,-8.9,961.9,61.9,301,36
5/25/2016 21:00,-8.9,962.0,62.6,298,37
5/25/2016 22:00,-8.4,961.9,62.6,298,38
5/25/2016 23:00,-8.4,961.9,63.3,298,38
5/26/2016 0:00,-8.2,961.6,63.7,298,40
5/26/2016 1:00,-8.7,961.4,63.2,301,43
5/26/2016 2:00,-8.3,961.1,62.6,298,44
5/26/2016 3:00,-8.4,961.4,61.9,298,44
5/26/2016 4:00,-9.4,961.0,61.3,298,52
5/26/2016 5:00,-11.1,960.8,62.0,300,63
5/26/2016 6:00,-11.3,960.4,62.6,298,61
5/26/2016 7:00,-11.0,960.3,63.1,298,60
5/26/2016 8:00,-11.7,960.0,63.9,298,64
5/26/2016 9:00,-12.0,959.6,63.9,298,55
5/26/2016 10:00,-12.7,959.3,63.2,301,59
5/26/2016 11:00,-14.2,958.8,62.8,298,67
5/26/2016 12:00,-13.8,958.4,62.6,298,56
5/26/2016 13:00,-14.2,957.5,61.9,298,54
5/26/2016 14:00,-14.0,957.2,62.2,299,55
5/26/2016 15:00,-14.7,957.1,39.6,288,54
5/26/2016 16:00,-14.8,956.8,63.8,298,52
5/26/2016 17:00,-15.2,956.8,63.9,298,52
5/26/2016 18:00,-16.1,956.7,63.2,298,60
5/26/2016 19:00,-15.8,956.3,63.2,301,54
5/26/2016 20:00,-16.1,956.0,62.6,298,54
5/26/2016 21:00,-17.7,956.2,61.9,298,60
5/26/2016 22:00,-16.0,955.9,61.3,298,51
5/26/2016 23:00,-16.8,955.8,61.0,298,52
5/27/2016 0:00,-17.1,955.8,44.1,314,52
5/27/2016 1:00,-16.0,955.4,61.9,298,45
5/27/2016 2:00,-16.5,955.4,63.2,299,47
5/27/2016 3:00,-17.3,955.3,63.2,298,48
5/27/2016 4:00,-17.9,955.5,63.2,301,52
5/27/2016 5:00,-17.4,955.3,63.2,298,49
5/27/2016 6:00,-16.4,955.6,62.6,298,38
5/27/2016 7:00,-16.2,956.4,61.9,298,40
5/27/2016 8:00,-15.9,956.5,61.9,298,38
5/27/2016 9:00,-15.8,956.4,57.6,301,40
5/27/2016 10:00,-15.8,956.6,62.6,298,41
5/27/2016 11:00,-14.9,956.6,63.2,298,40
5/27/2016 12:00,-14.7,957.2,61.9,298,41
5/27/2016 13:00,-14.4,957.7,63.2,301,45
5/27/2016 14:00,-13.4,957.3,62.6,298,50
5/27/2016 15:00,-12.7,957.8,61.3,298,50
5/27/2016 16:00,-12.1,958.2,61.2,298,51
5/27/2016 17:00,-12.9,958.7,62.1,298,48
5/27/2016 18:00,-13.9,959.4,53.2,311,51
5/27/2016 19:00,-14.3,960.3,62.6,298,66
5/27/2016 20:00,-14.9,960.8,63.2,298,83
5/27/2016 21:00,-15.0,961.7,63.9,298,86
5/27/2016 22:00,-14.8,962.1,62.6,301,86
5/27/2016 23:00,-14.4,962.3,62.6,298,86
5/28/2016 0:00,-13.6,962.9,62.1,298,84
5/28/2016 1:00,-12.9,963.1,61.8,299,78
5/28/2016 2:00,-12.7,963.3,61.3,298,68
5/28/2016 3:00,-12.1,963.1,62.6,301,57
5/28/2016 4:00,-11.5,963.5,62.6,298,52
5/28/2016 5:00,-10.9,963.9,63.9,298,50
5/28/2016 6:00,-10.2,964.1,63.2,298,48
5/28/2016 7:00,-9.4,964.2,63.2,301,47
5/28/2016 8:00,-9.1,964.6,63.2,298,47
5/28/2016 9:00,-8.5,964.7,61.3,298,46
5/28/2016 10:00,-8.3,964.7,61.3,298,47
5/28/2016 11:00,-8.1,964.6,62.1,298,45
5/28/2016 12:00,-7.9,965.5,61.9,301,46
5/28/2016 13:00,-8.0,966.5,61.9,298,45
5/28/2016 14:00,-8.0,967.1,63.2,298,44
5/28/2016 15:00,-7.8,966.9,63.9,298,42
5/28/2016 16:00,-7.4,967.2,63.2,301,38
5/28/2016 17:00,-7.3,967.4,63.3,298,37
5/28/2016 18:00,-7.8,968.2,61.4,298,36
5/28/2016 19:00,-7.0,967.3,61.9,298,31
5/28/2016 20:00,-7.1,968.6,61.8,298,35
5/28/2016 21:00,-7.2,968.2,49.6,297,35
5/28/2016 22:00,-6.8,967.9,61.9,298,35
5/28/2016 23:00,-6.5,967.8,63.3,298,34
5/29/2016 0:00,-6.3,968.2,62.6,298,35
5/29/2016 1:00,-6.6,968.8,63.2,301,34
5/29/2016 2:00,-6.7,969.2,62.6,299,35
5/29/2016 3:00,-7.6,969.1,62.6,298,37
5/29/2016 4:00,-7.5,969.0,61.9,298,32
5/29/2016 5:00,-8.8,968.8,61.3,298,41
5/29/2016 6:00,-8.9,968.9,39.6,296,41
5/29/2016 7:00,-8.8,968.9,62.6,298,36
5/29/2016 8:00,-9.1,969.3,62.6,298,36
5/29/2016 9:00,-9.0,969.0,63.2,298,33
5/29/2016 10:00,-9.5,968.9,62.6,301,36
5/29/2016 11:00,-10.3,968.0,60.2,295,38
5/29/2016 12:00,-10.4,967.8,61.7,299,37
5/29/2016 13:00,-10.1,967.4,61.9,298,37
5/29/2016 14:00,-10.2,966.9,62.6,298,35
5/29/2016 15:00,-10.8,966.6,62.6,301,36
5/29/2016 16:00,-10.8,966.5,61.9,298,35
5/29/2016 17:00,-11.2,966.4,63.2,298,37
5/29/2016 18:00,-11.4,966.0,63.9,298,35
5/29/2016 19:00,-11.7,966.0,63.8,300,34
5/29/2016 20:00,-12.3,966.1,47.5,286,40
5/29/2016 21:00,-12.8,966.0,61.0,298,39
5/29/2016 22:00,-12.8,965.9,60.8,299,36
5/29/2016 23:00,-13.8,965.5,61.3,298,40
5/30/2016 0:00,-13.8,964.9,61.9,300,36
5/30/2016 1:00,-14.0,964.9,62.5,298,36
5/30/2016 2:00,-13.8,964.5,63.2,298,35
5/30/2016 3:00,-13.8,963.6,63.2,298,34
5/30/2016 4:00,-13.8,963.0,54.6,299,33
5/30/2016 5:00,-13.9,962.6,54.4,307,36
5/30/2016 6:00,-14.7,962.3,62.5,299,36
5/30/2016 7:00,-14.1,962.1,61.9,298,35
5/30/2016 8:00,-14.8,961.8,61.9,298,36
5/30/2016 9:00,-14.8,961.3,61.3,300,36
5/30/2016 10:00,-15.1,961.1,62.4,298,36
5/30/2016 11:00,-15.2,960.5,63.8,299,37
5/30/2016 12:00,-14.6,959.9,63.2,298,35
5/30/2016 13:00,-14.9,959.3,64.3,298,36
5/30/2016 14:00,-14.3,959.1,56.4,299,33
5/30/2016 15:00,-14.9,958.9,63.1,299,35
5/30/2016 16:00,-15.0,958.5,61.3,298,33
5/30/2016 17:00,-14.7,958.3,61.9,298,31
5/30/2016 18:00,-14.8,957.9,61.9,300,31
5/30/2016 19:00,-15.2,958.0,64.4,299,33
5/30/2016 20:00,-15.0,957.5,52.9,302,30
5/30/2016 21:00,-15.2,957.4,62.6,298,29
5/30/2016 22:00,-15.1,957.4,59.9,298,28
5/30/2016 23:00,-15.3,957.3,52.3,302,30
5/31/2016 0:00,-15.3,957.1,63.2,299,28
5/31/2016 1:00,-15.6,956.7,62.6,298,31
5/31/2016 2:00,-15.5,956.4,61.3,298,31
5/31/2016 3:00,-14.7,956.0,61.9,300,29
5/31/2016 4:00,-15.4,956.0,62.7,298,35
5/31/2016 5:00,-14.2,955.8,59.6,304,27
5/31/2016 6:00,-14.3,955.6,61.9,298,33
5/31/2016 7:00,-14.3,955.5,63.2,299,34
5/31/2016 8:00,-14.4,955.5,62.5,300,40
5/31/2016 9:00,-14.4,955.3,62.6,299,41
5/31/2016 10:00,-14.2,955.2,62.6,298,42
5/31/2016 11:00,-14.2,955.0,60.1,146,45
5/31/2016 12:00,-13.8,954.9,59.9,146,45
5/31/2016 13:00,-13.6,954.5,60.3,136,45
5/31/2016 14:00,-13.6,954.6,60.6,135,48
5/31/2016 15:00,-12.7,954.6,59.8,142,46
5/31/2016 16:00,-13.0,954.5,59.7,142,47
5/31/2016 17:00,-12.5,954.0,60.0,142,48
5/31/2016 18:00,-12.2,953.8,59.9,141,55
5/31/2016 19:00,-12.0,953.2,59.6,140,57
5/31/2016 20:00,-11.3,953.1,59.8,137,60
5/31/2016 21:00,-10.9,952.7,59.5,140,61
5/31/2016 22:00,-10.9,952.7,59.8,138,67
5/31/2016 23:00,-11.2,952.2,59.9,136,76
6/1/2016 0:00,-11.4,952.1,57.6,129,84
6/1/2016 1:00,-11.0,952.0,59.5,136,79
6/1/2016 2:00,-11.1,951.7,62.9,135,79
6/1/2016 3:00,-11.0,951.4,61.0,120,80
6/1/2016 4:00,-10.9,950.0,57.5,131,88
6/1/2016 5:00,-10.7,950.0,58.8,129,86
6/1/2016 6:00,-10.7,950.3,58.4,132,82
6/1/2016 7:00,-10.4,950.4,58.6,129,72
6/1/2016 8:00,-10.0,950.2,59.9,135,63
6/1/2016 9:00,-9.6,950.1,59.8,132,58
6/1/2016 10:00,-9.9,950.6,59.8,137,62
6/1/2016 11:00,-10.4,950.7,59.8,136,64
6/1/2016 12:00,-10.2,950.5,59.7,138,62
6/1/2016 13:00,-9.6,949.9,59.6,140,54
6/1/2016 14:00,-9.8,949.5,59.8,139,57
6/1/2016 15:00,-9.2,949.4,59.6,139,45
6/1/2016 16:00,-9.5,949.0,59.7,139,41
6/1/2016 17:00,-10.1,949.0,59.6,139,51
6/1/2016 18:00,-9.6,948.7,60.0,139,47
6/1/2016 19:00,-9.8,948.5,59.8,140,42
6/1/2016 20:00,-10.7,948.6,60.7,131,49
6/1/2016 21:00,-10.5,947.5,60.7,131,41
6/1/2016 22:00,-10.4,947.0,61.2,125,37
6/1/2016 23:00,-10.5,947.7,59.9,139,41
6/2/2016 0:00,-11.0,947.3,60.4,139,43
6/2/2016 1:00,-11.7,947.4,60.0,139,50
6/2/2016 2:00,-11.8,947.4,59.6,140,41
6/2/2016 3:00,-11.8,947.4,59.6,141,42
6/2/2016 4:00,-11.9,946.9,60.2,139,38
6/2/2016 5:00,-11.8,946.9,60.0,139,36
6/2/2016 6:00,-12.0,947.6,60.3,143,44
6/2/2016 7:00,-12.4,947.9,59.9,141,42
6/2/2016 8:00,-12.5,948.6,59.7,142,41
6/2/2016 9:00,-12.3,948.7,60.2,143,37
6/2/2016 10:00,-12.5,949.2,60.2,145,45
6/2/2016 11:00,-12.4,949.5,59.6,146,44
6/2/2016 12:00,-11.4,949.3,59.8,143,42
6/2/2016 13:00,-12.1,949.4,59.6,145,49
6/2/2016 14:00,-12.5,949.5,59.8,145,50
6/2/2016 15:00,-12.3,950.1,60.4,135,46
6/2/2016 16:00,-12.3,950.6,59.6,145,46
6/2/2016 17:00,-11.8,950.9,59.5,144,44
6/2/2016 18:00,-11.3,950.8,59.9,143,42
6/2/2016 19:00,-10.8,951.1,60.3,134,41
6/2/2016 20:00,-11.3,951.3,60.3,134,47
6/2/2016 21:00,-11.7,951.0,59.8,140,47
6/2/2016 22:00,-11.5,950.7,60.1,139,42
6/2/2016 23:00,-11.5,951.5,59.9,140,39
6/3/2016 0:00,-12.1,952.0,60.0,139,42
6/3/2016 1:00,-12.3,952.3,60.5,131,39
6/3/2016 2:00,-12.5,952.4,60.7,131,41
6/3/2016 3:00,-12.8,952.3,60.0,138,44
6/3/2016 4:00,-13.4,952.2,60.1,138,45
6/3/2016 5:00,-12.9,952.5,60.2,137,42
6/3/2016 6:00,-12.3,952.9,60.9,128,40
6/3/2016 7:00,-12.9,952.9,60.1,128,43
6/3/2016 8:00,-12.5,952.9,60.2,136,41
6/3/2016 9:00,-12.5,953.0,60.2,137,39
6/3/2016 10:00,-13.1,953.1,60.8,133,38
6/3/2016 11:00,-13.2,953.2,59.8,144,38
6/3/2016 12:00,-11.5,953.5,59.8,141,39
6/3/2016 13:00,-11.6,953.8,59.7,141,41
6/3/2016 14:00,-11.7,953.8,59.7,141,42
6/3/2016 15:00,-12.1,953.8,59.9,138,45
6/3/2016 16:00,-11.7,954.0,59.9,138,41
6/3/2016 17:00,-12.3,954.0,59.8,139,43
6/3/2016 18:00,-12.5,954.0,60.1,135,43
6/3/2016 19:00,-12.9,953.7,60.8,130,45
6/3/2016 20:00,-14.0,953.8,60.2,137,40
6/3/2016 21:00,-14.7,953.6,60.0,137,41
6/3/2016 22:00,-14.8,953.4,60.3,137,41
6/3/2016 23:00,-15.3,953.2,60.3,135,42
6/4/2016 0:00,-15.6,952.6,60.2,135,38
6/4/2016 1:00,-16.0,952.1,60.3,135,37
6/4/2016 2:00,-16.4,951.9,60.3,135,40
6/4/2016 3:00,-17.0,951.5,61.1,129,40
6/4/2016 4:00,-17.1,950.9,60.4,137,37
6/4/2016 5:00,-16.7,950.4,60.3,137,36
6/4/2016 6:00,-16.8,950.8,60.7,128,38
6/4/2016 7:00,-16.1,950.6,60.3,135,36
6/4/2016 8:00,-15.3,950.3,60.4,136,37
6/4/2016 9:00,-13.8,950.6,60.3,133,40
6/4/2016 10:00,-12.9,949.8,60.9,127,56
6/4/2016 11:00,-11.9,949.6,60.3,134,59
6/4/2016 12:00,-11.4,949.5,60.1,133,64
6/4/2016 13:00,-11.2,949.6,60.1,135,69
6/4/2016 14:00,-10.9,949.6,60.3,133,67
6/4/2016 15:00,-10.7,949.2,59.7,134,68
6/4/2016 16:00,-10.4,949.0,59.9,135,69
6/4/2016 17:00,-10.5,948.9,59.6,137,78
6/4/2016 18:00,-9.9,948.8,59.4,136,71
6/4/2016 19:00,-9.7,948.6,60.4,132,66
6/4/2016 20:00,-11.4,948.9,60.1,132,69
6/4/2016 21:00,-15.4,948.8,60.3,133,74
6/4/2016 22:00,-14.4,949.1,60.0,131,69
6/4/2016 23:00,-15.1,949.0,60.1,132,81
6/5/2016 0:00,-11.6,949.6,59.8,130,63
6/5/2016 1:00,-16.6,950.1,60.0,132,71
6/5/2016 2:00,-20.1,951.5,60.4,132,72
6/5/2016 3:00,-21.1,952.2,60.3,131,75
6/5/2016 4:00,-21.5,952.2,60.2,133,77
6/5/2016 5:00,-21.3,952.5,60.5,134,76
6/5/2016 6:00,-21.2,952.5,60.2,134,75
6/5/2016 7:00,-21.1,952.6,61.2,121,75
6/5/2016 8:00,-21.0,952.4,60.2,136,75
6/5/2016 9:00,-21.0,952.6,60.3,135,76
6/5/2016 10:00,-20.7,952.4,59.9,139,76
6/5/2016 11:00,-20.6,952.9,60.0,141,75
6/5/2016 12:00,-20.7,953.0,60.0,138,76
6/5/2016 13:00,-20.3,953.0,59.7,139,77
6/5/2016 14:00,-19.8,953.0,60.1,137,75
6/5/2016 15:00,-19.6,953.0,60.2,136,76
6/5/2016 16:00,-19.3,953.0,61.1,121,76
6/5/2016 17:00,-17.9,952.8,60.0,135,77
6/5/2016 18:00,-17.8,952.8,59.9,135,73
6/5/2016 19:00,-18.2,953.0,60.0,135,73
6/5/2016 20:00,-18.6,952.2,60.2,135,76
6/5/2016 21:00,-13.2,951.4,58.6,136,87
6/5/2016 22:00,-13.2,951.1,59.8,140,87
6/5/2016 23:00,-13.2,950.9,56.7,126,88
6/6/2016 0:00,-12.9,950.7,57.2,131,88
6/6/2016 1:00,-12.8,950.8,53.5,126,88
6/6/2016 2:00,-12.8,951.1,55.4,128,88
6/6/2016 3:00,-12.5,951.1,56.5,125,88
6/6/2016 4:00,-12.3,951.3,57.4,135,88
6/6/2016 5:00,-12.7,951.4,57.6,137,88
6/6/2016 6:00,-12.6,951.6,57.4,128,88
6/6/2016 7:00,-13.0,952.3,52.4,129,88
6/6/2016 8:00,-13.3,953.0,52.7,133,88
6/6/2016 9:00,-13.1,953.1,54.0,131,88
6/6/2016 10:00,-12.8,953.1,51.9,120,88
6/6/2016 11:00,-12.5,953.9,55.5,123,88
6/6/2016 12:00,-12.8,954.1,60.6,137,87
6/6/2016 13:00,-13.0,954.1,58.3,130,87
6/6/2016 14:00,-13.9,954.4,60.0,137,86
6/6/2016 15:00,-14.5,954.3,59.7,138,85
6/6/2016 16:00,-14.2,954.0,59.5,133,86
6/6/2016 17:00,-13.5,954.2,60.0,135,86
6/6/2016 18:00,-13.7,954.1,60.1,136,85
6/6/2016 19:00,-13.6,953.8,60.0,136,85
6/6/2016 20:00,-13.5,954.0,60.0,139,84
6/6/2016 21:00,-14.4,954.6,59.9,138,83
6/6/2016 22:00,-15.0,954.7,60.0,138,83
6/6/2016 23:00,-14.7,954.5,60.5,130,82
6/7/2016 0:00,-15.0,954.5,60.5,131,82
6/7/2016 1:00,-15.2,954.7,59.8,140,81
6/7/2016 2:00,-15.0,954.7,59.9,138,81
6/7/2016 3:00,-14.8,955.1,59.7,138,80
6/7/2016 4:00,-15.2,955.2,59.9,138,79
6/7/2016 5:00,-14.7,955.3,60.0,136,79
6/7/2016 6:00,-14.4,955.5,60.1,136,78
6/7/2016 7:00,-14.8,956.0,60.2,139,76
6/7/2016 8:00,-15.1,956.6,60.0,139,75
6/7/2016 9:00,-15.1,957.0,60.1,138,73
6/7/2016 10:00,-15.1,957.4,60.1,138,70
6/7/2016 11:00,-15.3,957.7,60.2,137,66
6/7/2016 12:00,-15.3,958.2,60.1,141,61
6/7/2016 13:00,-15.6,958.5,60.0,141,58
6/7/2016 14:00,-15.6,958.7,60.7,132,53
6/7/2016 15:00,-16.3,958.8,60.0,141,50
6/7/2016 16:00,-17.4,958.9,59.8,141,49
6/7/2016 17:00,-16.4,959.4,59.9,141,45
6/7/2016 18:00,-16.5,960.3,60.0,141,47
6/7/2016 19:00,-16.7,960.7,60.0,139,46
6/7/2016 20:00,-16.1,961.0,60.2,139,42
6/7/2016 21:00,-16.4,961.4,60.1,138,42
6/7/2016 22:00,-17.2,961.6,60.1,140,43
6/7/2016 23:00,-17.3,962.1,60.2,141,43
6/8/2016 0:00,-17.5,962.6,60.1,140,40
6/8/2016 1:00,-17.4,963.6,60.0,141,39
6/8/2016 2:00,-16.7,963.7,60.3,137,37
6/8/2016 3:00,-16.6,963.6,60.4,136,37
6/8/2016 4:00,-16.9,964.5,60.4,135,40
6/8/2016 5:00,-16.4,964.8,60.1,129,41
6/8/2016 6:00,-16.1,965.4,60.4,135,43
6/8/2016 7:00,-16.1,965.8,60.9,127,43
6/8/2016 8:00,-15.8,966.2,60.3,131,42
6/8/2016 9:00,-16.7,966.3,60.6,131,41
6/8/2016 10:00,-16.3,966.9,60.4,134,43
6/8/2016 11:00,-16.1,967.3,60.8,129,44
6/8/2016 12:00,-16.1,967.2,60.4,135,43
6/8/2016 13:00,-16.4,967.7,60.3,137,44
6/8/2016 14:00,-16.4,967.7,60.5,134,42
6/8/2016 15:00,-16.6,967.8,60.3,135,45
6/8/2016 16:00,-16.9,968.1,61.0,128,44
6/8/2016 17:00,-16.8,968.3,60.3,135,47
6/8/2016 18:00,-16.5,968.6,60.3,135,44
6/8/2016 19:00,-16.8,967.9,60.3,135,43
6/8/2016 20:00,-16.9,968.5,60.4,134,44
6/8/2016 21:00,-16.8,967.9,60.5,134,44
6/8/2016 22:00,-17.5,967.8,60.3,135,43
6/8/2016 23:00,-16.8,967.6,60.4,137,40
6/9/2016 0:00,-16.9,967.0,60.2,139,39
6/9/2016 1:00,-17.0,966.4,60.3,140,39
6/9/2016 2:00,-16.9,966.1,60.0,139,40
6/9/2016 3:00,-16.5,965.7,60.2,138,40
6/9/2016 4:00,-16.4,965.4,60.1,140,43
6/9/2016 5:00,-16.2,965.0,60.0,141,50
6/9/2016 6:00,-16.1,964.9,60.1,138,61
6/9/2016 7:00,-16.1,965.0,61.2,144,71
6/9/2016 8:00,-16.0,964.8,60.4,141,72
6/9/2016 9:00,-15.6,964.8,59.7,137,64
6/9/2016 10:00,-15.2,964.8,60.7,131,62
6/9/2016 11:00,-14.4,964.7,61.1,130,63
6/9/2016 12:00,-15.2,964.7,60.1,135,65
6/9/2016 13:00,-14.5,964.5,59.8,134,66
6/9/2016 14:00,-14.7,964.1,60.6,134,67
6/9/2016 15:00,-14.7,963.6,60.2,133,64
6/9/2016 16:00,-14.6,963.6,60.1,133,62
6/9/2016 17:00,-14.7,963.5,60.3,132,58
6/9/2016 18:00,-14.8,963.0,60.4,134,56
6/9/2016 19:00,-14.6,962.7,60.5,134,52
6/9/2016 20:00,-14.5,962.5,60.3,134,45
6/9/2016 21:00,-14.4,961.9,60.1,135,41
6/9/2016 22:00,-14.4,961.5,60.2,135,40
6/9/2016 23:00,-14.2,961.1,60.2,136,43
6/10/2016 0:00,-14.5,960.9,60.1,138,44
6/10/2016 1:00,-14.6,960.5,60.0,138,39
6/10/2016 2:00,-15.2,960.3,60.2,135,40
6/10/2016 3:00,-15.5,960.1,60.8,128,41
6/10/2016 4:00,-16.0,960.0,60.2,134,42
6/10/2016 5:00,-17.5,960.4,60.3,133,49
6/10/2016 6:00,-18.1,960.7,59.8,114,50
6/10/2016 7:00,-18.2,960.9,60.4,133,47
6/10/2016 8:00,-19.2,961.5,60.5,133,51
6/10/2016 9:00,-19.8,961.6,60.5,133,51
6/10/2016 10:00,-20.2,962.1,60.8,129,51
6/10/2016 11:00,-20.4,962.3,60.3,137,52
6/10/2016 12:00,-20.4,962.2,60.4,135,50
6/10/2016 13:00,-20.0,962.4,60.3,135,49
6/10/2016 14:00,-20.4,962.5,60.8,129,48
6/10/2016 15:00,-20.9,963.2,60.4,136,51
6/10/2016 16:00,-19.8,963.5,60.3,135,47
6/10/2016 17:00,-20.0,963.9,60.3,134,49
6/10/2016 18:00,-19.9,964.3,60.6,132,48
6/10/2016 19:00,-20.4,964.4,60.2,133,48
6/10/2016 20:00,-22.5,965.0,60.6,133,47
6/10/2016 21:00,-23.1,965.0,60.6,135,53
6/10/2016 22:00,-22.1,965.7,60.3,134,46
6/10/2016 23:00,-21.7,965.8,60.3,134,42
6/11/2016 0:00,-22.9,966.0,60.5,134,45
6/11/2016 1:00,-24.1,966.3,61.1,127,46
6/11/2016 2:00,-24.7,966.5,60.6,133,48
6/11/2016 3:00,-24.4,966.8,60.3,134,47
6/11/2016 4:00,-23.5,966.7,60.5,133,39
6/11/2016 5:00,-23.5,967.2,60.5,134,38
6/11/2016 6:00,-23.0,966.9,60.7,134,37
6/11/2016 7:00,-23.8,967.0,60.3,136,44
6/11/2016 8:00,-24.1,967.0,60.5,137,43
6/11/2016 9:00,-24.0,967.1,60.7,138,38
6/11/2016 10:00,-24.0,967.3,60.4,139,40
6/11/2016 11:00,-24.4,967.5,60.2,140,41
6/11/2016 12:00,-24.4,967.4,60.4,139,42
6/11/2016 13:00,-24.4,967.6,60.5,139,41
6/11/2016 14:00,-24.5,967.7,60.6,138,44
6/11/2016 15:00,-24.3,967.8,60.7,136,43
6/11/2016 16:00,-24.5,967.8,61.6,139,44
6/11/2016 17:00,-24.5,967.5,60.6,129,45
6/11/2016 18:00,-24.5,967.6,60.6,139,43
6/11/2016 19:00,-24.1,967.4,60.5,138,40
6/11/2016 20:00,-24.0,967.3,60.9,131,41
6/11/2016 21:00,-23.7,967.2,60.2,139,39
6/11/2016 22:00,-22.8,967.3,60.8,135,36
6/11/2016 23:00,-23.8,967.6,60.7,139,38
6/12/2016 0:00,-22.7,967.4,60.6,139,35
6/12/2016 1:00,-22.7,967.3,60.4,139,34
6/12/2016 2:00,-22.7,967.1,60.8,131,35
6/12/2016 3:00,-22.4,966.7,60.5,137,35
6/12/2016 4:00,-22.3,966.6,60.5,139,34
6/12/2016 5:00,-22.2,966.0,60.6,137,33
6/12/2016 6:00,-21.7,965.9,60.3,140,32
6/12/2016 7:00,-21.7,965.6,60.2,142,33
6/12/2016 8:00,-21.5,965.1,60.4,139,33
6/12/2016 9:00,-20.7,965.2,60.4,141,39
6/12/2016 10:00,-20.6,964.8,60.8,137,43
6/12/2016 11:00,-21.2,964.2,60.9,138,41
6/12/2016 12:00,-19.2,963.9,59.2,132,38
6/12/2016 13:00,-19.4,963.1,60.3,140,42
6/12/2016 14:00,-18.8,962.6,56.5,136,38
6/12/2016 15:00,-18.5,961.7,55.9,132,41
6/12/2016 16:00,-18.3,960.5,53.3,123,47
6/12/2016 17:00,-17.9,960.0,51.2,123,47
6/12/2016 18:00,-17.5,959.4,56.9,129,45
6/12/2016 19:00,-17.2,958.6,50.5,125,46
6/12/2016 20:00,-16.6,957.6,53.3,134,54
6/12/2016 21:00,-16.5,956.1,53.1,125,51
6/12/2016 22:00,-16.0,954.9,53.5,129,46
6/12/2016 23:00,-15.5,954.0,59.3,141,38
6/13/2016 0:00,-16.2,953.0,59.5,134,54
6/13/2016 1:00,-15.2,951.8,60.0,144,44
6/13/2016 2:00,-15.2,950.6,59.6,115,43
6/13/2016 3:00,-14.7,949.3,59.5,145,41
6/13/2016 4:00,-14.3,948.3,60.0,145,42
6/13/2016 5:00,-14.4,947.3,58.9,141,44
6/13/2016 6:00,-13.1,947.0,58.7,142,37
6/13/2016 7:00,-12.7,946.4,55.4,133,39
6/13/2016 8:00,-12.1,946.2,55.8,127,37
6/13/2016 9:00,-11.8,945.0,56.2,133,32
6/13/2016 10:00,-11.7,944.3,57.8,132,30
6/13/2016 11:00,-11.0,944.1,58.3,141,26
6/13/2016 12:00,-10.7,943.5,59.0,139,26
6/13/2016 13:00,-10.4,942.9,60.4,142,27
6/13/2016 14:00,-10.1,941.9,59.4,135,27
6/13/2016 15:00,-10.0,941.2,60.5,144,28
6/13/2016 16:00,-9.8,940.6,59.6,144,28
6/13/2016 17:00,-9.2,940.5,60.0,144,25
6/13/2016 18:00,-8.7,940.3,59.3,143,24
6/13/2016 19:00,-8.5,939.7,59.5,144,25
6/13/2016 20:00,-8.2,939.1,59.8,144,25
6/13/2016 21:00,-8.5,938.9,59.6,144,25
6/13/2016 22:00,-10.7,937.8,59.9,142,41
6/13/2016 23:00,-10.8,937.1,59.6,144,42
6/14/2016 0:00,-10.7,936.1,59.6,143,36
6/14/2016 1:00,-11.0,935.5,60.0,142,39
6/14/2016 2:00,-11.0,934.6,60.2,142,41
6/14/2016 3:00,-10.3,933.2,60.7,143,33
6/14/2016 4:00,-10.2,932.6,60.3,135,33
6/14/2016 5:00,-10.5,932.7,59.7,143,38
6/14/2016 6:00,-10.8,932.1,59.9,141,38
6/14/2016 7:00,-10.7,931.9,59.9,143,40
6/14/2016 8:00,-10.7,931.6,60.0,140,36
6/14/2016 9:00,-10.8,931.3,60.2,139,40
6/14/2016 10:00,-9.8,930.9,60.2,140,36
6/14/2016 11:00,-10.0,930.7,60.1,143,47
6/14/2016 12:00,-9.5,931.2,59.9,141,47
6/14/2016 13:00,-9.5,931.1,60.0,139,48
6/14/2016 14:00,-8.8,931.6,59.9,139,45
6/14/2016 15:00,-8.5,932.6,59.7,144,48
6/14/2016 16:00,-9.4,933.9,65.5,154,90
6/14/2016 17:00,-9.7,937.0,54.9,113,91
6/14/2016 18:00,-9.9,939.1,59.1,134,91
6/14/2016 19:00,-9.3,940.9,60.0,132,91
6/14/2016 20:00,-9.1,942.6,58.1,138,91
6/14/2016 21:00,-9.6,944.2,58.9,131,91
6/14/2016 22:00,-9.6,946.5,60.1,131,91
6/14/2016 23:00,-9.8,948.2,58.6,133,91
6/15/2016 0:00,-10.1,950.0,60.0,141,90
6/15/2016 1:00,-10.4,951.6,60.0,139,90
6/15/2016 2:00,-10.2,953.6,60.0,131,90
6/15/2016 3:00,-10.1,955.3,60.5,124,90
6/15/2016 4:00,-10.0,957.0,60.0,132,90
6/15/2016 5:00,-9.9,958.1,60.4,132,90
6/15/2016 6:00,-10.1,959.5,59.6,131,90
6/15/2016 7:00,-10.2,961.2,60.1,132,90
6/15/2016 8:00,-10.0,962.9,60.9,125,90
6/15/2016 9:00,-10.0,964.2,60.1,131,89
6/15/2016 10:00,-9.8,965.4,60.0,134,87
6/15/2016 11:00,-9.5,966.6,60.0,133,82
6/15/2016 12:00,-9.0,967.8,60.1,136,76
6/15/2016 13:00,-7.9,968.8,60.3,132,64
6/15/2016 14:00,-8.0,969.7,61.0,125,60
6/15/2016 15:00,-8.2,970.5,60.2,131,53
6/15/2016 16:00,-8.7,971.1,60.1,132,51
6/15/2016 17:00,-9.2,972.4,60.2,134,47
6/15/2016 18:00,-9.6,973.4,60.0,136,45
6/15/2016 19:00,-9.8,974.1,59.9,136,43
6/15/2016 20:00,-9.7,974.8,59.7,139,39
6/15/2016 21:00,-10.1,975.2,60.5,131,39
6/15/2016 22:00,-10.3,975.5,59.7,139,37
6/15/2016 23:00,-10.4,976.4,60.0,139,35
6/16/2016 0:00,-10.6,977.2,60.0,139,35
6/16/2016 1:00,-10.6,977.6,60.0,140,35
6/16/2016 2:00,-10.9,978.0,59.8,140,36
6/16/2016 3:00,-12.0,978.7,59.9,140,42
6/16/2016 4:00,-12.1,979.1,59.9,142,41
6/16/2016 5:00,-11.7,979.3,59.8,141,37
6/16/2016 6:00,-11.7,979.5,60.0,141,37
6/16/2016 7:00,-11.8,980.0,59.8,143,36
6/16/2016 8:00,-11.8,980.3,59.9,141,35
6/16/2016 9:00,-11.8,980.6,59.9,140,34
6/16/2016 10:00,-11.9,980.8,60.1,141,35
6/16/2016 11:00,-11.8,981.0,60.5,134,33
6/16/2016 12:00,-12.0,981.1,59.7,142,34
6/16/2016 13:00,-12.1,981.2,59.9,142,33
6/16/2016 14:00,-12.3,980.8,59.8,142,35
6/16/2016 15:00,-12.3,980.4,60.6,136,33
6/16/2016 16:00,-13.4,980.3,59.8,143,36
6/16/2016 17:00,-13.8,980.0,59.9,144,34
6/16/2016 18:00,-13.3,979.7,60.4,135,33
6/16/2016 19:00,-14.1,979.5,59.7,143,36
6/16/2016 20:00,-15.2,978.8,60.0,142,41
6/16/2016 21:00,-14.7,978.7,59.9,143,36
6/16/2016 22:00,-14.7,978.9,59.9,143,36
6/16/2016 23:00,-14.6,978.8,60.1,141,33
6/17/2016 0:00,-14.9,978.9,60.6,131,35
6/17/2016 1:00,-15.8,978.9,60.1,139,36
6/17/2016 2:00,-15.6,977.9,60.1,137,32
6/17/2016 3:00,-16.3,978.0,60.2,138,36
6/17/2016 4:00,-16.6,976.7,60.2,139,36
6/17/2016 5:00,-15.9,975.6,60.8,130,33
6/17/2016 6:00,-15.8,974.8,60.0,140,33
6/17/2016 7:00,-16.5,974.1,60.6,133,36
6/17/2016 8:00,-16.4,973.0,60.1,140,35
6/17/2016 9:00,-16.9,971.9,60.3,140,34
6/17/2016 10:00,-16.9,970.9,60.1,142,34
6/17/2016 11:00,-16.9,970.0,60.1,144,35
6/17/2016 12:00,-16.8,969.0,59.5,136,35
6/17/2016 14:00,-16.4,966.6,60.6,136,33
6/17/2016 15:00,-15.7,965.3,60.1,144,32
6/17/2016 16:00,-16.6,964.5,59.9,145,34
6/17/2016 17:00,-16.5,963.8,59.7,144,31
6/17/2016 18:00,-17.4,963.0,60.0,145,34
6/17/2016 19:00,-16.3,962.2,59.9,145,32
6/17/2016 20:00,-16.6,961.6,59.8,145,33
6/17/2016 21:00,-17.1,960.9,59.8,144,34
6/17/2016 22:00,-16.9,960.8,59.9,144,33
6/17/2016 23:00,-16.6,960.5,60.0,143,31
6/18/2016 0:00,-16.9,960.2,59.8,143,32
6/18/2016 1:00,-17.3,959.9,60.2,140,33
6/18/2016 2:00,-18.0,959.7,60.1,140,34
6/18/2016 3:00,-18.6,959.8,60.3,138,35
6/18/2016 4:00,-18.2,959.9,60.4,137,35
6/18/2016 5:00,-16.7,959.6,60.2,136,32
6/18/2016 6:00,-15.8,959.7,60.5,136,32
6/18/2016 7:00,-14.7,959.8,60.5,134,35
6/18/2016 8:00,-14.1,960.0,60.3,135,39
6/18/2016 9:00,-14.0,959.9,60.2,136,43
6/18/2016 10:00,-13.5,959.7,60.4,138,43
6/18/2016 13:00,-12.7,959.7,68.2,17,39
6/18/2016 14:00,-12.8,959.9,67.6,21,38
6/18/2016 15:00,-13.2,960.2,2.6,3,40
6/18/2016 16:00,-12.6,960.4,2.6,3,41
6/18/2016 17:00,-12.4,960.8,2.6,3,42
6/18/2016 18:00,-12.2,960.6,2.6,3,40
6/18/2016 19:00,-12.3,960.8,2.6,3,42
6/18/2016 20:00,-12.2,961.1,2.6,3,41
6/18/2016 21:00,-11.9,961.5,2.6,3,48
6/18/2016 22:00,-11.7,961.6,2.6,3,52
6/18/2016 23:00,-11.9,962.0,2.6,3,58
6/19/2016 0:00,-12.0,962.2,2.6,3,66
6/19/2016 1:00,-12.0,962.4,2.6,3,61
6/19/2016 2:00,-11.8,962.6,2.6,3,60
6/19/2016 3:00,-12.6,962.5,2.6,3,68
6/19/2016 4:00,-12.1,962.7,2.6,3,63
6/19/2016 5:00,-12.2,962.8,2.6,3,69
6/19/2016 6:00,-12.1,963.4,2.6,3,68
6/19/2016 7:00,-12.0,963.8,2.6,3,71
6/19/2016 8:00,-12.2,964.2,2.6,3,73
6/19/2016 9:00,-12.3,964.9,2.6,3,73
6/19/2016 10:00,-12.4,965.1,2.6,3,71
6/19/2016 11:00,-12.5,965.5,2.6,3,73
6/19/2016 12:00,-12.7,966.2,2.6,3,77
6/19/2016 13:00,-12.7,966.4,2.6,3,75
6/19/2016 14:00,-12.7,966.7,2.6,3,71
6/19/2016 15:00,-12.7,966.7,2.6,3,69
6/19/2016 16:00,-12.7,966.6,2.6,3,68
6/19/2016 17:00,-13.0,967.0,2.6,3,68
6/19/2016 18:00,-13.0,968.3,2.6,3,62
6/19/2016 19:00,-13.0,969.0,66.2,12,62
6/19/2016 20:00,-13.5,969.5,69.9,16,72
6/19/2016 21:00,-13.5,969.5,67.4,20,66
6/19/2016 22:00,-13.6,969.3,68.7,18,62
6/19/2016 23:00,-13.5,969.0,67.3,18,57
6/20/2016 0:00,-13.5,969.3,69.1,12,58
6/20/2016 1:00,-13.6,970.0,68.2,18,56
6/20/2016 2:00,-13.8,969.9,68.3,19,58
6/20/2016 3:00,-13.5,969.7,68.3,19,55
6/20/2016 4:00,-13.4,969.4,68.4,19,56
6/20/2016 5:00,-13.7,969.4,68.4,20,51
6/20/2016 6:00,-13.7,969.4,68.3,21,48
6/20/2016 7:00,-13.6,969.6,68.6,21,50
6/20/2016 8:00,-13.7,969.5,68.3,21,45
6/20/2016 9:00,-13.5,969.6,68.6,21,46
6/20/2016 10:00,-13.7,969.9,68.2,24,44
6/20/2016 11:00,-13.5,969.5,67.8,27,39
6/20/2016 12:00,-13.5,969.4,69.0,26,39
6/20/2016 13:00,-13.4,969.3,68.2,24,38
6/20/2016 14:00,-12.9,968.9,68.1,25,35
6/20/2016 15:00,-12.8,968.8,69.0,17,37
6/20/2016 16:00,-12.9,968.6,68.0,24,38
6/20/2016 17:00,-13.0,968.4,68.2,20,41
6/20/2016 18:00,-13.5,968.5,69.7,3,41
6/20/2016 19:00,-14.2,968.1,68.5,19,40
6/20/2016 20:00,-14.5,968.0,68.2,21,41
6/20/2016 21:00,-15.2,968.1,68.2,19,43
6/20/2016 22:00,-15.5,967.9,68.3,21,46
6/20/2016 23:00,-15.3,967.9,68.4,20,46
6/21/2016 0:00,-15.3,968.4,68.3,20,43
6/21/2016 1:00,-16.1,968.9,68.3,22,47
6/21/2016 2:00,-16.8,969.6,68.5,20,51
6/21/2016 3:00,-17.9,969.9,68.8,19,56
6/21/2016 4:00,-18.2,970.2,69.2,12,58
6/21/2016 5:00,-18.0,970.3,68.5,19,58
6/21/2016 6:00,-18.0,970.7,68.4,22,51
6/21/2016 7:00,-18.5,970.9,68.3,14,45
6/21/2016 8:00,-18.2,971.2,68.6,23,44
6/21/2016 9:00,-18.2,971.0,68.5,24,40
6/21/2016 10:00,-18.0,970.6,68.5,21,39
6/21/2016 11:00,-18.0,970.8,68.4,21,41
6/21/2016 12:00,-18.3,970.8,68.3,22,47
6/21/2016 13:00,-18.1,970.9,68.3,19,37
6/21/2016 14:00,-19.1,970.8,68.6,19,36
6/21/2016 15:00,-19.4,970.3,68.9,17,37
6/21/2016 16:00,-21.4,969.3,68.7,16,48
6/21/2016 17:00,-21.4,969.9,70.1,5,49
6/21/2016 18:00,-21.1,969.6,69.5,9,42
6/21/2016 19:00,-19.6,969.6,71.0,2,36
6/21/2016 20:00,-20.1,969.5,68.9,22,35
6/21/2016 21:00,-20.9,969.4,68.9,18,39
6/21/2016 22:00,-21.8,969.1,68.7,18,41
6/21/2016 23:00,-21.1,969.2,68.6,19,36
6/22/2016 0:00,-21.0,968.9,68.7,18,37
6/22/2016 1:00,-21.1,968.9,68.8,20,37
6/22/2016 2:00,-22.6,968.7,69.6,5,40
6/22/2016 3:00,-23.5,968.8,68.7,17,46
6/22/2016 4:00,-23.3,968.4,68.7,18,44
6/22/2016 5:00,-23.6,968.2,69.0,17,44
6/22/2016 6:00,-23.7,968.2,69.4,17,44
6/22/2016 7:00,-25.2,968.3,69.1,16,47
6/22/2016 8:00,-24.4,968.7,69.2,19,46
6/22/2016 9:00,-24.9,968.8,69.1,16,47
6/22/2016 10:00,-24.9,969.0,68.9,17,46
6/22/2016 11:00,-25.5,969.1,68.8,18,46
6/22/2016 12:00,-25.6,969.7,69.1,17,49
6/22/2016 13:00,-24.5,969.8,69.6,10,44
6/22/2016 14:00,-24.1,969.8,69.0,15,38
6/22/2016 15:00,-24.6,969.9,69.0,16,43
6/22/2016 16:00,-25.2,969.9,68.9,16,47
6/22/2016 17:00,-25.6,970.5,69.2,14,47
6/22/2016 18:00,-25.2,970.9,69.2,15,47
6/22/2016 19:00,-23.5,970.8,69.0,14,36
6/22/2016 20:00,-22.8,971.4,69.1,16,35
6/22/2016 21:00,-23.8,971.6,69.2,16,36
6/22/2016 22:00,-22.7,971.4,69.1,17,34
6/22/2016 23:00,-22.0,971.4,69.2,17,32
6/23/2016 0:00,-21.5,971.3,69.0,17,30
6/23/2016 1:00,-20.3,972.2,69.1,17,29
6/23/2016 2:00,-20.8,972.2,69.0,17,31
6/23/2016 3:00,-20.9,972.0,69.0,17,30
6/23/2016 4:00,-20.4,971.9,69.0,17,29
6/23/2016 5:00,-20.3,971.7,69.1,16,31
6/23/2016 6:00,-19.8,972.0,69.1,16,29
6/23/2016 7:00,-19.1,971.9,68.8,17,33
6/23/2016 8:00,-18.7,972.4,68.9,17,34
6/23/2016 9:00,-18.4,972.6,69.2,16,37
6/23/2016 10:00,-17.8,972.7,68.9,18,39
6/23/2016 11:00,-17.7,972.8,68.8,19,45
6/23/2016 12:00,-17.9,972.3,68.6,20,43
6/23/2016 13:00,-17.1,972.4,68.4,23,43
6/23/2016 14:00,-16.5,972.3,68.3,22,42
6/23/2016 15:00,-16.5,972.4,68.3,21,45
6/23/2016 16:00,-15.8,972.2,68.4,22,42
6/23/2016 17:00,-15.7,972.0,68.5,21,43
6/23/2016 18:00,-15.9,972.2,68.8,22,44
6/23/2016 19:00,-15.7,972.2,68.1,23,43
6/23/2016 20:00,-15.6,972.2,68.3,23,42
6/23/2016 21:00,-15.8,971.8,68.3,22,44
6/23/2016 22:00,-16.0,971.1,68.5,22,43
6/23/2016 23:00,-14.8,970.7,68.2,23,38
6/24/2016 0:00,-14.3,970.4,68.3,22,37
6/24/2016 1:00,-13.9,969.7,68.0,25,36
6/24/2016 2:00,-14.6,969.3,69.6,8,39
6/24/2016 3:00,-13.7,968.9,68.2,22,36
6/24/2016 4:00,-13.4,968.1,68.4,21,37
6/24/2016 5:00,-12.8,967.7,68.3,21,36
6/24/2016 6:00,-14.3,967.5,68.4,20,39
6/24/2016 7:00,-15.0,967.4,68.3,21,41
6/24/2016 8:00,-13.9,966.6,68.4,21,42
6/24/2016 9:00,-13.2,965.6,68.4,18,36
6/24/2016 10:00,-13.0,965.2,68.5,21,36
6/24/2016 11:00,-13.0,965.1,68.2,21,35
6/24/2016 12:00,-12.9,964.7,68.5,20,35
6/24/2016 13:00,-14.0,964.3,68.5,21,36
6/24/2016 14:00,-14.8,963.7,68.7,19,36
6/24/2016 15:00,-14.6,963.5,68.8,17,33
6/24/2016 16:00,-15.5,962.9,68.7,17,35
6/24/2016 17:00,-16.0,962.3,68.9,17,33
6/24/2016 18:00,-16.7,962.5,68.6,17,35
6/24/2016 19:00,-18.0,961.8,69.0,18,42
6/24/2016 20:00,-18.5,961.0,68.7,18,43
6/24/2016 21:00,-22.2,960.7,69.5,10,55
6/24/2016 22:00,-22.1,959.9,69.0,16,55
6/24/2016 23:00,-22.2,959.4,68.9,19,53
6/25/2016 0:00,-22.1,959.1,68.6,18,54
6/25/2016 1:00,-20.2,958.5,68.8,18,44
6/25/2016 2:00,-22.1,958.1,68.9,18,49
6/25/2016 3:00,-22.6,957.7,68.9,16,51
6/25/2016 4:00,-21.3,957.3,68.5,19,47
6/25/2016 5:00,-19.5,956.5,68.6,16,36
6/25/2016 6:00,-22.5,957.1,69.1,17,44
6/25/2016 7:00,-23.1,957.0,69.1,16,48
6/25/2016 8:00,-23.4,957.1,68.7,16,49
6/25/2016 9:00,-20.7,956.5,69.1,13,44
6/25/2016 10:00,-21.1,956.9,69.6,11,44
6/25/2016 11:00,-22.4,956.7,68.5,23,45
6/25/2016 12:00,-23.3,957.0,69.6,12,51
6/25/2016 13:00,-22.8,956.8,69.4,12,47
6/25/2016 14:00,-21.8,957.1,68.9,18,47
6/25/2016 15:00,-21.7,957.4,68.9,17,45
6/25/2016 16:00,-20.9,957.7,68.8,19,43
6/25/2016 17:00,-20.2,957.9,69.0,17,38
6/25/2016 18:00,-20.1,957.8,68.8,18,42
6/25/2016 19:00,-19.7,958.2,69.0,16,37
6/25/2016 20:00,-19.5,958.5,69.0,19,36
6/25/2016 21:00,-19.1,959.1,68.8,21,35
6/25/2016 22:00,-19.4,960.0,69.4,13,35
6/25/2016 23:00,-19.5,960.5,68.8,21,35
6/26/2016 0:00,-20.0,960.8,68.6,21,41
6/26/2016 1:00,-21.3,961.9,68.6,23,43
6/26/2016 2:00,-22.4,963.3,68.4,24,45
6/26/2016 3:00,-23.1,963.8,68.7,23,47
6/26/2016 4:00,-21.8,963.7,68.6,23,39
6/26/2016 5:00,-22.0,964.8,69.2,16,39
6/26/2016 6:00,-23.4,964.9,69.5,7,47
6/26/2016 7:00,-23.2,965.9,68.5,22,47
6/26/2016 8:00,-22.6,966.9,68.5,23,43
6/26/2016 9:00,-22.7,967.4,68.7,24,41
6/26/2016 10:00,-22.3,967.8,68.7,23,40
6/26/2016 11:00,-22.6,967.6,68.4,23,42
6/26/2016 12:00,-23.4,967.6,68.6,24,42
6/26/2016 13:00,-23.5,967.3,68.4,23,43
6/26/2016 14:00,-22.9,968.0,69.1,16,41
6/26/2016 15:00,-23.1,968.6,69.1,15,41
6/26/2016 16:00,-20.7,968.5,68.5,25,38
6/26/2016 17:00,-19.0,967.5,68.5,25,37
6/26/2016 18:00,-18.7,967.5,67.8,12,36
6/26/2016 19:00,-18.7,967.5,68.3,24,36
6/26/2016 20:00,-18.2,967.5,69.8,16,35
6/26/2016 21:00,-18.2,967.8,69.1,16,36
6/26/2016 22:00,-18.1,967.6,68.7,24,36
6/26/2016 23:00,-17.9,967.4,68.5,23,35
6/27/2016 0:00,-18.2,967.6,68.4,25,36
6/27/2016 1:00,-17.7,967.8,69.0,18,34
6/27/2016 2:00,-17.5,967.7,68.2,26,33
6/27/2016 3:00,-17.6,967.5,68.2,26,35
6/27/2016 4:00,-17.8,967.2,68.2,26,35
6/27/2016 5:00,-17.4,966.7,68.9,18,33
6/27/2016 6:00,-17.9,967.0,68.0,28,35
6/27/2016 7:00,-18.6,967.1,68.2,28,38
6/27/2016 8:00,-17.8,966.8,68.1,26,33
6/27/2016 9:00,-19.3,967.4,68.3,26,36
6/27/2016 10:00,-18.8,967.4,68.3,26,36
6/27/2016 11:00,-21.0,967.1,68.5,27,40
6/27/2016 12:00,-19.4,966.0,68.3,25,37
6/27/2016 13:00,-17.5,965.7,68.2,25,33
6/27/2016 14:00,-17.9,966.0,68.3,23,33
6/27/2016 15:00,-17.9,965.9,68.5,24,32
6/27/2016 16:00,-17.9,965.6,68.6,23,32
6/27/2016 17:00,-18.0,965.5,68.2,22,31
6/27/2016 18:00,-18.0,965.1,68.4,23,31
6/27/2016 19:00,-18.1,965.1,68.7,22,32
6/27/2016 20:00,-18.0,964.6,68.4,24,31
6/27/2016 21:00,-18.4,964.7,68.5,23,34
6/27/2016 22:00,-17.9,964.3,68.2,14,31
6/27/2016 23:00,-18.2,963.8,68.5,21,32
6/28/2016 0:00,-18.4,963.6,68.6,21,34
6/28/2016 1:00,-18.3,963.4,68.5,20,33
6/28/2016 2:00,-18.2,963.1,68.7,21,33
6/28/2016 3:00,-17.9,963.2,68.5,21,31
6/28/2016 4:00,-18.4,963.3,68.4,21,34
6/28/2016 5:00,-18.8,962.9,67.3,15,35
6/28/2016 6:00,-18.3,962.7,68.7,20,33
6/28/2016 7:00,-18.3,962.7,68.5,21,32
6/28/2016 8:00,-18.0,962.7,68.8,21,32
6/28/2016 9:00,-18.1,962.2,69.7,13,31
6/28/2016 10:00,-18.1,961.9,68.6,25,33
6/28/2016 11:00,-18.2,961.5,68.3,25,34
6/28/2016 12:00,-18.0,961.0,68.3,26,34
6/28/2016 13:00,-17.5,960.7,68.2,30,32
6/28/2016 14:00,-18.5,960.6,68.1,28,36
6/28/2016 15:00,-18.2,959.9,68.0,28,34
6/28/2016 16:00,-16.9,959.7,68.1,27,30
6/28/2016 17:00,-17.4,960.1,68.0,28,33
6/28/2016 18:00,-17.2,959.6,68.5,28,35
6/28/2016 19:00,-16.9,959.3,68.3,27,33
6/28/2016 20:00,-16.2,959.5,68.4,27,34
6/28/2016 21:00,-16.6,959.2,68.3,25,35
6/28/2016 22:00,-16.0,959.1,68.4,24,35
6/28/2016 23:00,-15.8,959.3,68.4,22,35
6/29/2016 0:00,-15.8,959.3,69.0,14,35
6/29/2016 1:00,-16.4,959.1,68.7,20,36
6/29/2016 2:00,-15.8,958.7,68.8,22,35
6/29/2016 3:00,-15.8,958.3,69.3,13,36
6/29/2016 4:00,-15.7,958.3,68.5,22,36
6/29/2016 5:00,-16.0,958.6,68.6,20,39
6/29/2016 6:00,-15.3,959.2,68.7,17,35
6/29/2016 7:00,-15.0,959.4,67.9,8,35
6/29/2016 8:00,-15.2,959.6,68.9,19,36
6/29/2016 9:00,-16.2,959.4,68.8,18,38
6/29/2016 10:00,-15.3,959.1,70.3,14,35
6/29/2016 11:00,-17.4,959.0,68.2,26,46
6/29/2016 12:00,-18.8,959.0,68.4,24,59
6/29/2016 13:00,-19.0,958.6,71.2,5,61
6/29/2016 14:00,-19.2,958.2,71.5,10,62
6/29/2016 15:00,-19.2,957.5,68.0,25,61
6/29/2016 16:00,-18.2,956.4,71.7,359,61
6/29/2016 17:00,-13.3,955.5,71.7,1,45
6/29/2016 18:00,-12.7,954.4,68.3,26,45
6/29/2016 19:00,-12.2,953.9,68.1,25,44
6/29/2016 20:00,-12.4,954.0,68.3,26,50
6/29/2016 21:00,-12.9,954.1,67.8,25,52
6/29/2016 22:00,-12.6,954.0,68.2,25,52
6/29/2016 23:00,-12.8,954.5,67.9,23,55
6/30/2016 0:00,-13.0,954.8,67.8,23,54
6/30/2016 1:00,-13.9,955.3,69.2,8,63
6/30/2016 2:00,-14.0,955.0,68.0,25,61
6/30/2016 3:00,-13.9,954.7,69.0,16,63
6/30/2016 4:00,-14.1,955.0,69.0,15,70
6/30/2016 5:00,-13.0,954.0,68.9,14,62
6/30/2016 6:00,-12.3,953.8,67.1,11,73
6/30/2016 7:00,-12.0,954.0,67.8,20,76
6/30/2016 8:00,-11.7,953.9,67.3,22,78
6/30/2016 9:00,-11.5,953.1,67.5,24,83
6/30/2016 10:00,-11.0,952.8,67.8,22,87
6/30/2016 11:00,-10.4,951.6,70.4,24,90
6/30/2016 12:00,-9.7,952.1,67.2,27,82
6/30/2016 13:00,-7.7,951.5,67.4,25,37
6/30/2016 14:00,-7.3,951.6,68.1,29,32
6/30/2016 15:00,-7.2,951.6,68.4,27,31
6/30/2016 16:00,-7.0,951.5,66.9,22,31
6/30/2016 17:00,-6.9,951.7,67.8,26,30
6/30/2016 18:00,-6.9,952.1,67.9,25,30
6/30/2016 19:00,-6.8,952.2,67.7,25,28
6/30/2016 20:00,-6.9,952.0,67.7,25,28
6/30/2016 21:00,-6.8,951.6,68.1,27,27
6/30/2016 22:00,-6.5,951.6,67.9,23,25
6/30/2016 23:00,-6.8,951.7,67.9,25,31
7/1/2016 0:00,-8.7,951.1,67.9,22,38
7/1/2016 1:00,-8.8,951.3,67.9,21,35
7/1/2016 2:00,-8.9,951.2,67.9,23,31
7/1/2016 3:00,-9.2,951.3,68.3,22,32
7/1/2016 4:00,-9.9,951.5,68.1,23,34
7/1/2016 5:00,-10.1,951.7,68.2,21,33
7/1/2016 6:00,-11.2,951.9,68.5,20,34
7/1/2016 7:00,-11.1,951.5,68.2,23,31
7/1/2016 8:00,-11.1,951.0,68.3,20,30
7/1/2016 9:00,-12.0,950.3,68.5,19,33
7/1/2016 10:00,-12.1,950.1,68.3,24,31
7/1/2016 11:00,-12.1,949.5,68.1,24,32
7/1/2016 12:00,-11.7,949.0,68.2,25,26
7/1/2016 13:00,-12.7,948.4,68.2,23,31
7/1/2016 14:00,-13.6,948.2,68.4,23,36
7/1/2016 15:00,-11.9,948.5,68.2,23,25
7/1/2016 16:00,-13.1,947.8,68.3,23,26
7/1/2016 17:00,-14.0,947.3,69.9,6,30
7/1/2016 18:00,-13.8,947.6,68.4,22,26
7/1/2016 19:00,-13.9,946.9,68.5,21,28
7/1/2016 20:00,-14.4,946.6,68.5,21,30
7/1/2016 21:00,-15.8,947.1,68.3,19,33
7/1/2016 22:00,-16.3,947.4,69.3,10,33
7/1/2016 23:00,-14.7,947.5,68.6,16,29
7/2/2016 0:00,-14.9,947.9,68.7,17,29
7/2/2016 1:00,-15.1,947.8,68.8,18,26
7/2/2016 2:00,-15.8,947.5,69.0,17,33
7/2/2016 3:00,-15.3,947.9,68.9,16,30
7/2/2016 4:00,-15.6,948.0,68.7,15,29
7/2/2016 5:00,-15.6,948.7,68.8,15,35
7/2/2016 6:00,-15.3,948.8,68.8,16,34
7/2/2016 7:00,-15.8,949.4,69.0,15,36
7/2/2016 8:00,-15.4,949.8,68.7,20,33
7/2/2016 9:00,-15.9,950.2,68.8,19,36
7/2/2016 10:00,-15.9,950.8,68.5,22,37
7/2/2016 11:00,-16.0,951.0,71.3,7,40
7/2/2016 12:00,-15.8,951.4,68.5,25,45
7/2/2016 13:00,-15.6,952.0,68.1,24,43
7/2/2016 14:00,-15.4,952.8,68.4,23,51
7/2/2016 15:00,-15.1,953.3,69.1,15,52
7/2/2016 16:00,-15.0,953.6,68.2,15,53
7/2/2016 17:00,-14.6,954.2,68.4,19,50
7/2/2016 18:00,-14.4,954.7,68.3,19,49
7/2/2016 19:00,-14.8,954.8,68.7,19,57
7/2/2016 20:00,-14.4,955.4,68.5,18,50
7/2/2016 21:00,-14.5,956.0,68.6,17,44
7/2/2016 22:00,-14.4,956.7,68.8,18,41
7/2/2016 23:00,-14.5,956.7,68.7,19,42
7/3/2016 0:00,-14.5,957.2,68.8,16,45
7/3/2016 1:00,-14.6,957.4,69.2,11,44
7/3/2016 2:00,-15.0,957.5,68.6,10,42
7/3/2016 3:00,-14.9,957.5,68.8,16,39
7/3/2016 4:00,-15.0,957.8,68.7,17,40
7/3/2016 5:00,-15.0,958.0,68.6,18,38
7/3/2016 6:00,-14.7,958.2,68.7,16,33
7/3/2016 7:00,-15.2,958.6,68.8,16,39
7/3/2016 8:00,-14.9,958.8,68.8,14,33
7/3/2016 9:00,-15.5,959.1,68.8,14,41
7/3/2016 10:00,-15.5,959.0,68.5,18,36
7/3/2016 11:00,-15.3,959.3,68.5,20,34
7/3/2016 12:00,-15.3,959.3,68.7,20,33
7/3/2016 13:00,-16.5,959.4,68.7,18,47
7/3/2016 14:00,-16.1,959.4,68.6,15,40
7/3/2016 15:00,-16.0,959.5,68.5,15,36
7/3/2016 16:00,-16.0,959.2,68.6,17,32
7/3/2016 17:00,-17.8,959.2,68.6,19,38
7/3/2016 18:00,-17.5,959.3,68.6,19,41
7/3/2016 19:00,-17.6,959.2,68.3,20,45
7/3/2016 20:00,-17.5,959.3,68.5,13,42
7/3/2016 21:00,-18.6,960.4,68.6,13,45
7/3/2016 22:00,-19.7,960.6,68.9,14,47
7/3/2016 23:00,-19.8,960.8,68.8,12,46
7/4/2016 0:00,-20.3,961.2,68.9,16,44
7/4/2016 1:00,-20.7,960.9,69.1,15,42
7/4/2016 2:00,-21.0,961.3,70.2,7,43
7/4/2016 3:00,-21.7,961.9,69.0,11,42
7/4/2016 4:00,-21.8,961.9,69.0,13,44
7/4/2016 5:00,-21.9,962.2,69.2,13,42
7/4/2016 6:00,-21.6,962.4,69.0,12,40
7/4/2016 7:00,-21.3,962.5,69.4,3,38
7/4/2016 8:00,-22.4,963.5,69.4,12,40
7/4/2016 9:00,-21.8,963.9,69.2,9,37
7/4/2016 10:00,-23.2,964.0,69.3,12,43
7/4/2016 11:00,-22.8,964.3,68.7,17,42
7/4/2016 12:00,-23.0,965.0,69.0,15,44
7/4/2016 13:00,-23.2,965.2,69.2,17,45
7/4/2016 14:00,-21.5,965.2,68.9,13,36
7/4/2016 15:00,-22.9,966.3,71.5,354,41
7/4/2016 16:00,-22.3,966.4,72.0,343,36
7/4/2016 17:00,-21.7,966.6,69.2,11,38
7/4/2016 18:00,-23.3,967.4,69.3,11,43
7/4/2016 19:00,-22.3,968.1,69.2,13,43
7/4/2016 20:00,-23.5,968.3,69.3,15,46
7/4/2016 21:00,-22.4,967.7,69.6,8,46
7/4/2016 22:00,-22.2,969.0,69.0,13,47
7/4/2016 23:00,-21.0,970.0,69.1,15,48
7/5/2016 0:00,-22.3,969.6,69.6,9,49
7/5/2016 1:00,-22.2,969.0,68.9,16,47
7/5/2016 2:00,-22.3,970.5,68.8,17,47
7/5/2016 3:00,-23.2,970.8,69.0,15,52
7/5/2016 4:00,-21.0,970.3,69.0,15,48
7/5/2016 5:00,-19.6,970.0,69.0,11,41
7/5/2016 6:00,-21.9,970.2,69.2,12,48
7/5/2016 7:00,-22.3,970.3,69.0,11,48
7/5/2016 8:00,-22.4,971.1,69.3,9,46
7/5/2016 9:00,-21.4,971.5,69.0,9,43
7/5/2016 10:00,-21.0,971.4,69.1,11,42
7/5/2016 11:00,-20.8,970.9,69.2,13,40
7/5/2016 12:00,-18.5,970.5,68.9,13,35
7/5/2016 13:00,-15.7,970.6,69.0,17,32
7/5/2016 14:00,-18.2,970.6,69.0,18,31
7/5/2016 15:00,-17.6,970.7,68.9,15,35
7/5/2016 16:00,-15.6,971.0,68.9,15,29
7/5/2016 17:00,-16.3,971.8,68.8,17,32
7/5/2016 18:00,-17.4,971.3,69.4,7,34
7/5/2016 19:00,-17.3,972.1,69.3,10,36
7/5/2016 20:00,-19.6,972.5,68.9,17,36
7/5/2016 21:00,-23.0,972.4,69.0,17,35
7/5/2016 22:00,-22.9,972.6,68.8,19,43
7/5/2016 23:00,-22.1,973.1,68.5,21,44
7/6/2016 0:00,-22.1,973.5,68.6,23,42
7/6/2016 1:00,-22.2,973.2,68.4,23,45
7/6/2016 2:00,-23.6,973.7,68.6,23,48
7/6/2016 3:00,-23.9,974.0,68.5,21,51
7/6/2016 4:00,-18.2,973.5,68.5,20,39
7/6/2016 5:00,-22.9,973.3,69.4,11,49
7/6/2016 6:00,-22.6,973.4,69.4,10,48
7/6/2016 7:00,-22.0,973.1,68.7,19,49
7/6/2016 8:00,-22.0,972.9,68.7,18,49
7/6/2016 9:00,-22.9,973.0,68.9,15,50
7/6/2016 10:00,-20.4,972.8,69.0,16,45
7/6/2016 11:00,-22.1,972.4,68.7,18,46
7/6/2016 12:00,-22.1,972.3,68.7,17,49
7/6/2016 13:00,-21.3,971.9,68.6,19,49
7/6/2016 14:00,-21.7,971.4,69.4,12,51
7/6/2016 15:00,-21.9,970.6,68.8,18,50
7/6/2016 16:00,-22.4,970.0,68.9,17,52
7/6/2016 17:00,-22.4,969.3,69.0,17,54
7/6/2016 18:00,-22.6,968.3,69.1,16,52
7/6/2016 19:00,-24.2,967.8,69.5,12,58
7/6/2016 20:00,-22.8,967.1,68.8,22,51
7/6/2016 21:00,-21.8,966.8,68.8,22,47
7/6/2016 22:00,-22.6,966.2,68.8,22,46
7/6/2016 23:00,-23.2,965.8,68.7,23,51
7/7/2016 0:00,-22.6,964.8,68.7,22,49
7/7/2016 1:00,-21.6,963.7,68.5,23,43
7/7/2016 2:00,-18.8,962.5,68.3,24,35
7/7/2016 3:00,-17.0,961.2,68.3,22,29
7/7/2016 4:00,-21.9,961.0,68.7,24,34
7/7/2016 5:00,-19.0,960.3,68.2,22,33
7/7/2016 6:00,-21.6,960.4,68.4,21,41
7/7/2016 7:00,-19.9,959.3,69.1,15,40
7/7/2016 8:00,-23.6,958.9,68.5,24,43
7/7/2016 9:00,-20.4,958.3,68.6,21,35
7/7/2016 10:00,-25.7,958.2,68.7,22,50
7/7/2016 11:00,-23.7,957.5,68.3,23,46
7/7/2016 12:00,-24.6,957.4,68.7,22,46
7/7/2016 13:00,-25.2,957.3,68.7,23,46
7/7/2016 14:00,-25.6,957.3,68.8,24,50
7/7/2016 15:00,-24.3,957.0,68.8,22,48
7/7/2016 16:00,-26.0,957.4,68.7,23,47
7/7/2016 17:00,-26.1,957.6,68.7,23,53
7/7/2016 18:00,-25.8,958.0,68.7,24,52
7/7/2016 19:00,-27.0,958.6,68.8,24,51
7/7/2016 20:00,-29.3,959.5,68.5,26,57
7/7/2016 21:00,-26.7,959.6,68.3,24,54
7/7/2016 22:00,-27.0,960.4,68.6,25,54
7/7/2016 23:00,-26.9,961.1,68.5,27,53
7/8/2016 0:00,-24.4,961.7,68.1,27,45
7/8/2016 1:00,-24.2,962.5,68.4,28,46
7/8/2016 2:00,-24.6,963.5,68.4,27,42
7/8/2016 3:00,-24.6,964.0,68.3,27,47
7/8/2016 4:00,-21.9,964.6,68.4,25,31
7/8/2016 5:00,-22.2,965.1,68.4,25,34
7/8/2016 6:00,-22.3,965.7,68.3,25,34
7/8/2016 7:00,-22.2,967.0,68.4,28,31
7/8/2016 8:00,-22.4,968.0,68.4,26,30
7/8/2016 9:00,-22.1,968.9,68.5,25,27
7/8/2016 10:00,-22.6,970.0,68.1,26,30
7/8/2016 11:00,-22.4,971.1,68.3,28,27
7/8/2016 12:00,-22.4,972.5,68.2,26,28
7/8/2016 13:00,-22.5,973.4,68.2,27,27
7/8/2016 14:00,-22.6,974.5,68.4,29,28
7/8/2016 15:00,-22.8,975.8,68.3,28,29
7/8/2016 16:00,-22.8,976.6,68.3,27,29
7/8/2016 17:00,-22.3,977.6,68.3,25,26
7/8/2016 18:00,-22.9,978.9,68.2,26,27
7/8/2016 19:00,-23.1,979.5,68.3,26,28
7/8/2016 20:00,-23.4,980.6,68.4,27,29
7/8/2016 21:00,-22.1,981.3,68.3,28,24
7/8/2016 22:00,-22.6,982.0,68.4,30,26
7/8/2016 23:00,-22.2,982.9,68.6,19,27
7/9/2016 0:00,-22.6,983.4,69.3,10,28
7/9/2016 1:00,-24.9,984.0,69.2,19,36
7/9/2016 2:00,-25.4,985.3,68.4,28,39
7/9/2016 3:00,-22.7,985.8,69.1,16,31
7/9/2016 4:00,-23.7,986.1,68.6,24,35
7/9/2016 5:00,-23.9,986.1,68.4,24,34
7/9/2016 6:00,-25.1,986.4,68.6,27,37
7/9/2016 7:00,-25.2,987.4,68.2,26,37
7/9/2016 8:00,-23.8,987.1,68.3,26,33
7/9/2016 9:00,-25.0,987.0,68.5,26,36
7/9/2016 10:00,-23.1,986.8,68.3,28,33
7/9/2016 11:00,-24.0,986.2,68.3,27,35
7/9/2016 12:00,-26.2,986.7,68.5,26,40
7/9/2016 13:00,-25.6,986.3,68.4,26,38
7/9/2016 14:00,-25.1,985.3,68.3,26,40
7/9/2016 15:00,-24.7,984.9,68.3,24,40
7/9/2016 16:00,-24.5,984.6,68.8,17,39
7/9/2016 17:00,-24.1,984.4,68.6,24,39
7/9/2016 18:00,-24.4,984.1,68.8,22,40
7/9/2016 19:00,-24.2,984.2,68.3,25,40
7/9/2016 20:00,-24.2,983.7,68.6,25,41
7/9/2016 21:00,-21.8,982.9,68.5,25,42
7/9/2016 22:00,-22.0,982.6,68.1,25,42
7/9/2016 23:00,-23.1,982.0,68.3,25,45
7/10/2016 0:00,-21.2,981.8,68.3,23,45
7/10/2016 1:00,-20.3,981.7,68.9,16,39
7/10/2016 2:00,-18.6,981.0,68.2,25,36
7/10/2016 3:00,-17.9,980.4,68.3,23,35
7/10/2016 4:00,-18.8,979.8,68.3,22,38
7/10/2016 5:00,-17.7,979.4,68.3,19,36
7/10/2016 6:00,-18.8,979.5,68.6,21,39
7/10/2016 7:00,-19.6,979.0,68.5,19,39
7/10/2016 8:00,-20.3,977.7,68.6,20,38
7/10/2016 9:00,-17.8,977.0,68.5,22,36
7/10/2016 10:00,-15.3,977.5,68.6,20,31
7/10/2016 11:00,-17.2,977.0,68.5,21,34
7/10/2016 12:00,-15.6,975.9,68.6,19,33
7/10/2016 13:00,-14.1,976.5,68.2,21,31
7/10/2016 14:00,-17.3,977.1,68.5,22,38
7/10/2016 15:00,-18.6,976.6,68.4,21,42
7/10/2016 16:00,-19.4,976.0,68.8,20,42
7/10/2016 17:00,-19.3,976.3,68.4,19,41
7/10/2016 18:00,-16.8,974.9,68.5,18,38
7/10/2016 19:00,-16.8,975.8,68.8,20,40
7/10/2016 20:00,-17.7,975.5,68.7,21,41
7/10/2016 21:00,-14.2,975.1,68.4,21,29
7/10/2016 22:00,-15.6,975.8,68.6,22,35
7/10/2016 23:00,-17.5,976.4,68.6,21,38
7/11/2016 0:00,-15.9,976.1,68.6,22,35
7/11/2016 1:00,-15.1,974.8,68.6,22,33
7/11/2016 2:00,-14.6,973.8,68.2,24,32
7/11/2016 3:00,-13.7,972.4,68.4,23,31
7/11/2016 4:00,-12.6,970.3,68.2,22,27
7/11/2016 5:00,-12.3,969.5,68.8,16,26
7/11/2016 6:00,-12.3,968.3,68.3,26,27
7/11/2016 7:00,-12.0,965.5,67.7,25,27
7/11/2016 8:00,-11.5,963.3,68.2,20,26
7/11/2016 9:00,-12.1,961.7,69.0,29,33
7/11/2016 10:00,-11.9,959.8,68.8,30,30
7/11/2016 11:00,-12.0,956.9,64.1,13,37
7/11/2016 12:00,-11.9,954.9,66.9,22,37
7/11/2016 13:00,-11.4,952.9,37.6,21,36
7/11/2016 14:00,-11.2,951.1,62.8,2,36
7/11/2016 15:00,-11.1,950.7,68.8,22,40
7/11/2016 16:00,-10.9,950.4,68.1,16,41
7/11/2016 17:00,-11.0,950.5,68.6,22,44
7/11/2016 18:00,-10.8,949.6,70.9,10,37
7/11/2016 19:00,-11.0,948.2,66.1,26,42
7/11/2016 20:00,-11.1,948.3,67.8,29,43
7/11/2016 21:00,-11.0,946.8,66.5,28,40
7/11/2016 22:00,-11.1,946.2,68.5,30,43
7/11/2016 23:00,-11.2,945.7,68.0,28,52
7/12/2016 0:00,-12.9,945.2,67.6,27,80
7/12/2016 1:00,-12.0,943.6,67.5,26,58
7/12/2016 2:00,-11.7,942.8,67.8,25,55
7/12/2016 3:00,-11.7,942.2,68.5,16,53
7/12/2016 4:00,-11.8,941.7,67.5,24,53
7/12/2016 5:00,-11.9,941.4,67.7,23,55
7/12/2016 6:00,-11.7,940.2,67.7,24,52
7/12/2016 7:00,-11.7,940.1,67.8,23,61
7/12/2016 8:00,-12.8,939.7,67.8,23,75
7/12/2016 9:00,-12.3,939.3,68.1,22,55
7/12/2016 10:00,-12.2,938.7,67.4,28,51
7/12/2016 11:00,-12.2,939.2,67.5,28,47
7/12/2016 12:00,-12.1,938.6,67.8,27,44
7/12/2016 13:00,-12.6,939.5,67.6,27,56
7/12/2016 14:00,-13.1,940.3,67.3,28,65
7/12/2016 15:00,-13.6,940.2,68.6,18,56
7/12/2016 16:00,-13.5,940.8,67.6,27,53
7/12/2016 17:00,-13.2,942.1,68.0,27,59
7/12/2016 18:00,-12.4,943.4,68.7,18,60
7/12/2016 19:00,-11.5,943.5,67.9,28,50
7/12/2016 20:00,-11.2,944.1,67.5,24,49
7/12/2016 21:00,-10.5,944.6,65.8,19,47
7/12/2016 22:00,-10.2,945.0,68.3,25,51
7/12/2016 23:00,-9.8,945.7,67.5,25,47
7/13/2016 0:00,-9.5,945.4,67.9,24,44
7/13/2016 1:00,-8.3,945.8,68.1,25,41
7/13/2016 2:00,-8.0,946.7,67.0,25,41
7/13/2016 3:00,-9.2,946.6,67.8,24,53
7/13/2016 4:00,-11.7,950.8,67.7,24,75
7/13/2016 5:00,-12.3,951.9,68.8,16,72
7/13/2016 6:00,-12.4,954.0,67.7,22,71
7/13/2016 7:00,-12.3,955.6,67.8,21,66
7/13/2016 8:00,-12.5,956.8,67.7,24,64
7/13/2016 9:00,-12.2,957.1,67.9,22,58
7/13/2016 10:00,-12.1,957.4,67.7,24,58
7/13/2016 11:00,-11.5,956.6,67.3,26,56
7/13/2016 12:00,-10.6,955.2,67.8,25,52
7/13/2016 13:00,-11.4,955.5,67.2,27,74
7/13/2016 14:00,-12.2,956.9,67.5,25,70
7/13/2016 15:00,-12.0,956.9,67.6,23,64
7/13/2016 16:00,-11.9,956.4,69.0,15,62
7/13/2016 17:00,-11.7,956.3,67.5,21,61
7/13/2016 18:00,-11.8,957.3,69.2,16,66
7/13/2016 19:00,-11.9,957.9,68.8,16,65
7/13/2016 20:00,-11.8,958.1,69.5,8,68
7/13/2016 21:00,-11.9,958.2,70.9,358,68
7/13/2016 22:00,-12.0,958.4,71.5,359,69
7/13/2016 23:00,-12.1,958.4,69.9,6,70
7/14/2016 0:00,-12.2,959.0,68.1,18,81
7/14/2016 1:00,-12.4,960.0,69.4,18,84
7/14/2016 2:00,-12.6,960.8,67.7,17,85
7/14/2016 3:00,-12.8,961.7,68.0,18,85
7/14/2016 4:00,-13.4,962.0,68.7,22,85
7/14/2016 5:00,-13.6,962.5,68.1,8,84
7/14/2016 6:00,-13.6,962.9,68.7,17,84
7/14/2016 7:00,-13.8,963.0,66.4,15,83
7/14/2016 8:00,-13.8,963.0,66.0,14,81
7/14/2016 9:00,-14.0,962.8,67.6,13,83
7/14/2016 10:00,-13.9,962.8,68.9,20,84
7/14/2016 11:00,-13.9,962.5,66.4,13,83
7/14/2016 12:00,-13.6,962.5,68.7,23,78
7/14/2016 13:00,-13.7,961.9,66.8,25,79
7/14/2016 14:00,-13.8,961.7,67.6,25,80
7/14/2016 15:00,-14.0,961.9,67.6,22,79
7/14/2016 16:00,-14.2,961.8,67.5,26,80
7/14/2016 17:00,-14.6,962.0,68.3,13,83
7/14/2016 18:00,-14.7,962.0,68.0,24,78
7/14/2016 19:00,-14.8,962.0,67.2,24,74
7/14/2016 20:00,-14.9,961.8,67.7,22,77
7/14/2016 21:00,-14.8,961.5,67.9,21,72
7/14/2016 22:00,-14.8,960.8,67.9,21,73
7/14/2016 23:00,-14.4,960.7,68.1,19,56
7/15/2016 0:00,-14.1,960.4,68.3,20,51
7/15/2016 1:00,-14.1,960.1,68.2,20,50
7/15/2016 2:00,-13.8,960.0,68.1,21,44
7/15/2016 3:00,-13.7,959.6,68.4,19,41
7/15/2016 4:00,-13.7,959.5,68.3,19,40
7/15/2016 5:00,-14.0,959.4,68.5,17,42
7/15/2016 6:00,-14.1,959.3,68.4,18,42
7/15/2016 7:00,-14.3,959.2,68.7,16,43
7/15/2016 8:00,-14.1,959.2,69.3,12,44
7/15/2016 9:00,-14.4,960.1,69.2,11,49
7/15/2016 10:00,-14.2,960.4,68.3,21,51
7/15/2016 11:00,-14.3,959.6,68.3,22,49
7/15/2016 12:00,-12.7,959.3,68.2,20,46
7/15/2016 13:00,-12.1,958.5,68.5,22,51
7/15/2016 14:00,-12.6,958.7,67.7,22,69
7/15/2016 15:00,-13.1,958.9,69.3,15,80
7/15/2016 16:00,-12.4,959.4,68.3,20,58
7/15/2016 17:00,-11.9,959.3,68.4,19,49
7/15/2016 18:00,-11.6,959.5,68.2,17,47
7/15/2016 19:00,-11.6,960.2,68.3,20,45
7/15/2016 20:00,-11.7,960.2,68.3,18,44
7/15/2016 21:00,-11.8,960.3,68.2,19,44
7/15/2016 22:00,-11.9,960.7,69.6,12,45
7/15/2016 23:00,-11.9,960.7,68.7,18,44
7/16/2016 0:00,-12.2,961.1,69.3,11,48
7/16/2016 1:00,-13.0,961.8,69.7,10,51
7/16/2016 2:00,-13.3,962.0,68.2,16,65
7/16/2016 3:00,-14.2,963.7,67.7,17,82
7/16/2016 4:00,-15.9,966.4,68.7,16,75
7/16/2016 5:00,-16.5,967.5,68.4,15,76
7/16/2016 6:00,-17.4,969.1,68.6,16,72
7/16/2016 7:00,-18.2,970.1,68.8,14,73
7/16/2016 8:00,-17.7,969.9,68.5,15,72
7/16/2016 9:00,-16.5,969.9,68.7,14,70
7/16/2016 10:00,-16.3,970.5,68.6,15,64
7/16/2016 11:00,-16.3,970.7,67.8,19,63
7/16/2016 12:00,-16.3,970.9,68.2,20,59
7/16/2016 13:00,-16.2,971.3,68.7,19,54
7/16/2016 14:00,-16.4,971.2,69.3,11,50
7/16/2016 15:00,-16.3,971.3,68.7,18,48
7/16/2016 16:00,-16.6,971.1,68.6,19,49
7/16/2016 17:00,-16.6,971.0,69.5,10,46
7/16/2016 18:00,-16.9,971.1,69.4,11,45
7/16/2016 19:00,-16.8,971.4,68.6,20,46
7/16/2016 20:00,-17.1,971.7,68.7,17,43
7/16/2016 21:00,-17.6,971.7,68.7,16,44
7/16/2016 22:00,-18.1,972.3,68.9,16,44
7/16/2016 23:00,-18.4,972.2,68.8,14,44
7/17/2016 0:00,-18.8,972.3,68.8,15,43
7/17/2016 1:00,-18.8,972.3,68.9,14,39
7/17/2016 2:00,-19.2,972.8,68.9,15,40
7/17/2016 3:00,-18.7,972.5,68.9,15,35
7/17/2016 4:00,-18.9,972.3,69.1,14,34
7/17/2016 5:00,-19.7,972.4,69.1,13,36
7/17/2016 6:00,-19.1,972.2,68.9,10,33
7/17/2016 7:00,-19.0,972.1,69.1,10,33
7/17/2016 8:00,-19.7,972.3,69.2,10,34
7/17/2016 9:00,-21.4,972.3,69.2,10,39
7/17/2016 10:00,-21.1,972.2,69.2,14,37
7/17/2016 11:00,-21.9,972.2,69.1,14,40
7/17/2016 12:00,-24.4,972.3,68.9,17,50
7/17/2016 13:00,-24.2,971.9,69.0,19,50
7/17/2016 14:00,-24.8,971.5,68.6,22,51
7/17/2016 15:00,-25.0,971.2,68.8,22,50
7/17/2016 16:00,-23.8,970.9,68.8,18,43
7/17/2016 17:00,-23.7,970.2,69.1,20,44
7/17/2016 18:00,-24.9,969.8,69.0,20,47
7/17/2016 19:00,-24.9,970.0,69.6,13,46
7/17/2016 20:00,-23.8,969.9,68.9,21,40
7/17/2016 21:00,-22.7,969.3,69.0,21,36
7/17/2016 22:00,-22.8,969.4,68.5,21,40
7/17/2016 23:00,-22.8,969.1,68.8,21,34
7/18/2016 0:00,-23.2,969.1,68.7,22,35
7/18/2016 1:00,-23.1,968.8,68.6,22,36
7/18/2016 2:00,-23.1,968.5,68.7,22,36
7/18/2016 3:00,-23.0,968.0,69.5,13,35
7/18/2016 4:00,-23.6,967.6,68.7,23,35
7/18/2016 5:00,-23.5,967.3,68.7,23,35
7/18/2016 6:00,-23.2,966.9,68.7,23,34
7/18/2016 7:00,-23.8,966.6,68.5,22,35
7/18/2016 8:00,-22.9,966.2,68.7,23,32
7/18/2016 9:00,-25.6,966.1,68.6,25,39
7/18/2016 10:00,-22.5,965.9,68.5,23,32
7/18/2016 11:00,-24.4,965.1,68.6,25,36
7/18/2016 12:00,-24.6,964.4,68.6,28,36
7/18/2016 13:00,-24.4,963.7,68.3,27,35
7/18/2016 14:00,-24.3,962.4,68.6,27,37
7/18/2016 15:00,-26.6,962.9,69.2,26,44
7/18/2016 16:00,-23.9,961.4,69.0,17,37
7/18/2016 17:00,-23.3,960.3,68.6,25,36
7/18/2016 18:00,-23.0,959.2,68.3,26,38
7/18/2016 19:00,-22.9,958.6,68.2,27,38
7/18/2016 20:00,-23.9,958.6,68.6,27,40
7/18/2016 21:00,-23.0,957.4,68.7,26,39
7/18/2016 22:00,-22.9,956.6,68.9,26,38
7/18/2016 23:00,-22.3,955.7,68.4,27,37
7/19/2016 0:00,-21.6,954.3,68.5,23,36
7/19/2016 1:00,-21.4,953.3,68.4,24,35
7/19/2016 2:00,-22.0,952.5,68.2,25,36
7/19/2016 3:00,-21.6,951.5,68.4,25,35
7/19/2016 4:00,-22.0,950.7,68.5,25,36
7/19/2016 5:00,-21.9,950.0,68.3,26,35
7/19/2016 6:00,-22.4,949.4,68.3,27,36
7/19/2016 7:00,-22.1,948.7,68.9,17,34
7/19/2016 8:00,-22.6,947.9,68.6,24,35
7/19/2016 9:00,-22.2,947.7,68.1,24,35
7/19/2016 10:00,-21.8,947.3,68.3,29,36
7/19/2016 11:00,-22.1,947.0,68.6,20,36
7/19/2016 12:00,-21.5,946.9,68.8,19,34
7/19/2016 13:00,-22.1,946.6,68.2,27,36
7/19/2016 14:00,-21.5,946.2,68.1,27,35
7/19/2016 15:00,-21.2,945.9,68.4,25,35
7/19/2016 16:00,-21.7,945.6,68.2,25,37
7/19/2016 17:00,-21.2,945.8,68.3,28,38
7/19/2016 18:00,-20.9,945.5,68.4,23,36
7/19/2016 19:00,-21.0,945.7,68.3,27,38
7/19/2016 20:00,-20.4,945.9,68.6,26,36
7/19/2016 21:00,-19.9,945.4,68.9,26,36
7/19/2016 22:00,-19.8,945.2,68.2,25,37
7/19/2016 23:00,-19.8,945.0,68.7,27,41
7/20/2016 0:00,-19.5,944.8,69.4,27,42
7/20/2016 1:00,-17.9,945.2,69.1,22,33
7/20/2016 2:00,-17.6,945.0,68.4,26,36
7/20/2016 3:00,-16.1,944.6,68.8,30,42
7/20/2016 4:00,-14.7,943.8,68.7,26,39
7/20/2016 5:00,-13.7,944.0,67.8,26,45
7/20/2016 6:00,-12.4,943.9,67.8,29,43
7/20/2016 7:00,-12.0,944.1,67.9,26,41
7/20/2016 8:00,-11.5,944.1,68.0,24,43
7/20/2016 9:00,-11.2,943.8,68.3,23,43
7/20/2016 10:00,-11.4,943.9,67.8,25,42
7/20/2016 11:00,-11.4,944.1,67.8,25,40
7/20/2016 12:00,-11.1,944.3,68.2,24,38
7/20/2016 13:00,-11.0,944.7,67.8,24,37
7/20/2016 14:00,-12.1,945.2,68.2,24,43
7/20/2016 15:00,-13.7,945.3,68.2,23,40
7/20/2016 16:00,-14.7,945.3,68.3,17,36
7/20/2016 17:00,-14.6,946.0,67.9,19,36
7/20/2016 18:00,-14.5,946.9,69.1,12,36
7/20/2016 19:00,-14.7,947.6,68.9,19,37
7/20/2016 20:00,-14.5,948.6,68.1,22,37
7/20/2016 21:00,-14.7,948.7,69.0,22,38
7/20/2016 22:00,-13.8,949.1,67.6,16,37
7/20/2016 23:00,-13.7,949.7,68.0,24,36
7/21/2016 0:00,-14.0,950.6,68.0,25,36
7/21/2016 1:00,-13.7,951.3,68.0,28,37
7/21/2016 2:00,-14.2,952.3,68.1,26,36
7/21/2016 3:00,-14.1,952.9,68.0,25,36
7/21/2016 4:00,-13.8,953.5,67.8,25,36
7/21/2016 5:00,-14.2,954.2,69.0,15,40
7/21/2016 6:00,-14.4,954.8,68.5,21,38
7/21/2016 7:00,-14.7,955.7,68.2,22,37
7/21/2016 8:00,-14.9,956.7,68.6,22,36
7/21/2016 9:00,-15.1,957.0,68.5,22,33
7/21/2016 10:00,-15.0,957.6,68.3,22,35
7/21/2016 11:00,-16.1,958.1,68.2,24,34
7/21/2016 12:00,-16.6,958.7,68.3,21,34
7/21/2016 13:00,-16.7,959.3,68.6,20,34
7/21/2016 14:00,-16.9,959.7,68.2,21,32
7/21/2016 15:00,-17.2,960.3,69.0,19,32
7/21/2016 16:00,-17.3,960.8,68.7,21,34
7/21/2016 17:00,-17.1,961.2,68.5,21,31
7/21/2016 18:00,-17.9,961.8,68.5,19,34
7/21/2016 19:00,-17.5,962.3,68.7,23,33
7/21/2016 20:00,-17.7,962.7,68.2,22,34
7/21/2016 21:00,-17.9,962.4,68.2,23,33
7/21/2016 22:00,-17.7,962.8,68.4,19,33
7/21/2016 23:00,-18.3,963.2,69.5,17,34
7/22/2016 0:00,-18.0,963.5,68.7,26,33
7/22/2016 1:00,-18.6,963.9,68.2,28,32
7/22/2016 2:00,-19.4,964.0,68.8,28,34
7/22/2016 3:00,-20.1,963.9,68.0,24,33
7/22/2016 4:00,-20.7,963.8,68.8,28,33
7/22/2016 5:00,-21.2,963.8,68.3,25,33
7/22/2016 6:00,-21.2,964.3,69.5,25,33
7/22/2016 7:00,-20.7,964.3,69.0,27,34
7/22/2016 8:00,-22.3,965.5,68.6,32,39
7/22/2016 9:00,-21.7,965.6,68.0,26,37
7/22/2016 10:00,-22.9,966.0,68.4,28,42
7/22/2016 11:00,-22.6,965.9,68.7,19,41
7/22/2016 12:00,-23.4,966.5,69.1,20,46
7/22/2016 13:00,-22.7,966.5,68.2,28,41
7/22/2016 14:00,-21.7,967.0,68.1,27,38
7/22/2016 15:00,-21.9,967.0,68.2,26,38
7/22/2016 16:00,-23.0,967.2,68.7,27,41
7/22/2016 17:00,-22.9,967.7,68.1,25,40
7/22/2016 18:00,-22.6,968.5,68.6,25,40
7/22/2016 19:00,-22.7,968.2,68.4,25,39
7/22/2016 20:00,-23.4,969.4,68.7,24,40
7/22/2016 21:00,-22.6,969.6,68.7,23,41
7/22/2016 22:00,-22.9,969.9,68.5,24,41
7/22/2016 23:00,-23.4,970.3,68.5,22,41
7/23/2016 0:00,-22.1,970.8,68.4,22,38
7/23/2016 1:00,-22.2,970.9,68.5,23,39
7/23/2016 2:00,-22.9,970.9,68.4,22,41
7/23/2016 3:00,-22.8,971.8,68.9,21,37
7/23/2016 4:00,-22.4,972.6,68.4,20,36
7/23/2016 5:00,-23.7,973.3,68.9,20,40
7/23/2016 6:00,-23.6,974.1,68.6,21,41
7/23/2016 7:00,-24.2,974.7,69.4,12,40
7/23/2016 8:00,-23.1,974.8,68.7,19,42
7/23/2016 9:00,-26.2,976.0,69.2,13,47
7/23/2016 10:00,-23.3,976.0,68.8,21,41
7/23/2016 11:00,-23.1,976.3,69.1,13,42
7/23/2016 12:00,-25.0,977.2,69.0,22,40
7/23/2016 13:00,-26.7,977.7,68.5,25,50
7/23/2016 14:00,-24.3,978.2,68.4,26,46
7/23/2016 15:00,-23.7,978.3,68.7,24,41
7/23/2016 16:00,-23.6,978.5,69.3,15,40
7/23/2016 17:00,-23.9,978.6,69.2,14,40
7/23/2016 18:00,-23.1,978.9,68.7,22,38
7/23/2016 19:00,-26.7,979.6,68.6,23,45
7/23/2016 20:00,-24.8,979.9,68.8,23,41
7/23/2016 21:00,-23.9,979.6,68.7,24,42
7/23/2016 22:00,-24.0,979.9,68.6,24,42
7/23/2016 23:00,-23.4,979.7,68.5,24,40
7/24/2016 0:00,-23.8,980.4,68.5,27,41
7/24/2016 1:00,-24.1,980.5,68.3,26,45
7/24/2016 2:00,-23.9,980.5,68.3,27,43
7/24/2016 3:00,-24.9,980.7,68.3,25,45
7/24/2016 4:00,-24.5,980.1,68.3,24,45
7/24/2016 5:00,-24.4,980.2,68.6,24,42
7/24/2016 6:00,-24.8,980.5,68.6,23,46
7/24/2016 7:00,-21.6,980.0,68.5,23,38
7/24/2016 8:00,-19.6,979.5,68.6,22,34
7/24/2016 9:00,-22.8,979.9,68.5,22,36
7/24/2016 10:00,-22.0,978.7,68.2,23,41
7/24/2016 11:00,-20.3,978.2,68.4,24,36
7/24/2016 12:00,-21.7,977.6,68.8,23,42
7/24/2016 13:00,-21.9,976.7,68.5,23,44
7/24/2016 14:00,-14.8,975.3,68.6,20,28
7/24/2016 15:00,-14.6,974.6,68.7,21,27
7/24/2016 16:00,-14.7,974.3,68.5,22,29
7/24/2016 17:00,-15.2,973.6,68.7,22,30
7/24/2016 18:00,-14.9,972.4,68.3,23,31
7/24/2016 19:00,-13.5,971.2,68.3,23,26
7/24/2016 20:00,-13.6,970.1,68.4,22,29
7/24/2016 21:00,-12.6,968.6,68.0,23,24
7/24/2016 22:00,-12.1,967.4,68.0,22,25
7/24/2016 23:00,-11.2,966.5,68.2,24,24
7/25/2016 0:00,-11.1,965.9,68.9,17,26
7/25/2016 1:00,-11.8,965.9,69.0,17,30
7/25/2016 2:00,-12.1,965.5,69.0,16,33
7/25/2016 3:00,-11.3,964.7,68.2,23,30
7/25/2016 4:00,-11.7,965.1,68.2,24,32
7/25/2016 5:00,-12.2,964.6,68.1,23,36
7/25/2016 6:00,-12.3,964.9,68.1,22,36
7/25/2016 7:00,-12.6,964.7,68.3,22,38
7/25/2016 8:00,-13.7,965.2,68.4,23,41
7/25/2016 9:00,-14.9,965.4,68.3,22,48
7/25/2016 10:00,-14.7,965.5,68.1,26,48
7/25/2016 11:00,-15.0,966.4,68.0,27,56
7/25/2016 12:00,-15.1,967.0,68.0,25,55
7/25/2016 13:00,-15.4,968.0,68.1,25,54
7/25/2016 14:00,-15.3,968.5,68.3,23,53
7/25/2016 15:00,-15.4,969.0,68.1,22,51
7/25/2016 16:00,-15.6,969.8,68.5,22,51
7/25/2016 17:00,-15.6,970.9,68.3,22,47
7/25/2016 18:00,-16.0,972.5,68.1,23,45
7/25/2016 19:00,-16.3,973.9,68.6,23,46
7/25/2016 20:00,-17.0,975.6,68.2,23,50
7/25/2016 21:00,-17.5,976.6,69.1,14,50
7/25/2016 22:00,-18.5,977.7,68.5,20,55
7/25/2016 23:00,-19.4,978.4,68.4,20,56
7/26/2016 0:00,-19.1,979.6,68.6,20,51
7/26/2016 1:00,-20.0,980.4,68.5,18,51
7/26/2016 2:00,-20.9,981.2,69.4,12,51
7/26/2016 3:00,-21.3,981.3,69.4,12,53
7/26/2016 4:00,-21.6,982.1,68.6,18,53
7/26/2016 5:00,-21.8,981.9,68.6,18,53
7/26/2016 6:00,-20.1,981.5,68.6,11,46
7/26/2016 7:00,-18.9,981.6,68.8,18,36
7/26/2016 8:00,-18.4,981.1,68.8,21,34
7/26/2016 9:00,-18.7,980.5,68.7,20,36
7/26/2016 10:00,-19.2,979.8,68.5,24,40
7/26/2016 11:00,-17.1,978.4,69.5,10,35
7/26/2016 12:00,-16.5,976.7,68.3,27,33
7/26/2016 13:00,-15.3,975.0,68.0,26,32
7/26/2016 14:00,-14.6,972.3,68.3,26,33
7/26/2016 15:00,-14.1,969.9,67.8,25,34
7/26/2016 16:00,-15.0,968.2,67.9,27,46
7/26/2016 17:00,-14.7,966.4,67.8,25,47
7/26/2016 18:00,-15.0,965.7,69.4,26,54
7/26/2016 19:00,-15.2,964.0,64.7,11,77
7/26/2016 20:00,-15.4,962.7,63.3,20,84
7/26/2016 21:00,-15.6,961.6,52.9,10,84
7/26/2016 22:00,-14.9,959.8,64.9,11,82
7/26/2016 23:00,-14.6,958.1,52.2,9,86
7/27/2016 0:00,-14.5,956.9,52.5,7,86
7/27/2016 1:00,-14.2,955.6,67.5,18,85
7/27/2016 2:00,-13.5,954.6,68.2,17,80
7/27/2016 3:00,-13.0,954.3,67.6,24,72
7/27/2016 4:00,-12.7,955.6,67.7,26,66
7/27/2016 5:00,-12.5,955.8,67.7,23,56
7/27/2016 6:00,-12.6,956.5,68.0,23,56
7/27/2016 7:00,-12.6,957.0,68.6,27,55
7/27/2016 8:00,-12.5,957.7,67.9,21,52
7/27/2016 9:00,-12.6,958.5,67.4,24,53
7/27/2016 10:00,-12.4,959.8,68.4,27,44
7/27/2016 11:00,-12.3,961.7,67.8,29,42
7/27/2016 12:00,-12.3,963.3,67.4,27,41
7/27/2016 13:00,-12.8,965.2,67.7,29,44
7/27/2016 14:00,-13.6,966.5,67.7,28,48
7/27/2016 15:00,-13.5,967.0,68.4,18,44
7/27/2016 16:00,-13.7,968.1,67.8,29,39
7/27/2016 17:00,-14.2,968.8,67.9,27,38
7/27/2016 18:00,-14.7,969.7,68.1,29,41
7/27/2016 19:00,-15.1,970.6,67.8,29,39
7/27/2016 20:00,-15.5,972.1,67.6,29,39
7/27/2016 21:00,-16.0,973.1,67.6,28,42
7/27/2016 22:00,-16.4,974.0,68.1,28,41
7/27/2016 23:00,-16.6,974.6,68.6,18,40
7/28/2016 0:00,-17.1,975.0,68.0,25,41
7/28/2016 1:00,-17.3,975.3,68.2,25,41
7/28/2016 2:00,-17.6,975.5,69.1,16,39
7/28/2016 3:00,-17.7,975.6,68.2,24,41
7/28/2016 4:00,-18.4,976.0,69.0,15,38
7/28/2016 5:00,-18.7,976.3,68.2,24,37
7/28/2016 6:00,-18.8,976.4,69.2,15,35
7/28/2016 7:00,-18.7,976.1,68.3,24,33
7/28/2016 8:00,-19.1,976.4,68.8,17,33
7/28/2016 9:00,-19.2,976.0,68.4,24,33
7/28/2016 10:00,-19.2,976.5,68.4,27,33
7/28/2016 11:00,-19.3,976.5,68.0,28,34
7/28/2016 12:00,-19.0,975.7,68.2,28,33
7/28/2016 13:00,-19.7,976.1,68.0,28,36
7/28/2016 14:00,-19.8,975.6,68.8,19,35
7/28/2016 15:00,-20.3,975.1,68.4,27,39
7/28/2016 16:00,-19.6,974.8,68.3,26,35
7/28/2016 17:00,-19.6,974.8,68.1,26,37
7/28/2016 18:00,-19.2,974.9,68.3,25,35
7/28/2016 19:00,-20.2,975.2,69.1,15,41
7/28/2016 20:00,-19.8,974.9,68.5,26,34
7/28/2016 21:00,-19.5,975.1,68.4,25,33
7/28/2016 22:00,-19.3,975.1,68.1,26,33
7/28/2016 23:00,-19.3,975.3,68.1,26,32
7/29/2016 0:00,-18.4,975.3,68.1,25,31
7/29/2016 1:00,-19.3,976.0,68.1,27,33
7/29/2016 2:00,-19.9,976.8,67.9,26,35
7/29/2016 3:00,-20.9,976.9,68.3,26,39
7/29/2016 4:00,-22.6,977.9,68.4,25,46
7/29/2016 5:00,-23.4,978.7,68.5,24,49
7/29/2016 6:00,-23.2,979.0,68.9,15,45
7/29/2016 7:00,-23.7,979.5,68.5,23,45
7/29/2016 8:00,-23.5,980.0,68.6,23,43
7/29/2016 9:00,-24.8,980.7,69.1,14,43
7/29/2016 10:00,-23.5,981.6,68.2,24,42
7/29/2016 11:00,-24.4,982.2,68.5,24,45
7/29/2016 12:00,-25.2,983.0,68.5,26,47
7/29/2016 13:00,-24.4,983.3,68.3,27,44
7/29/2016 14:00,-25.7,983.6,68.4,29,46
7/29/2016 15:00,-24.9,983.7,68.2,28,41
7/29/2016 16:00,-26.7,984.5,68.4,29,47
7/29/2016 17:00,-27.1,985.2,68.3,29,48
7/29/2016 18:00,-25.8,985.4,68.3,27,43
7/29/2016 19:00,-25.1,985.3,68.1,27,37
7/29/2016 20:00,-25.3,985.2,68.4,27,40
7/29/2016 21:00,-24.4,985.5,68.6,26,35
7/29/2016 22:00,-24.9,985.3,68.4,25,36
7/29/2016 23:00,-26.6,985.9,68.6,25,42
7/30/2016 0:00,-27.2,986.1,68.6,25,44
7/30/2016 1:00,-25.5,986.0,68.4,23,35
7/30/2016 2:00,-25.4,985.1,68.4,23,36
7/30/2016 3:00,-25.9,985.5,68.6,22,38
7/30/2016 4:00,-25.7,985.3,68.5,22,36
7/30/2016 5:00,-25.4,985.2,68.9,22,37
7/30/2016 6:00,-25.3,985.0,68.7,22,36
7/30/2016 7:00,-25.1,985.0,68.6,22,36
7/30/2016 8:00,-24.2,984.4,68.7,22,31
7/30/2016 9:00,-24.8,984.5,68.9,20,34
7/30/2016 10:00,-23.7,984.3,68.9,23,29
7/30/2016 11:00,-23.2,984.2,68.6,24,30
7/30/2016 12:00,-23.1,984.0,68.8,25,27
7/30/2016 13:00,-22.9,983.6,68.6,25,28
7/30/2016 14:00,-22.8,983.4,68.5,26,27
7/30/2016 15:00,-22.9,983.3,68.7,24,28
7/30/2016 16:00,-22.8,982.5,68.4,27,28
7/30/2016 17:00,-22.7,982.1,68.3,27,26
7/30/2016 18:00,-22.2,981.9,68.5,29,26
7/30/2016 19:00,-22.9,981.5,68.1,28,29
7/30/2016 20:00,-22.1,981.1,68.2,28,27
7/30/2016 21:00,-22.2,981.0,68.5,26,29
7/30/2016 22:00,-21.9,980.5,68.5,26,29
7/30/2016 23:00,-21.8,979.6,68.6,26,28
7/31/2016 0:00,-21.9,979.2,68.6,24,29
7/31/2016 1:00,-21.4,978.5,68.1,26,29
7/31/2016 2:00,-20.9,977.4,68.4,25,30
7/31/2016 3:00,-21.3,976.1,68.2,24,28
7/31/2016 4:00,-21.4,975.1,68.7,24,30
7/31/2016 5:00,-21.1,974.1,68.4,24,30
7/31/2016 6:00,-21.0,973.0,68.6,24,29
7/31/2016 7:00,-20.6,972.0,68.1,26,29
7/31/2016 8:00,-20.4,971.2,68.5,28,29
7/31/2016 9:00,-20.1,970.3,68.5,28,29
7/31/2016 10:00,-19.8,968.8,68.3,30,28
7/31/2016 11:00,-19.6,967.9,68.4,24,28
7/31/2016 12:00,-19.4,966.4,68.1,30,27
7/31/2016 13:00,-19.3,965.8,68.5,31,28
7/31/2016 14:00,-18.9,965.1,68.2,29,27
7/31/2016 15:00,-19.0,964.1,68.1,26,28
7/31/2016 16:00,-18.9,963.7,68.3,29,28
7/31/2016 17:00,-19.1,963.0,68.7,28,28
7/31/2016 18:00,-19.6,962.6,68.0,29,31
7/31/2016 19:00,-19.1,962.2,68.7,30,29
7/31/2016 20:00,-18.5,962.0,68.6,29,28
7/31/2016 21:00,-18.1,962.3,68.6,30,27
7/31/2016 22:00,-19.2,962.0,68.3,27,31
7/31/2016 23:00,-19.4,962.9,68.0,29,31
8/1/2016 0:00,-19.6,962.9,68.3,24,29
8/1/2016 1:00,-19.3,963.4,68.1,28,28
8/1/2016 2:00,-20.3,963.9,68.6,26,31
8/1/2016 3:00,-22.6,964.3,69.0,17,35
8/1/2016 4:00,-22.6,964.6,68.3,24,35
8/1/2016 5:00,-22.1,964.9,68.6,23,34
8/1/2016 6:00,-23.6,965.6,73.0,20,38
8/1/2016 7:00,-23.2,966.2,69.4,20,36
8/1/2016 8:00,-22.3,967.1,68.6,19,35
8/1/2016 9:00,-21.6,967.6,69.4,11,33
8/1/2016 10:00,-18.4,968.2,69.3,14,26
8/1/2016 11:00,-18.7,969.1,69.6,9,27
8/1/2016 12:00,-18.6,969.9,68.6,23,27
8/1/2016 13:00,-18.1,970.5,68.5,22,26
8/1/2016 14:00,-18.2,971.0,68.6,22,27
8/1/2016 15:00,-17.2,971.6,68.5,24,24
8/1/2016 16:00,-17.2,972.8,69.3,14,26
8/1/2016 17:00,-17.4,973.2,68.6,21,30
8/1/2016 18:00,-17.4,974.0,68.6,19,32
8/1/2016 19:00,-17.3,974.7,68.7,22,30
8/1/2016 20:00,-16.7,975.1,68.4,24,30
8/1/2016 21:00,-16.1,975.1,68.9,14,28
8/1/2016 22:00,-15.8,975.6,69.3,16,30
8/1/2016 23:00,-15.9,976.3,68.3,23,28
8/2/2016 0:00,-15.1,975.7,68.4,22,25
8/2/2016 1:00,-14.8,976.0,68.2,27,25
8/2/2016 2:00,-15.1,976.4,68.3,29,33
8/2/2016 3:00,-15.4,976.4,68.4,28,37
8/2/2016 4:00,-15.6,976.3,68.3,28,45
8/2/2016 5:00,-15.6,976.1,68.0,28,48
8/2/2016 6:00,-15.2,975.7,68.2,28,49
8/2/2016 7:00,-14.9,975.9,68.4,29,51
8/2/2016 8:00,-14.7,976.1,67.9,28,55
8/2/2016 9:00,-14.2,975.3,68.3,27,53
8/2/2016 10:00,-14.0,974.0,68.2,28,58
8/2/2016 11:00,-13.8,973.7,67.4,29,60
8/2/2016 12:00,-13.8,973.3,67.6,27,67
8/2/2016 13:00,-14.0,973.1,65.3,14,75
8/2/2016 14:00,-14.0,972.3,68.2,22,71
8/2/2016 15:00,-13.7,972.0,67.8,28,56
8/2/2016 16:00,-13.5,971.4,67.6,27,51
8/2/2016 17:00,-13.4,970.6,67.5,27,50
8/2/2016 18:00,-13.5,970.2,67.2,28,53
8/2/2016 19:00,-13.6,969.5,67.9,29,56
8/2/2016 20:00,-13.9,969.5,68.6,27,62
8/2/2016 21:00,-13.8,969.5,64.4,344,58
8/2/2016 22:00,-14.0,969.8,67.4,28,60
8/2/2016 23:00,-14.0,970.3,68.0,28,61
8/3/2016 0:00,-14.1,970.5,67.7,29,60
8/3/2016 1:00,-14.1,970.6,67.6,28,60
8/3/2016 2:00,-14.1,970.7,68.4,30,61
8/3/2016 3:00,-14.0,970.0,67.7,28,58
8/3/2016 4:00,-14.0,970.1,68.9,19,56
8/3/2016 5:00,-13.9,970.5,67.8,27,55
8/3/2016 6:00,-14.0,970.6,67.7,26,55
8/3/2016 7:00,-14.3,970.9,68.0,29,55
8/3/2016 8:00,-14.1,971.1,67.8,27,51
8/3/2016 9:00,-14.0,971.4,67.7,26,49
8/3/2016 10:00,-14.0,972.4,67.6,26,46
8/3/2016 11:00,-14.6,972.8,67.9,27,52
8/3/2016 12:00,-15.7,973.4,67.8,26,51
8/3/2016 13:00,-16.2,974.1,68.9,18,49
8/3/2016 14:00,-15.9,974.5,67.7,28,42
8/3/2016 15:00,-16.0,975.0,67.9,27,42
8/3/2016 16:00,-16.1,975.8,67.8,25,40
8/3/2016 17:00,-16.7,976.4,68.1,25,42
8/3/2016 18:00,-16.9,976.7,68.1,24,41
8/3/2016 19:00,-17.0,977.3,68.2,22,38
8/3/2016 20:00,-16.9,977.2,68.0,24,36
8/3/2016 21:00,-17.1,977.8,68.3,22,34
8/3/2016 22:00,-17.3,978.7,68.4,23,33
8/3/2016 23:00,-17.9,978.8,68.3,24,36
8/4/2016 0:00,-18.0,978.8,68.1,15,35
8/4/2016 1:00,-18.1,978.7,68.6,23,35
8/4/2016 2:00,-18.3,979.0,68.4,23,36
8/4/2016 3:00,-18.3,979.0,68.3,23,35
8/4/2016 4:00,-17.7,979.0,68.3,22,33
8/4/2016 5:00,-17.8,978.8,69.2,13,34
8/4/2016 6:00,-17.6,978.5,68.6,21,32
8/4/2016 7:00,-17.1,978.7,68.6,22,31
8/4/2016 8:00,-17.1,978.3,68.5,23,32
8/4/2016 9:00,-16.9,978.4,68.4,23,32
8/4/2016 10:00,-16.8,978.1,68.4,27,32
8/4/2016 11:00,-16.0,977.5,68.1,28,30
8/4/2016 12:00,-15.3,976.2,69.2,16,29
8/4/2016 13:00,-15.6,975.6,68.4,26,30
8/4/2016 14:00,-15.5,974.7,68.4,27,33
8/4/2016 15:00,-15.4,974.1,68.5,18,33
8/4/2016 16:00,-14.6,973.1,69.0,26,32
8/4/2016 17:00,-14.8,973.4,68.3,26,37
8/4/2016 18:00,-14.2,971.8,68.5,17,35
8/4/2016 19:00,-13.9,971.3,68.6,29,33
8/4/2016 20:00,-13.5,971.0,67.0,24,34
8/4/2016 21:00,-12.7,970.4,68.0,30,35
8/4/2016 22:00,-11.9,969.4,67.7,27,32
8/4/2016 23:00,-11.3,968.5,68.7,19,32
8/5/2016 0:00,-10.7,967.3,68.1,28,34
8/5/2016 1:00,-10.1,964.9,68.5,27,32
8/5/2016 2:00,-9.8,964.5,68.2,29,34
8/5/2016 3:00,-9.4,963.5,67.9,26,33
8/5/2016 4:00,-9.2,961.9,68.0,27,35
8/5/2016 5:00,-9.1,961.5,68.7,28,36
8/5/2016 6:00,-9.1,961.8,68.3,25,37
8/5/2016 7:00,-8.8,960.7,68.1,23,37
8/5/2016 8:00,-8.4,960.3,69.6,25,35
8/5/2016 9:00,-8.2,959.5,68.1,16,37
8/5/2016 10:00,-7.8,957.5,67.1,12,38
8/5/2016 11:00,-8.1,957.7,67.0,15,43
8/5/2016 12:00,-8.6,956.4,66.2,13,48
8/5/2016 13:00,-8.6,956.6,68.0,25,55
8/5/2016 14:00,-8.5,957.7,67.9,24,56
8/5/2016 15:00,-9.0,960.2,67.9,21,65
8/5/2016 16:00,-9.1,962.0,67.6,26,68
8/5/2016 17:00,-8.8,963.5,67.8,27,61
8/5/2016 18:00,-8.4,963.9,68.7,14,58
8/5/2016 19:00,-8.3,963.8,68.0,22,56
8/5/2016 20:00,-7.9,964.1,67.3,27,53
8/5/2016 21:00,-7.8,964.6,68.4,20,52
8/5/2016 22:00,-8.0,964.7,67.4,27,53
8/5/2016 23:00,-8.1,965.3,67.8,30,57
8/6/2016 0:00,-8.0,965.0,67.2,29,54
8/6/2016 1:00,-8.0,965.2,66.7,24,55
8/6/2016 2:00,-8.0,965.1,67.6,26,55
8/6/2016 3:00,-7.9,965.4,67.4,25,54
8/6/2016 4:00,-8.0,965.8,67.6,27,54
8/6/2016 5:00,-8.0,965.6,67.5,26,53
8/6/2016 6:00,-7.8,965.3,67.9,27,51
8/6/2016 7:00,-7.7,965.3,67.7,26,50
8/6/2016 8:00,-7.6,965.4,68.0,15,50
8/6/2016 9:00,-7.6,965.7,67.9,27,52
8/6/2016 10:00,-7.4,965.6,67.4,28,51
8/6/2016 11:00,-7.0,964.2,67.8,25,49
8/6/2016 12:00,-6.6,962.5,68.7,15,49
8/6/2016 13:00,-6.5,963.0,68.1,25,50
8/6/2016 14:00,-6.2,961.8,67.2,17,48
8/6/2016 15:00,-5.8,960.4,67.8,24,45
8/6/2016 16:00,-5.0,960.0,67.8,21,42
8/6/2016 17:00,-4.9,958.7,66.7,21,46
8/6/2016 18:00,-4.9,957.9,68.1,20,48
8/6/2016 19:00,-5.0,958.5,67.0,24,50
8/6/2016 20:00,-5.6,957.7,67.7,27,57
8/6/2016 21:00,-6.3,958.1,67.8,26,73
8/6/2016 22:00,-6.2,957.9,67.9,20,68
8/6/2016 23:00,-6.4,957.8,68.3,19,68
8/7/2016 0:00,-6.8,957.4,67.0,20,75
8/7/2016 1:00,-6.7,958.0,67.5,23,69
8/7/2016 2:00,-6.5,957.7,67.5,24,64
8/7/2016 3:00,-6.6,958.3,67.6,24,61
8/7/2016 4:00,-6.6,958.5,67.8,23,59
8/7/2016 5:00,-6.2,958.4,68.2,22,53
8/7/2016 6:00,-6.1,958.2,68.1,21,53
8/7/2016 7:00,-6.3,957.6,67.9,23,54
8/7/2016 8:00,-6.5,956.8,68.1,22,56
8/7/2016 9:00,-6.1,955.8,68.1,19,50
8/7/2016 10:00,-5.8,955.1,67.9,22,49
8/7/2016 11:00,-5.7,953.8,67.8,22,46
8/7/2016 12:00,-5.8,953.2,69.2,13,47
8/7/2016 13:00,-5.9,952.6,68.2,22,45
8/7/2016 14:00,-6.0,951.7,68.2,20,43
8/7/2016 15:00,-6.2,951.2,68.5,19,46
8/7/2016 16:00,-6.3,951.3,68.1,19,46
8/7/2016 17:00,-5.9,951.2,68.3,19,40
8/7/2016 18:00,-6.0,950.6,68.3,18,42
8/7/2016 19:00,-5.9,950.0,68.3,20,43
8/7/2016 20:00,-5.9,949.3,68.4,23,42
8/7/2016 21:00,-6.2,949.8,68.1,21,43
8/7/2016 22:00,-6.4,949.5,68.0,21,45
8/7/2016 23:00,-6.5,950.5,68.0,20,45
8/8/2016 0:00,-6.5,951.1,68.5,21,41
8/8/2016 1:00,-6.8,951.1,67.9,24,43
8/8/2016 2:00,-7.3,951.8,68.0,23,52
8/8/2016 3:00,-7.6,952.4,68.2,23,53
8/8/2016 4:00,-7.6,952.8,67.8,23,49
8/8/2016 5:00,-7.3,952.2,69.4,12,45
8/8/2016 6:00,-7.7,953.2,68.2,23,59
8/8/2016 7:00,-8.0,954.8,69.3,14,63
8/8/2016 8:00,-8.3,955.4,68.0,21,65
8/8/2016 9:00,-8.9,956.4,68.2,21,70
8/8/2016 10:00,-9.1,958.9,67.4,23,77
8/8/2016 11:00,-9.1,960.1,67.6,24,70
8/8/2016 12:00,-9.1,960.5,67.7,23,61
8/8/2016 13:00,-8.8,960.6,67.5,27,57
8/8/2016 14:00,-8.4,960.9,67.7,25,48
8/8/2016 15:00,-8.5,961.6,67.9,26,58
8/8/2016 16:00,-9.7,963.4,67.5,25,89
8/8/2016 17:00,-9.6,966.1,68.1,34,89
8/8/2016 18:00,-9.7,968.1,68.8,36,89
8/8/2016 19:00,-10.2,971.0,67.8,29,89
8/8/2016 20:00,-10.2,972.4,67.6,21,71
8/8/2016 21:00,-10.6,972.9,67.8,20,68
8/8/2016 22:00,-10.1,973.3,68.2,20,57
8/8/2016 23:00,-9.4,973.6,68.2,19,46
8/9/2016 0:00,-9.3,974.1,68.3,20,42
8/9/2016 1:00,-9.4,974.2,69.3,12,40
8/9/2016 2:00,-9.5,974.6,68.5,20,42
8/9/2016 3:00,-9.6,975.2,68.3,19,42
8/9/2016 4:00,-9.7,975.2,68.3,19,40
8/9/2016 5:00,-9.9,975.8,68.3,18,39
8/9/2016 6:00,-9.9,976.3,68.2,16,37
8/9/2016 7:00,-10.1,976.8,68.6,16,39
8/9/2016 8:00,-10.5,976.8,68.4,17,38
8/9/2016 9:00,-11.0,976.8,69.0,17,38
8/9/2016 10:00,-11.6,976.7,68.7,18,38
8/9/2016 11:00,-11.5,976.7,68.6,17,37
8/9/2016 12:00,-11.6,976.8,68.7,16,39
8/9/2016 13:00,-11.3,976.8,68.5,19,40
8/9/2016 14:00,-12.1,976.9,68.2,20,40
8/9/2016 15:00,-12.8,976.7,68.4,20,40
8/9/2016 16:00,-13.2,976.2,68.3,19,43
8/9/2016 17:00,-13.3,975.9,68.2,16,39
8/9/2016 18:00,-13.3,975.4,68.3,14,37
8/9/2016 19:00,-13.2,975.6,69.1,19,37
8/9/2016 20:00,-13.1,975.4,68.3,20,38
8/9/2016 21:00,-13.7,975.4,68.1,14,39
8/9/2016 22:00,-12.7,975.3,68.8,11,35
8/9/2016 23:00,-13.3,975.1,67.0,11,37
8/10/2016 0:00,-13.3,975.4,68.4,13,38
8/10/2016 1:00,-13.0,975.8,67.3,13,36
8/10/2016 2:00,-12.1,975.5,67.8,18,36
8/10/2016 3:00,-10.4,976.1,68.8,13,37
8/10/2016 4:00,-8.5,977.0,68.1,20,37
8/10/2016 5:00,-8.8,977.2,68.6,19,44
8/10/2016 6:00,-8.4,977.5,68.3,17,47
8/10/2016 7:00,-7.9,978.3,68.5,17,52
8/10/2016 8:00,-7.4,979.1,68.4,20,67
8/10/2016 9:00,-6.7,979.5,68.5,15,54
8/10/2016 10:00,-6.2,980.0,69.3,11,45
8/10/2016 11:00,-6.0,980.9,68.2,18,42
8/10/2016 12:00,-5.4,981.6,68.3,16,40
8/10/2016 13:00,-6.2,982.5,68.4,15,38
8/10/2016 14:00,-6.5,982.9,68.5,16,40
8/10/2016 15:00,-7.0,983.7,68.3,15,39
8/10/2016 16:00,-8.1,984.5,68.2,14,39
8/10/2016 17:00,-8.3,985.3,68.4,17,40
8/10/2016 18:00,-8.8,985.3,68.3,18,40
8/10/2016 19:00,-8.6,985.2,68.3,12,39
8/10/2016 20:00,-8.6,986.4,69.3,9,40
8/10/2016 21:00,-7.7,986.7,68.8,14,37
8/10/2016 22:00,-8.4,987.3,68.5,19,38
8/10/2016 23:00,-8.1,987.5,68.5,15,37
8/11/2016 0:00,-7.9,987.8,68.5,14,37
8/11/2016 1:00,-7.9,988.3,68.9,15,36
8/11/2016 2:00,-8.0,988.9,68.7,13,37
8/11/2016 3:00,-8.0,989.1,69.0,13,36
8/11/2016 4:00,-8.8,989.6,68.7,14,37
8/11/2016 5:00,-7.2,990.1,68.7,11,35
8/11/2016 6:00,-9.6,991.0,68.9,11,43
8/11/2016 7:00,-6.8,991.6,68.8,11,35
8/11/2016 8:00,-7.3,992.6,68.8,13,35
8/11/2016 9:00,-7.7,993.4,69.5,4,37
8/11/2016 10:00,-7.7,994.0,68.7,15,35
8/11/2016 11:00,-7.6,994.8,68.6,16,34
8/11/2016 12:00,-8.2,995.3,68.6,17,39
8/11/2016 13:00,-8.1,996.0,68.6,13,37
8/11/2016 14:00,-8.7,996.2,68.5,16,39
8/11/2016 15:00,-9.5,996.4,68.4,15,42
8/11/2016 16:00,-9.7,996.6,68.7,14,43
8/11/2016 17:00,-9.8,996.6,68.4,15,48
8/11/2016 18:00,-10.1,996.3,68.4,15,49
8/11/2016 19:00,-9.4,996.1,68.7,14,48
8/11/2016 20:00,-9.4,996.2,68.8,12,48
8/11/2016 21:00,-9.8,996.4,69.3,5,47
8/11/2016 22:00,-10.1,996.5,68.7,10,50
8/11/2016 23:00,-11.1,996.5,68.9,12,55
8/12/2016 0:00,-11.5,996.3,69.5,5,61
8/12/2016 1:00,-11.5,996.0,68.8,11,61
8/12/2016 2:00,-10.8,995.4,68.7,11,57
8/12/2016 3:00,-11.7,995.0,68.8,11,60
8/12/2016 4:00,-11.5,994.4,68.8,11,60
8/12/2016 5:00,-11.1,993.6,68.6,10,58
8/12/2016 6:00,-10.7,993.2,69.4,4,61
8/12/2016 7:00,-10.7,993.3,68.6,10,57
8/12/2016 8:00,-10.6,993.3,69.5,5,58
8/12/2016 9:00,-10.5,992.9,68.6,10,61
8/12/2016 10:00,-10.2,992.3,68.6,13,61
8/12/2016 11:00,-9.4,992.4,68.6,16,58
8/12/2016 12:00,-7.4,991.6,69.2,7,55
8/12/2016 13:00,-9.5,991.6,68.5,16,59
8/12/2016 14:00,-6.0,990.8,67.9,15,53
8/12/2016 15:00,-9.4,990.4,68.5,15,59
8/12/2016 16:00,-11.7,990.0,69.4,8,63
8/12/2016 17:00,-11.2,988.9,68.2,16,61
8/12/2016 18:00,-6.8,989.0,68.3,17,50
8/12/2016 19:00,-8.6,989.1,68.3,16,53
8/12/2016 20:00,-2.7,989.0,68.8,14,30
8/12/2016 21:00,-4.1,989.2,68.3,15,35
8/12/2016 22:00,-9.6,989.6,68.5,15,52
8/12/2016 23:00,-8.9,989.2,68.6,14,48
8/13/2016 0:00,-3.5,989.8,68.5,12,33
8/13/2016 1:00,-5.5,990.4,68.5,13,41
8/13/2016 2:00,-5.5,989.8,68.4,13,38
8/13/2016 3:00,-5.0,988.8,68.4,15,36
8/13/2016 4:00,-8.1,988.1,68.6,15,47
8/13/2016 5:00,-6.8,987.4,68.5,13,45
8/13/2016 6:00,-8.2,987.6,68.3,14,50
8/13/2016 7:00,-7.4,987.5,69.6,6,41
8/13/2016 8:00,-8.9,986.1,68.3,14,48
8/13/2016 9:00,-9.0,986.0,68.6,14,47
8/13/2016 10:00,-6.3,985.2,68.7,14,38
8/13/2016 11:00,-3.9,984.8,68.7,16,34
8/13/2016 12:00,-7.4,984.6,68.3,14,42
8/13/2016 13:00,-6.8,984.3,68.3,17,40
8/13/2016 14:00,-5.3,982.2,68.7,3,38
8/13/2016 15:00,-4.6,981.0,69.0,3,32
8/13/2016 16:00,-5.5,980.3,68.3,8,35
8/13/2016 17:00,-5.8,980.9,66.9,12,34
8/13/2016 18:00,-6.1,980.8,68.1,9,32
8/13/2016 19:00,-5.6,979.9,65.9,359,26
8/13/2016 20:00,-5.8,979.4,67.8,7,25
8/13/2016 21:00,-6.0,979.3,68.0,14,25
8/13/2016 22:00,-6.3,978.6,67.0,9,24
8/13/2016 23:00,-7.7,978.9,70.1,6,31
8/14/2016 0:00,-7.2,978.7,68.4,14,27
8/14/2016 1:00,-7.7,979.2,69.3,18,26
8/14/2016 2:00,-8.5,980.6,68.2,18,28
8/14/2016 3:00,-10.9,981.6,68.5,22,38
8/14/2016 4:00,-12.6,982.4,68.5,19,43
8/14/2016 5:00,-13.7,982.1,68.7,16,45
8/14/2016 6:00,-13.5,982.6,68.4,15,42
8/14/2016 7:00,-13.8,982.8,68.6,16,38
8/14/2016 8:00,-13.1,982.5,69.3,10,35
8/14/2016 9:00,-13.6,982.8,68.7,17,34
8/14/2016 10:00,-14.5,983.6,68.3,15,38
8/14/2016 11:00,-14.5,983.2,68.1,24,35
8/14/2016 12:00,-14.8,983.5,68.1,24,37
8/14/2016 13:00,-14.8,983.3,68.2,27,33
8/14/2016 14:00,-14.9,983.3,68.2,27,36
8/14/2016 15:00,-16.3,983.2,68.2,25,36
8/14/2016 16:00,-16.2,983.1,68.7,27,35
8/14/2016 17:00,-16.3,982.6,68.3,26,35
8/14/2016 18:00,-15.8,982.3,67.7,27,33
8/14/2016 19:00,-15.7,982.1,68.2,26,32
8/14/2016 20:00,-15.8,982.1,68.7,25,33
8/14/2016 21:00,-15.5,981.5,68.2,24,32
8/14/2016 22:00,-15.8,981.7,68.6,23,34
8/14/2016 23:00,-16.0,981.3,68.4,21,35
8/15/2016 0:00,-16.0,980.3,68.5,21,34
8/15/2016 1:00,-15.7,978.8,68.6,15,32
8/15/2016 2:00,-15.5,978.4,66.3,6,30
8/15/2016 3:00,-15.8,977.8,67.6,15,32
8/15/2016 4:00,-15.9,977.1,68.0,16,32
8/15/2016 5:00,-15.8,976.3,68.5,12,32
8/15/2016 6:00,-15.2,975.0,67.7,11,31
8/15/2016 7:00,-15.5,974.3,69.2,21,35
8/15/2016 8:00,-15.2,973.3,68.6,12,34
8/15/2016 9:00,-14.9,971.6,67.9,19,32
8/15/2016 10:00,-15.0,970.2,68.0,23,35
8/15/2016 11:00,-15.0,969.2,68.9,23,35
8/15/2016 12:00,-13.8,967.6,69.0,25,32
8/15/2016 13:00,-13.0,965.6,68.5,19,32
8/15/2016 14:00,-12.2,964.3,67.9,20,36
8/15/2016 15:00,-11.4,963.1,68.3,20,40
8/15/2016 16:00,-10.3,961.6,68.6,13,39
8/15/2016 17:00,-10.2,960.4,68.5,20,37
8/15/2016 18:00,-9.8,959.3,68.5,19,37
8/15/2016 19:00,-10.3,958.2,68.7,18,39
8/15/2016 20:00,-10.4,956.8,68.7,17,36
8/15/2016 21:00,-9.8,955.8,68.4,16,37
8/15/2016 22:00,-9.5,954.2,69.2,10,38
8/15/2016 23:00,-7.9,953.1,67.8,19,36
8/16/2016 0:00,-6.2,952.0,68.4,21,44
8/16/2016 1:00,-6.5,951.8,70.0,18,53
8/16/2016 2:00,-8.1,951.6,67.3,28,77
8/16/2016 3:00,-7.8,951.9,67.8,20,65
8/16/2016 4:00,-7.8,953.4,67.8,21,69
8/16/2016 5:00,-7.4,954.4,68.2,19,63
8/16/2016 6:00,-7.4,955.2,68.1,19,69
8/16/2016 7:00,-7.5,956.4,68.1,19,69
8/16/2016 8:00,-7.5,956.7,67.9,18,67
8/16/2016 9:00,-7.4,958.0,68.3,16,68
8/16/2016 10:00,-7.4,958.8,68.3,18,68
8/16/2016 11:00,-7.4,959.4,68.1,17,66
8/16/2016 12:00,-7.6,960.1,68.0,17,67
8/16/2016 13:00,-7.8,960.8,68.0,18,65
8/16/2016 14:00,-8.2,961.2,68.2,17,63
8/16/2016 15:00,-8.2,961.6,68.2,19,61
8/16/2016 16:00,-8.7,962.2,68.3,18,71
8/16/2016 17:00,-9.1,963.0,67.8,19,71
8/16/2016 18:00,-9.0,963.4,68.4,11,72
8/16/2016 19:00,-9.5,963.6,68.2,16,78
8/16/2016 20:00,-10.0,962.8,69.0,17,90
8/16/2016 21:00,-10.3,964.0,67.2,10,90
8/16/2016 22:00,-10.8,966.3,66.4,16,90
8/16/2016 23:00,-11.0,967.7,68.5,23,90
8/17/2016 0:00,-10.8,968.4,67.6,20,89
8/17/2016 1:00,-11.1,970.3,67.8,21,88
8/17/2016 2:00,-11.4,972.0,67.7,22,86
8/17/2016 3:00,-11.4,972.7,67.8,22,83
8/17/2016 4:00,-11.6,974.1,67.8,22,80
8/17/2016 5:00,-11.6,975.3,68.0,20,79
8/17/2016 6:00,-11.8,976.5,68.0,20,79
8/17/2016 7:00,-12.0,977.5,68.7,17,83
8/17/2016 8:00,-12.5,978.5,67.6,16,82
8/17/2016 9:00,-12.6,979.4,68.1,17,76
8/17/2016 10:00,-12.5,979.8,67.1,16,79
8/17/2016 11:00,-12.3,980.8,66.1,19,80
8/17/2016 12:00,-12.1,981.5,67.4,19,79
8/17/2016 13:00,-11.8,981.7,67.2,19,76
8/17/2016 14:00,-11.7,982.1,68.1,20,71
8/17/2016 15:00,-11.6,982.5,67.8,22,66
8/17/2016 16:00,-11.6,982.9,70.7,9,56
8/17/2016 17:00,-12.0,983.1,68.2,21,55
8/17/2016 18:00,-12.6,983.1,68.3,20,54
8/17/2016 19:00,-12.9,983.3,68.0,21,55
8/17/2016 20:00,-13.2,983.4,69.3,12,56
8/17/2016 21:00,-13.4,983.5,68.3,20,58
8/17/2016 22:00,-13.7,983.5,68.1,19,60
8/17/2016 23:00,-13.8,983.6,68.4,20,60
8/18/2016 0:00,-14.0,983.6,68.1,20,61
8/18/2016 1:00,-13.3,983.8,68.4,12,58
8/18/2016 2:00,-13.4,983.7,68.4,18,61
8/18/2016 3:00,-12.4,983.4,68.4,18,57
8/18/2016 4:00,-12.5,983.1,68.1,18,64
8/18/2016 5:00,-12.7,983.0,68.2,18,56
8/18/2016 6:00,-12.6,982.8,69.2,10,56
8/18/2016 7:00,-12.5,982.5,68.6,17,55
8/18/2016 8:00,-12.6,982.4,68.7,17,55
8/18/2016 9:00,-11.8,982.3,68.7,14,50
8/18/2016 10:00,-11.8,981.9,68.7,14,52
8/18/2016 11:00,-12.0,981.2,68.6,15,43
8/18/2016 12:00,-12.7,980.6,69.4,7,44
8/18/2016 13:00,-12.4,980.2,68.8,12,43
8/18/2016 14:00,-12.2,979.6,68.8,14,41
8/18/2016 15:00,-13.3,978.9,69.0,14,41
8/18/2016 16:00,-13.5,978.7,68.6,16,43
8/18/2016 17:00,-15.7,978.4,68.7,14,48
8/18/2016 18:00,-17.3,978.2,69.1,15,57
8/18/2016 19:00,-17.6,978.1,69.0,17,58
8/18/2016 20:00,-18.0,977.8,68.5,16,58
8/18/2016 21:00,-16.5,977.6,69.0,11,50
8/18/2016 22:00,-14.9,977.7,67.9,19,39
8/18/2016 23:00,-15.9,977.5,68.4,21,45
8/19/2016 0:00,-15.9,977.5,68.6,19,42
8/19/2016 1:00,-15.1,976.9,68.7,19,36
8/19/2016 2:00,-16.2,977.6,68.5,19,43
8/19/2016 3:00,-15.5,977.1,68.6,19,37
8/19/2016 4:00,-16.6,977.0,68.5,18,44
8/19/2016 5:00,-20.6,977.7,68.9,18,57
8/19/2016 6:00,-20.4,978.1,68.1,18,59
8/19/2016 7:00,-17.5,977.9,68.6,16,44
8/19/2016 8:00,-16.9,977.8,69.9,3,37
8/19/2016 9:00,-15.6,977.7,68.5,14,38
8/19/2016 10:00,-17.1,978.2,68.5,16,44
8/19/2016 11:00,-16.1,978.3,68.7,16,42
8/19/2016 12:00,-17.4,978.6,68.6,13,47
8/19/2016 13:00,-19.3,978.9,68.7,14,53
8/19/2016 14:00,-19.1,979.1,68.8,16,52
8/19/2016 15:00,-19.4,979.0,69.5,9,53
8/19/2016 16:00,-18.7,978.7,68.8,16,48
8/19/2016 17:00,-18.9,978.6,68.7,15,46
8/19/2016 18:00,-19.2,978.5,68.9,14,46
8/19/2016 19:00,-19.5,978.9,69.1,14,46
8/19/2016 20:00,-20.2,979.4,68.8,15,46
8/19/2016 21:00,-20.4,979.8,68.4,17,49
8/19/2016 22:00,-18.5,979.9,68.6,16,39
8/19/2016 23:00,-17.3,979.4,68.8,18,36
8/20/2016 0:00,-17.3,979.4,68.4,19,36
8/20/2016 1:00,-16.5,979.8,68.7,20,35
8/20/2016 2:00,-17.4,979.6,68.9,20,36
8/20/2016 3:00,-19.9,979.2,69.4,11,46
8/20/2016 4:00,-21.9,980.5,68.9,17,45
8/20/2016 5:00,-18.3,980.3,68.7,17,38
8/20/2016 6:00,-17.3,979.9,69.3,10,33
8/20/2016 7:00,-16.6,979.9,68.7,18,32
8/20/2016 8:00,-16.8,980.5,68.9,18,36
8/20/2016 9:00,-16.7,980.4,68.7,14,35
8/20/2016 10:00,-17.3,980.4,68.9,15,36
8/20/2016 11:00,-16.4,979.7,68.5,18,31
8/20/2016 12:00,-15.8,980.0,68.9,17,32
8/20/2016 13:00,-16.4,979.8,68.7,16,36
8/20/2016 14:00,-16.7,979.6,68.7,17,36
8/20/2016 15:00,-17.2,979.2,68.9,16,37
8/20/2016 16:00,-17.3,979.1,68.8,17,36
8/20/2016 17:00,-17.0,978.7,68.9,19,35
8/20/2016 18:00,-16.6,978.1,68.7,18,35
8/20/2016 19:00,-16.6,977.8,69.1,21,37
8/20/2016 20:00,-16.6,977.2,68.7,20,37
8/20/2016 21:00,-16.5,976.8,68.5,21,37
8/20/2016 22:00,-15.8,976.3,68.5,22,35
8/20/2016 23:00,-16.0,976.1,68.4,24,44
8/21/2016 0:00,-15.7,975.7,68.3,26,41
8/21/2016 1:00,-15.7,975.0,68.9,26,38
8/21/2016 2:00,-15.1,974.2,68.6,25,35
8/21/2016 3:00,-14.8,973.6,68.9,16,36
8/21/2016 4:00,-14.4,972.7,68.2,26,34
8/21/2016 5:00,-14.2,972.3,67.8,26,34
8/21/2016 6:00,-14.4,972.4,68.3,28,36
8/21/2016 7:00,-14.2,971.9,68.4,28,36
8/21/2016 8:00,-13.6,971.6,68.1,27,36
8/21/2016 9:00,-13.5,970.8,68.3,27,36
8/21/2016 10:00,-12.5,969.8,68.1,27,32
8/21/2016 11:00,-12.6,969.2,67.9,28,35
8/21/2016 12:00,-12.5,968.5,67.8,27,35
8/21/2016 13:00,-12.7,968.1,67.9,28,36
8/21/2016 14:00,-13.2,967.5,67.8,26,37
8/21/2016 15:00,-14.3,967.5,67.7,19,48
8/21/2016 16:00,-14.6,967.1,68.2,26,48
8/21/2016 17:00,-14.1,967.2,68.0,28,41
8/21/2016 18:00,-14.7,966.5,67.8,28,46
8/21/2016 19:00,-14.2,965.8,68.0,27,43
8/21/2016 20:00,-13.9,965.2,67.9,27,40
8/21/2016 21:00,-14.0,964.4,68.0,27,42
8/21/2016 22:00,-13.7,964.0,68.1,27,37
8/21/2016 23:00,-13.4,963.4,67.8,28,37
8/22/2016 0:00,-13.1,962.9,67.6,18,35
8/22/2016 1:00,-13.2,962.1,67.9,27,37
8/22/2016 2:00,-12.8,960.9,67.9,26,36
8/22/2016 3:00,-13.0,960.4,68.1,27,37
8/22/2016 4:00,-12.9,960.3,67.8,25,38
8/22/2016 5:00,-12.7,959.9,68.0,25,39
8/22/2016 6:00,-12.5,959.3,68.9,18,40
8/22/2016 7:00,-12.4,958.7,68.2,26,41
8/22/2016 8:00,-12.0,958.0,67.7,28,40
8/22/2016 9:00,-11.7,957.4,67.9,27,39
8/22/2016 10:00,-11.9,956.8,67.8,28,42
8/22/2016 11:00,-11.3,956.5,67.8,29,40
8/22/2016 12:00,-11.2,955.3,67.7,26,39
8/22/2016 13:00,-11.3,955.3,67.6,28,39
8/22/2016 14:00,-11.8,955.2,68.0,29,42
8/22/2016 15:00,-11.8,955.1,68.2,29,40
8/22/2016 16:00,-12.0,954.9,67.8,30,40
8/22/2016 17:00,-11.9,954.2,67.8,27,39
8/22/2016 18:00,-11.4,954.4,67.6,28,39
8/22/2016 19:00,-10.7,953.6,67.5,27,40
8/22/2016 20:00,-10.3,952.5,68.4,21,40
8/22/2016 21:00,-9.8,952.4,67.9,28,38
8/22/2016 22:00,-9.8,952.6,68.0,28,41
8/22/2016 23:00,-10.0,952.7,67.7,30,44
8/23/2016 0:00,-10.7,952.8,67.8,29,48
8/23/2016 1:00,-10.8,952.5,68.0,28,49
8/23/2016 2:00,-10.7,953.7,67.9,26,47
8/23/2016 3:00,-10.9,954.2,68.2,26,51
8/23/2016 4:00,-11.1,954.3,68.1,25,54
8/23/2016 5:00,-11.4,954.6,67.8,25,57
8/23/2016 6:00,-11.6,955.1,67.7,27,59
8/23/2016 7:00,-11.6,955.3,67.7,26,57
8/23/2016 8:00,-11.5,955.9,68.0,28,56
8/23/2016 9:00,-11.5,956.7,67.8,27,57
8/23/2016 10:00,-11.6,957.3,67.5,19,58
8/23/2016 11:00,-11.1,956.9,67.6,28,49
8/23/2016 12:00,-10.7,957.2,69.4,35,47
8/23/2016 13:00,-10.5,956.7,67.8,27,46
8/23/2016 14:00,-10.5,956.1,67.7,23,43
8/23/2016 15:00,-10.5,956.4,67.8,25,41
8/23/2016 16:00,-10.3,956.7,68.8,25,39
8/23/2016 17:00,-10.1,956.7,67.3,24,40
8/23/2016 18:00,-9.5,957.1,68.5,26,36
8/23/2016 19:00,-9.4,956.8,68.8,21,36
8/23/2016 20:00,-8.8,956.3,68.0,26,34
8/23/2016 21:00,-9.2,956.1,68.5,28,37
8/23/2016 22:00,-9.0,955.5,68.1,25,37
8/23/2016 23:00,-9.2,956.1,67.7,24,38
8/24/2016 0:00,-9.4,955.9,67.5,24,40
8/24/2016 1:00,-9.5,955.8,68.8,11,39
8/24/2016 2:00,-9.3,955.7,68.6,25,40
8/24/2016 3:00,-9.4,956.5,68.6,23,40
8/24/2016 4:00,-9.3,957.2,68.1,27,40
8/24/2016 5:00,-9.2,957.9,68.2,27,37
8/24/2016 6:00,-9.0,958.5,67.7,25,37
8/24/2016 7:00,-8.7,958.5,67.9,23,35
8/24/2016 8:00,-8.7,959.0,68.2,25,36
8/24/2016 9:00,-8.4,958.6,68.2,25,35
8/24/2016 10:00,-7.9,959.0,67.7,27,34
8/24/2016 11:00,-7.9,959.0,67.9,27,36
8/24/2016 12:00,-8.1,959.0,67.7,26,35
8/24/2016 13:00,-8.1,958.9,69.0,18,36
8/24/2016 14:00,-8.1,958.6,67.9,27,37
8/24/2016 15:00,-8.1,958.8,67.9,24,37
8/24/2016 16:00,-8.3,960.6,68.1,26,38
8/24/2016 17:00,-8.8,961.1,67.9,25,42
8/24/2016 18:00,-9.2,961.3,68.2,24,47
8/24/2016 19:00,-10.0,961.3,68.3,28,56
8/24/2016 20:00,-10.2,962.2,68.1,25,59
8/24/2016 21:00,-10.8,962.6,68.8,17,66
8/24/2016 22:00,-10.9,962.6,67.8,23,65
8/24/2016 23:00,-10.8,962.8,67.8,22,69
8/25/2016 0:00,-10.8,962.6,67.9,23,67
8/25/2016 1:00,-10.8,962.7,67.8,21,69
8/25/2016 2:00,-10.5,962.8,67.9,20,67
8/25/2016 3:00,-10.6,962.9,67.6,20,59
8/25/2016 4:00,-10.5,962.8,68.1,21,54
8/25/2016 5:00,-10.1,962.4,68.3,21,51
8/25/2016 6:00,-10.0,962.0,68.0,21,41
8/25/2016 7:00,-10.9,961.6,68.1,20,52
8/25/2016 8:00,-10.7,961.1,69.1,13,51
8/25/2016 9:00,-10.6,960.4,68.0,19,48
8/25/2016 10:00,-10.5,959.8,68.2,21,47
8/25/2016 11:00,-10.7,959.3,68.3,22,45
8/25/2016 12:00,-11.3,958.7,68.1,21,47
8/25/2016 13:00,-11.9,958.6,68.1,22,50
8/25/2016 14:00,-12.1,958.3,68.4,22,46
8/25/2016 15:00,-13.4,957.9,68.1,19,44
8/25/2016 16:00,-13.7,957.9,68.4,18,45
8/25/2016 17:00,-14.4,957.9,68.3,17,47
8/25/2016 18:00,-14.7,957.7,68.8,19,45
8/25/2016 19:00,-15.2,957.4,68.2,17,45
8/25/2016 20:00,-17.0,957.2,68.6,17,55
8/25/2016 21:00,-18.0,957.9,68.6,16,58
8/25/2016 22:00,-17.7,958.1,68.6,15,55
8/25/2016 23:00,-17.9,958.5,68.5,16,52
8/26/2016 0:00,-15.7,959.0,68.9,17,40
8/26/2016 1:00,-16.0,959.6,69.4,9,38
8/26/2016 2:00,-15.4,959.5,69.5,9,32
8/26/2016 3:00,-15.8,960.1,68.7,16,36
8/26/2016 4:00,-17.7,960.5,68.8,16,43
8/26/2016 5:00,-16.5,960.6,69.0,17,38
8/26/2016 6:00,-18.3,960.8,68.7,15,48
8/26/2016 7:00,-17.0,960.9,69.4,9,41
8/26/2016 8:00,-18.1,961.2,68.9,16,47
8/26/2016 9:00,-17.6,961.5,69.0,13,46
8/26/2016 10:00,-16.8,961.9,68.1,10,38
8/26/2016 11:00,-15.2,962.5,69.8,14,36
8/26/2016 12:00,-15.7,962.9,68.4,20,39
8/26/2016 13:00,-14.6,962.8,68.9,16,36
8/26/2016 14:00,-16.5,963.0,68.7,18,40
8/26/2016 15:00,-18.1,963.2,68.5,18,46
8/26/2016 16:00,-19.4,963.3,69.0,18,49
8/26/2016 17:00,-19.2,963.1,68.7,19,47
8/26/2016 18:00,-19.4,962.9,69.3,12,47
8/26/2016 19:00,-19.1,963.0,68.5,19,46
8/26/2016 20:00,-21.0,962.9,68.6,19,50
8/26/2016 21:00,-22.1,962.8,68.5,20,56
8/26/2016 22:00,-21.9,962.7,68.6,19,55
8/26/2016 23:00,-22.7,962.7,68.6,21,59
8/27/2016 0:00,-22.3,962.6,68.3,21,57
8/27/2016 1:00,-21.9,962.5,68.4,21,54
8/27/2016 2:00,-22.8,962.5,68.5,21,55
8/27/2016 3:00,-23.1,962.4,69.2,13,59
8/27/2016 4:00,-24.0,962.5,68.4,22,58
8/27/2016 5:00,-23.6,962.5,68.6,21,61
8/27/2016 6:00,-23.4,962.6,68.4,23,58
8/27/2016 7:00,-23.0,962.9,68.3,23,61
8/27/2016 8:00,-20.9,963.0,68.1,22,57
8/27/2016 9:00,-21.8,963.2,68.2,24,53
8/27/2016 10:00,-21.8,963.6,67.9,25,52
8/27/2016 11:00,-20.6,963.8,67.8,28,49
8/27/2016 12:00,-20.6,964.1,67.9,28,52
8/27/2016 13:00,-20.6,964.7,68.6,19,47
8/27/2016 14:00,-21.3,964.6,67.7,28,51
8/27/2016 15:00,-21.0,965.2,67.9,27,53
8/27/2016 16:00,-22.0,965.2,68.9,17,58
8/27/2016 17:00,-22.0,966.6,68.4,25,75
8/27/2016 18:00,-21.2,966.4,67.9,25,64
8/27/2016 19:00,-21.1,966.7,68.0,25,71
8/27/2016 20:00,-20.6,966.5,68.2,22,77
8/27/2016 21:00,-18.5,966.0,68.2,22,51
8/27/2016 22:00,-17.2,965.6,68.3,21,42
8/27/2016 23:00,-17.7,965.8,68.3,20,44
8/28/2016 0:00,-17.7,965.3,68.5,21,43
8/28/2016 1:00,-17.3,965.2,68.5,19,38
8/28/2016 2:00,-17.7,964.6,68.4,20,41
8/28/2016 3:00,-17.4,964.2,69.2,12,37
8/28/2016 4:00,-17.9,964.2,68.5,20,42
8/28/2016 5:00,-16.6,963.2,68.6,18,36
8/28/2016 6:00,-16.5,963.8,68.5,20,36
8/28/2016 7:00,-17.6,963.9,69.3,9,40
8/28/2016 8:00,-17.5,963.3,68.6,18,41
8/28/2016 9:00,-16.1,963.0,68.6,17,35
8/28/2016 10:00,-15.2,962.5,68.1,23,33
8/28/2016 11:00,-14.6,962.2,68.1,25,33
8/28/2016 12:00,-14.1,961.5,67.9,25,31
8/28/2016 13:00,-14.1,960.8,68.1,23,33
8/28/2016 14:00,-13.2,960.8,69.3,13,30
8/28/2016 15:00,-13.3,960.2,68.4,22,30
8/28/2016 16:00,-14.1,959.7,68.3,21,32
8/28/2016 17:00,-13.7,959.7,68.5,20,33
8/28/2016 18:00,-12.8,959.1,68.3,20,33
8/28/2016 19:00,-12.0,958.9,69.2,13,36
8/28/2016 20:00,-12.5,959.4,68.3,21,41
8/28/2016 21:00,-12.2,959.8,68.2,20,43
8/28/2016 22:00,-11.3,960.5,68.5,19,44
8/28/2016 23:00,-11.4,961.3,68.3,19,44
8/29/2016 0:00,-10.3,961.8,68.3,19,42
8/29/2016 1:00,-10.6,962.4,68.5,19,45
8/29/2016 2:00,-10.7,962.9,68.1,18,49
8/29/2016 3:00,-10.8,964.0,68.4,19,51
8/29/2016 4:00,-11.1,964.2,68.4,18,53
8/29/2016 5:00,-11.1,964.9,68.3,19,56
8/29/2016 6:00,-10.8,965.4,68.1,21,53
8/29/2016 7:00,-11.0,965.9,68.3,19,60
8/29/2016 8:00,-10.7,966.4,68.3,20,52
8/29/2016 9:00,-10.3,967.0,68.2,19,54
8/29/2016 10:00,-10.3,967.6,67.4,20,56
8/29/2016 11:00,-10.0,967.6,68.1,22,51
8/29/2016 12:00,-10.0,967.8,68.9,12,54
8/29/2016 13:00,-10.1,968.1,69.3,11,57
8/29/2016 14:00,-10.1,967.8,68.2,17,61
8/29/2016 15:00,-10.1,967.9,68.3,18,59
8/29/2016 16:00,-10.5,968.1,68.4,16,60
8/29/2016 17:00,-12.1,968.3,68.3,16,69
8/29/2016 18:00,-12.5,968.6,69.3,9,65
8/29/2016 19:00,-11.8,968.4,69.2,10,59
8/29/2016 20:00,-11.8,968.6,68.4,17,59
8/29/2016 21:00,-11.0,968.5,69.3,11,53
8/29/2016 22:00,-11.4,968.6,68.3,18,53
8/29/2016 23:00,-11.7,968.4,69.1,12,51
8/30/2016 0:00,-11.8,968.3,68.2,20,44
8/30/2016 1:00,-11.8,968.1,68.2,20,44
8/30/2016 2:00,-12.1,967.7,68.2,19,46
8/30/2016 3:00,-12.0,967.5,68.2,18,48
8/30/2016 4:00,-12.3,966.5,68.2,18,47
8/30/2016 5:00,-12.9,966.4,68.3,19,48
8/30/2016 6:00,-13.3,966.3,68.4,17,44
8/30/2016 7:00,-13.3,966.1,68.6,17,44
8/30/2016 8:00,-12.9,965.5,68.4,17,41
8/30/2016 9:00,-11.6,965.3,68.5,16,38
8/30/2016 10:00,-11.9,965.0,69.3,8,39
8/30/2016 11:00,-11.5,964.3,68.3,15,39
8/30/2016 12:00,-11.7,963.6,68.9,11,38
8/30/2016 13:00,-11.4,963.0,69.0,10,40
8/30/2016 14:00,-11.9,962.1,68.7,12,39
8/30/2016 15:00,-12.4,961.4,68.7,13,40
8/30/2016 16:00,-11.7,961.1,68.9,13,37
8/30/2016 17:00,-11.6,961.0,68.9,13,39
8/30/2016 18:00,-10.9,960.4,68.5,15,34
8/30/2016 19:00,-11.1,959.8,68.4,15,37
8/30/2016 20:00,-10.8,959.0,68.5,16,32
8/30/2016 21:00,-11.9,958.0,68.3,16,37
8/30/2016 22:00,-12.2,956.9,68.4,18,36
8/30/2016 23:00,-12.5,956.7,68.3,21,36
8/31/2016 0:00,-12.8,955.7,68.4,19,37
8/31/2016 1:00,-12.4,955.1,69.0,19,37
8/31/2016 2:00,-12.6,954.7,68.9,19,38
8/31/2016 3:00,-12.4,954.4,68.6,21,37
8/31/2016 4:00,-11.0,954.1,68.3,22,37
8/31/2016 5:00,-10.8,953.9,68.5,21,42
8/31/2016 6:00,-10.3,953.7,69.1,12,41
8/31/2016 7:00,-10.1,954.0,68.8,20,46
8/31/2016 8:00,-10.4,954.4,68.3,20,54
8/31/2016 9:00,-10.0,954.7,68.4,17,57
8/31/2016 10:00,-9.9,954.8,69.2,11,60
8/31/2016 11:00,-9.8,955.1,68.0,19,58
8/31/2016 12:00,-9.5,955.3,68.2,16,66
8/31/2016 13:00,-10.3,955.3,68.0,18,72
8/31/2016 14:00,-10.2,955.2,67.9,19,76
8/31/2016 15:00,-10.4,955.6,67.7,3,74
8/31/2016 16:00,-10.5,955.9,68.4,15,72
8/31/2016 17:00,-10.7,956.1,68.3,15,74
8/31/2016 18:00,-11.0,956.4,68.7,16,73
8/31/2016 19:00,-11.2,956.5,68.5,15,70
8/31/2016 20:00,-10.2,956.6,68.2,15,66
8/31/2016 21:00,-10.4,957.0,68.3,15,64
8/31/2016 22:00,-10.6,957.0,68.2,17,63
8/31/2016 23:00,-10.2,957.1,68.1,17,57
9/1/2016 0:00,-10.0,957.4,69.2,10,53
9/1/2016 1:00,-10.1,957.7,68.2,17,51
9/1/2016 2:00,-10.1,957.9,68.2,18,49
9/1/2016 3:00,-10.5,957.7,68.2,17,49
9/1/2016 4:00,-10.7,958.1,68.3,17,49
9/1/2016 5:00,-10.9,958.5,68.1,17,47
9/1/2016 6:00,-11.2,958.7,68.1,19,46
9/1/2016 7:00,-11.2,959.3,68.2,18,44
9/1/2016 8:00,-11.2,959.4,68.4,18,41
9/1/2016 9:00,-11.0,959.6,68.3,17,41
9/1/2016 10:00,-11.1,960.3,68.4,15,50
9/1/2016 11:00,-10.9,960.6,68.3,18,34
9/1/2016 12:00,-11.5,961.0,69.0,12,37
9/1/2016 13:00,-11.8,960.6,68.9,11,37
9/1/2016 14:00,-11.9,960.3,69.2,10,35
9/1/2016 15:00,-12.2,959.9,69.1,8,38
9/1/2016 16:00,-12.8,960.8,68.8,15,35
9/1/2016 17:00,-13.6,960.7,68.7,14,41
9/1/2016 18:00,-14.1,960.6,68.6,15,51
9/1/2016 19:00,-14.0,960.6,68.4,15,44
9/1/2016 20:00,-14.2,960.0,68.6,14,44
9/1/2016 21:00,-14.3,959.9,68.6,15,44
9/1/2016 22:00,-14.7,959.7,68.6,17,39
9/1/2016 23:00,-14.9,959.4,68.3,17,36
9/2/2016 0:00,-15.5,959.1,68.6,18,41
9/2/2016 1:00,-16.2,958.7,68.7,18,41
9/2/2016 2:00,-16.4,958.1,68.5,17,38
9/2/2016 3:00,-16.6,957.3,69.2,10,42
9/2/2016 4:00,-16.4,956.9,68.4,18,38
9/2/2016 5:00,-16.4,957.0,68.5,17,38
9/2/2016 6:00,-17.0,956.7,68.5,17,42
9/2/2016 7:00,-16.7,956.1,68.4,18,40
9/2/2016 8:00,-16.5,956.0,68.3,19,37
9/2/2016 9:00,-16.3,955.3,68.7,18,43
9/2/2016 10:00,-15.5,955.1,68.5,20,38
9/2/2016 11:00,-15.4,954.4,68.4,20,40
9/2/2016 12:00,-16.3,954.0,69.2,11,48
9/2/2016 13:00,-17.0,953.6,68.4,18,49
9/2/2016 14:00,-17.2,953.0,69.3,11,54
9/2/2016 15:00,-17.5,952.9,68.8,16,55
9/2/2016 16:00,-16.9,953.1,68.6,18,50
9/2/2016 17:00,-17.4,953.1,68.7,18,48
9/2/2016 18:00,-18.1,952.9,68.6,16,51
9/2/2016 19:00,-18.3,952.6,68.5,21,51
9/2/2016 20:00,-19.8,952.9,68.5,20,70
9/2/2016 21:00,-19.1,952.8,68.5,20,67
9/2/2016 22:00,-19.6,952.2,68.3,19,54
9/2/2016 23:00,-19.9,951.9,68.3,21,69
9/3/2016 0:00,-20.1,951.1,68.4,24,52
9/3/2016 1:00,-19.4,950.5,68.2,23,47
9/3/2016 2:00,-19.1,949.6,68.5,22,43
9/3/2016 3:00,-19.2,949.0,68.2,23,46
9/3/2016 4:00,-19.2,948.5,68.2,23,45
9/3/2016 5:00,-19.1,948.4,68.5,21,43
9/3/2016 6:00,-19.3,947.9,68.5,21,46
9/3/2016 7:00,-19.5,947.5,68.2,21,45
9/3/2016 8:00,-18.4,946.8,68.5,19,41
9/3/2016 9:00,-17.9,946.2,68.4,18,44
9/3/2016 10:00,-17.3,945.7,68.4,16,42
9/3/2016 11:00,-17.3,945.3,68.4,18,46
9/3/2016 12:00,-17.3,945.0,68.9,13,49
9/3/2016 13:00,-17.1,944.6,69.5,5,48
9/3/2016 14:00,-17.3,944.5,68.7,14,44
9/3/2016 15:00,-17.8,944.3,68.7,14,43
9/3/2016 16:00,-18.2,944.3,68.9,14,41
9/3/2016 17:00,-17.9,944.7,69.5,7,45
9/3/2016 18:00,-19.9,945.4,69.0,15,52
9/3/2016 19:00,-20.7,946.1,68.9,17,46
9/3/2016 20:00,-20.9,947.3,69.4,9,44
9/3/2016 21:00,-21.9,948.2,68.8,17,51
9/3/2016 22:00,-22.3,948.9,69.0,17,50
9/3/2016 23:00,-22.6,949.1,69.0,19,50
9/4/2016 0:00,-22.4,949.4,68.7,18,55
9/4/2016 1:00,-22.5,949.6,68.7,21,56
9/4/2016 2:00,-22.2,950.5,68.5,20,53
9/4/2016 3:00,-22.7,951.0,68.9,19,48
9/4/2016 4:00,-23.5,951.8,68.9,21,51
9/4/2016 5:00,-24.4,953.1,68.7,19,54
9/4/2016 6:00,-24.9,953.5,68.8,19,55
9/4/2016 7:00,-25.1,954.1,68.9,20,51
9/4/2016 8:00,-24.4,954.7,68.4,18,48
9/4/2016 9:00,-22.5,955.7,68.7,15,42
9/4/2016 10:00,-23.2,956.3,69.2,11,41
9/4/2016 11:00,-22.1,956.9,68.8,21,35
9/4/2016 12:00,-23.1,957.6,68.5,19,35
9/4/2016 13:00,-22.2,957.9,68.7,20,36
9/4/2016 14:00,-22.4,958.1,68.3,21,36
9/4/2016 15:00,-23.7,958.7,68.5,20,36
9/4/2016 16:00,-24.3,959.2,68.8,22,38
9/4/2016 17:00,-24.8,959.5,68.9,21,41
9/4/2016 18:00,-24.7,959.7,68.9,22,39
9/4/2016 19:00,-24.9,960.0,68.7,24,38
9/4/2016 20:00,-25.0,960.1,68.8,24,40
9/4/2016 21:00,-25.6,959.9,68.7,24,37
9/4/2016 22:00,-25.2,960.1,68.5,24,38
9/4/2016 23:00,-25.1,960.6,68.7,25,35
9/5/2016 0:00,-25.5,960.7,68.4,25,34
9/5/2016 1:00,-25.9,960.9,68.3,27,35
9/5/2016 2:00,-25.2,960.9,68.8,27,35
9/5/2016 3:00,-27.0,960.7,69.0,17,39
9/5/2016 4:00,-25.7,960.7,68.8,25,34
9/5/2016 5:00,-25.8,960.9,68.6,25,35
9/5/2016 6:00,-25.9,961.3,68.5,25,33
9/5/2016 7:00,-25.8,961.3,68.4,25,35
9/5/2016 8:00,-25.2,961.1,68.4,23,33
9/5/2016 9:00,-24.3,961.4,68.6,22,31
9/5/2016 10:00,-24.3,961.6,69.1,15,32
9/5/2016 11:00,-23.3,961.8,68.3,26,33
9/5/2016 12:00,-23.1,961.6,69.0,16,34
9/5/2016 13:00,-22.9,961.6,67.9,27,33
9/5/2016 14:00,-23.1,961.6,68.2,27,34
9/5/2016 15:00,-23.4,961.9,67.9,30,33
9/5/2016 16:00,-23.8,961.6,68.1,28,37
9/5/2016 17:00,-24.6,961.5,68.3,29,35
9/5/2016 18:00,-24.6,961.8,68.7,19,34
9/5/2016 19:00,-24.9,961.4,68.2,28,36
9/5/2016 20:00,-25.6,961.3,68.5,26,33
9/5/2016 21:00,-24.7,961.0,69.6,10,33
9/5/2016 22:00,-24.7,961.0,68.5,26,32
9/5/2016 23:00,-24.7,960.6,68.4,23,34
9/6/2016 0:00,-25.0,960.5,68.9,24,33
9/6/2016 1:00,-24.6,960.3,68.8,23,32
9/6/2016 2:00,-24.8,960.1,68.8,22,32
9/6/2016 3:00,-24.6,959.6,68.8,22,33
9/6/2016 4:00,-24.8,959.8,69.3,13,33
9/6/2016 5:00,-24.7,959.6,68.5,21,35
9/6/2016 6:00,-24.6,958.7,69.0,21,32
9/6/2016 7:00,-24.3,958.9,69.0,20,32
9/6/2016 8:00,-23.5,958.7,69.3,13,32
9/6/2016 9:00,-22.8,959.1,69.5,12,33
9/6/2016 10:00,-21.7,958.9,68.1,23,31
9/6/2016 11:00,-21.0,958.5,68.2,27,31
9/6/2016 12:00,-20.8,958.5,68.5,27,32
9/6/2016 13:00,-20.8,958.6,68.3,17,34
9/6/2016 14:00,-21.0,958.7,69.0,18,39
9/6/2016 15:00,-21.3,958.8,68.1,26,40
9/6/2016 16:00,-21.3,958.8,68.6,28,37
9/6/2016 17:00,-21.1,958.9,67.9,20,36
9/6/2016 18:00,-21.2,959.0,68.4,30,37
9/6/2016 19:00,-21.4,959.2,68.2,29,36
9/6/2016 20:00,-20.8,959.1,68.5,28,35
9/6/2016 21:00,-21.7,959.2,68.5,27,38
9/6/2016 22:00,-20.6,959.1,68.3,25,35
9/6/2016 23:00,-20.2,959.2,69.0,17,35
9/7/2016 0:00,-20.1,959.5,68.4,24,35
9/7/2016 1:00,-20.1,959.9,69.4,14,36
9/7/2016 2:00,-20.0,960.2,68.7,21,35
9/7/2016 3:00,-20.1,960.0,68.6,20,35
9/7/2016 4:00,-20.1,959.9,69.4,14,36
9/7/2016 5:00,-20.2,959.6,69.0,20,38
9/7/2016 6:00,-20.2,960.0,69.0,20,38
9/7/2016 7:00,-19.6,960.0,69.1,17,36
9/7/2016 8:00,-18.8,960.3,68.9,17,35
9/7/2016 9:00,-18.1,960.2,69.7,10,34
9/7/2016 10:00,-18.0,960.3,68.8,21,33
9/7/2016 11:00,-17.7,960.4,68.5,25,33
9/7/2016 12:00,-17.4,960.0,68.2,26,32
9/7/2016 13:00,-17.0,959.6,68.2,24,32
9/7/2016 14:00,-17.6,959.5,68.3,25,33
9/7/2016 15:00,-18.7,959.3,68.4,23,33
9/7/2016 16:00,-19.8,958.8,68.6,21,35
9/7/2016 17:00,-20.3,958.6,68.9,23,35
9/7/2016 18:00,-21.1,958.1,69.0,22,34
9/7/2016 19:00,-21.8,958.4,68.5,23,42
9/7/2016 20:00,-22.6,958.6,68.1,26,41
9/7/2016 21:00,-21.9,958.1,68.6,24,36
9/7/2016 22:00,-22.3,957.9,68.7,22,35
9/7/2016 23:00,-23.9,957.1,68.8,23,40
9/8/2016 0:00,-25.7,956.9,68.7,23,48
9/8/2016 1:00,-25.9,956.0,68.9,23,49
9/8/2016 2:00,-25.9,955.2,68.4,15,49
9/8/2016 3:00,-24.9,954.4,68.7,23,38
9/8/2016 4:00,-25.9,953.8,68.9,23,43
9/8/2016 5:00,-26.3,953.0,68.4,15,45
9/8/2016 6:00,-27.2,952.5,68.4,15,48
9/8/2016 7:00,-26.7,952.0,68.6,21,46
9/8/2016 8:00,-26.4,951.5,68.8,20,47
9/8/2016 9:00,-24.5,950.7,68.8,19,42
9/8/2016 10:00,-25.5,950.3,68.6,23,46
9/8/2016 11:00,-23.7,949.1,68.4,24,45
9/8/2016 12:00,-23.9,948.8,68.2,26,44
9/8/2016 13:00,-23.0,948.0,68.5,23,43
9/8/2016 14:00,-22.4,947.5,68.4,24,44
9/8/2016 15:00,-23.5,947.0,15.6,202,44
9/8/2016 16:00,-21.8,946.6,15.1,235,38
9/8/2016 17:00,-24.9,946.2,14.0,160,47
9/8/2016 18:00,-20.5,945.3,17.4,1,31
9/8/2016 19:00,-21.1,945.5,16.6,353,33
9/8/2016 20:00,-20.1,945.3,8.4,5,30
9/8/2016 21:00,-21.2,945.0,6.0,102,31
9/8/2016 22:00,-20.4,945.1,7.5,354,30
9/8/2016 23:00,-18.8,944.9,18.7,354,27
9/9/2016 0:00,-17.7,944.9,8.1,65,25
9/9/2016 1:00,-21.0,944.9,18.3,355,34
9/9/2016 2:00,-22.2,944.7,20.8,354,34
9/9/2016 3:00,-22.8,944.5,23.1,357,35
9/9/2016 4:00,-22.3,944.8,20.6,356,35
9/9/2016 5:00,-20.8,945.0,18.5,354,28
9/9/2016 6:00,-21.4,945.6,19.1,351,31
9/9/2016 7:00,-20.4,946.4,20.0,354,29
9/9/2016 8:00,-19.8,946.1,17.1,347,31
9/9/2016 9:00,-19.8,946.7,22.9,354,32
9/9/2016 10:00,-17.8,947.4,19.7,348,34
9/9/2016 11:00,-19.4,947.2,8.5,260,33
9/9/2016 12:00,-20.5,948.0,12.4,188,36
9/9/2016 13:00,-23.1,947.5,4.1,217,36
9/9/2016 14:00,-22.4,946.9,5.9,84,40
9/9/2016 15:00,-22.1,946.2,14.0,342,40
9/9/2016 16:00,-22.2,946.5,75.4,52,39
9/9/2016 17:00,41.6,946.7,69.8,50,100
9/9/2016 18:00,-17.8,946.8,75.4,52,37
9/9/2016 19:00,-18.4,947.7,75.5,52,40
9/9/2016 20:00,-18.6,948.5,75.5,52,45
9/9/2016 21:00,-18.5,949.0,75.5,52,43
9/9/2016 22:00,-18.3,949.4,75.5,52,41
9/9/2016 23:00,-18.1,949.9,75.5,52,41
9/10/2016 0:00,-18.3,951.3,74.4,50,43
9/10/2016 1:00,-17.7,952.1,74.4,50,34
9/10/2016 2:00,-18.0,953.2,75.5,52,37
9/10/2016 3:00,-17.8,954.2,75.4,52,36
9/10/2016 4:00,-18.0,954.9,75.4,52,37
9/10/2016 5:00,-18.3,956.1,75.4,52,39
9/10/2016 6:00,-18.9,956.6,75.5,52,42
9/10/2016 7:00,-19.1,957.7,75.5,52,42
9/10/2016 8:00,-19.1,958.5,75.3,52,41
9/10/2016 9:00,-17.5,959.1,74.4,50,35
9/10/2016 10:00,-17.7,959.4,74.5,50,34
9/10/2016 11:00,-17.6,959.4,75.5,52,36
9/10/2016 12:00,-18.5,959.7,75.6,52,40
9/10/2016 13:00,-19.6,959.9,75.5,52,46
9/10/2016 14:00,-19.4,959.5,75.4,52,45
9/10/2016 15:00,-19.3,959.3,75.4,52,45
9/10/2016 16:00,-19.9,958.9,18.0,93,46
9/10/2016 17:00,-20.6,958.7,15.6,48,48
9/10/2016 18:00,-21.1,958.3,14.5,45,47
9/10/2016 19:00,-21.9,957.9,17.2,89,46
9/10/2016 20:00,-22.7,957.6,14.2,6,51
9/10/2016 21:00,-23.0,957.1,14.4,93,49
9/10/2016 22:00,-23.9,956.5,16.8,17,51
9/10/2016 23:00,-24.9,955.9,5.8,154,51
9/11/2016 0:00,-25.1,955.2,17.1,107,52
9/11/2016 1:00,-24.9,954.7,15.2,259,49
9/11/2016 2:00,-26.0,954.0,15.2,301,52
9/11/2016 3:00,-26.8,953.0,13.3,65,55
9/11/2016 4:00,-27.0,952.0,14.1,323,55
9/11/2016 5:00,-27.5,951.2,15.7,329,58
9/11/2016 6:00,-27.2,950.8,13.7,36,56
9/11/2016 7:00,-25.8,950.4,15.1,288,54
9/11/2016 8:00,-24.5,949.9,14.2,229,51
9/11/2016 9:00,-22.3,949.5,13.3,191,42
9/11/2016 10:00,-22.1,949.1,14.6,266,41
9/11/2016 11:00,-22.9,949.0,18.1,258,42
9/11/2016 12:00,-21.8,948.6,17.6,255,40
9/11/2016 13:00,-21.3,948.5,13.5,160,39
9/11/2016 14:00,-21.5,948.1,13.8,224,38
9/11/2016 15:00,-22.4,948.1,17.8,180,39
9/11/2016 16:00,-25.4,948.1,14.0,212,46
9/11/2016 17:00,-27.0,947.8,12.1,173,49
9/11/2016 18:00,-27.4,947.9,10.3,105,51
9/11/2016 19:00,-28.3,948.1,14.0,286,56
9/11/2016 20:00,-29.5,948.1,15.9,222,61
9/11/2016 21:00,-30.5,948.5,14.6,105,60
9/11/2016 22:00,-30.5,949.0,15.0,168,60
9/11/2016 23:00,-31.6,949.3,14.0,281,59
9/12/2016 0:00,-31.9,948.8,15.8,37,60
9/12/2016 1:00,-30.9,949.0,17.2,95,61
9/12/2016 2:00,-31.1,949.0,12.4,249,58
9/12/2016 3:00,-32.2,949.4,17.8,178,58
9/12/2016 4:00,-33.1,949.7,15.0,159,62
9/12/2016 5:00,-33.3,949.5,6.8,177,61
9/12/2016 6:00,-32.3,949.8,14.3,31,63
9/12/2016 7:00,-30.5,950.3,15.9,257,63
9/12/2016 8:00,-28.8,950.5,15.2,21,56
9/12/2016 9:00,-26.3,950.6,12.6,238,50
9/12/2016 10:00,-26.1,951.2,13.1,304,48
9/12/2016 11:00,-24.7,951.3,14.1,244,45
9/12/2016 12:00,-25.3,951.5,8.1,300,43
9/12/2016 13:00,-24.1,951.5,18.7,309,47
9/12/2016 14:00,-19.7,951.7,21.5,346,31
9/12/2016 15:00,-19.1,951.6,23.1,356,34
9/12/2016 16:00,-21.4,952.4,6.5,325,38
9/12/2016 17:00,-22.0,952.8,15.5,317,46
9/12/2016 18:00,-18.9,953.2,26.5,293,34
9/12/2016 19:00,-18.8,953.8,22.7,301,35
9/12/2016 20:00,-19.4,954.4,22.9,293,39
9/12/2016 21:00,-18.9,954.8,23.4,301,36
9/12/2016 22:00,-17.1,954.4,31.7,317,30
9/12/2016 23:00,-16.5,955.0,23.5,284,30
9/13/2016 0:00,-17.2,955.7,29.9,280,36
9/13/2016 1:00,-17.3,956.2,31.2,281,33
9/13/2016 2:00,-17.5,956.9,29.6,276,29
9/13/2016 3:00,-17.7,957.3,31.5,286,30
9/13/2016 4:00,-18.2,957.5,31.9,295,31
9/13/2016 5:00,-17.8,958.0,29.1,295,31
9/13/2016 6:00,-17.9,958.2,27.7,297,32
9/13/2016 7:00,-17.4,958.3,24.8,294,32
9/13/2016 8:00,-17.2,958.6,21.6,292,34
9/13/2016 9:00,-16.5,958.6,19.8,289,33
9/13/2016 10:00,-18.7,958.8,19.2,109,43
9/13/2016 11:00,-19.2,958.6,21.1,102,46
9/13/2016 12:00,-19.3,958.9,21.5,115,45
9/13/2016 13:00,-19.0,958.4,21.1,102,44
9/13/2016 14:00,-18.8,958.2,20.1,70,48
9/13/2016 15:00,-18.1,957.6,16.1,103,47
9/13/2016 16:00,-18.6,958.0,15.2,284,50
9/13/2016 17:00,-19.7,957.9,15.1,326,53
9/13/2016 18:00,-19.2,957.8,13.8,344,48
9/13/2016 19:00,-18.1,958.0,11.0,189,44
9/13/2016 20:00,-17.1,957.8,18.8,2,37
9/13/2016 21:00,-18.4,957.8,21.0,9,43
9/13/2016 22:00,-17.1,957.9,13.1,300,36
9/13/2016 23:00,-17.9,958.0,20.7,357,37
9/14/2016 0:00,-16.5,958.1,14.8,290,33
9/14/2016 1:00,-17.0,958.4,17.2,279,34
9/14/2016 2:00,-17.0,958.5,14.9,290,34
9/14/2016 3:00,-15.6,958.8,14.9,266,31
9/14/2016 4:00,-15.9,959.2,24.0,314,33
9/14/2016 5:00,-15.6,959.4,23.3,300,32
9/14/2016 6:00,-14.8,959.5,29.3,315,29
9/14/2016 7:00,-14.8,960.4,21.3,303,31
9/14/2016 8:00,-14.2,961.1,27.5,293,30
9/14/2016 9:00,-13.1,962.0,23.4,297,28
9/14/2016 10:00,-13.0,962.7,28.7,307,31
9/14/2016 11:00,-12.1,963.2,26.2,294,29
9/14/2016 12:00,-12.5,963.7,26.9,289,34
9/14/2016 13:00,-12.3,963.9,30.4,289,35
9/14/2016 14:00,-11.9,964.5,31.1,293,36
9/14/2016 15:00,-11.7,964.8,30.7,300,37
9/14/2016 16:00,-11.2,964.5,37.9,309,35
9/14/2016 17:00,-11.1,965.0,33.3,304,36
9/14/2016 18:00,-11.0,965.0,33.0,303,39
9/14/2016 19:00,-11.0,965.1,36.4,301,39
9/14/2016 20:00,-10.8,965.6,36.2,297,41
9/14/2016 21:00,-10.7,965.6,36.8,296,42
9/14/2016 22:00,-10.7,965.2,37.2,293,42
9/14/2016 23:00,-10.6,965.2,40.7,294,42
9/15/2016 0:00,-10.7,965.3,36.0,299,49
9/15/2016 1:00,-10.7,965.3,39.2,296,52
9/15/2016 2:00,-10.7,965.0,40.5,294,51
9/15/2016 3:00,-10.9,964.6,37.9,297,56
9/15/2016 4:00,-10.9,965.1,35.6,294,53
9/15/2016 5:00,-11.0,964.7,35.6,301,61
9/15/2016 6:00,-11.0,964.6,39.7,306,59
9/15/2016 7:00,-10.7,965.0,36.4,302,54
9/15/2016 8:00,-10.8,964.9,38.3,299,57
9/15/2016 9:00,-11.2,965.0,39.7,296,60
9/15/2016 10:00,-11.5,965.6,37.7,296,64
9/15/2016 11:00,-11.6,966.4,32.8,301,66
9/15/2016 12:00,-11.7,966.7,34.2,298,63
9/15/2016 13:00,-11.9,966.6,35.7,296,62
9/15/2016 14:00,-12.0,966.7,35.8,294,61
9/15/2016 15:00,-12.1,967.5,38.0,291,59
9/15/2016 16:00,-12.1,967.8,34.0,295,59
9/15/2016 17:00,-11.9,967.9,32.4,304,56
9/15/2016 18:00,-11.8,968.3,32.2,294,53
9/15/2016 19:00,-11.6,967.9,27.4,273,49
9/15/2016 20:00,-10.7,966.7,35.3,295,45
9/15/2016 21:00,-10.5,966.6,27.4,289,47
9/15/2016 22:00,-10.2,966.6,37.8,296,44
9/15/2016 23:00,-10.6,967.2,33.9,295,43
9/16/2016 0:00,-10.7,967.2,36.7,286,39
9/16/2016 1:00,-10.9,967.6,31.9,286,38
9/16/2016 2:00,-11.2,967.7,31.3,284,39
9/16/2016 3:00,-11.4,968.1,30.8,289,41
9/16/2016 4:00,-11.5,968.7,27.7,288,42
9/16/2016 5:00,-11.2,969.7,29.2,286,39
9/16/2016 6:00,-11.2,970.6,31.3,277,37
9/16/2016 7:00,-10.8,971.4,33.8,283,38
9/16/2016 8:00,-10.6,971.7,31.1,290,40
9/16/2016 9:00,-10.3,972.0,35.9,297,38
9/16/2016 10:00,-10.1,972.4,35.8,304,41
9/16/2016 11:00,-10.1,973.1,37.8,305,44
9/16/2016 12:00,-9.6,974.0,31.7,303,44
9/16/2016 13:00,-8.8,973.5,41.8,313,40
9/16/2016 14:00,-8.5,974.3,36.5,310,38
9/16/2016 15:00,-7.4,974.5,32.9,317,42
9/16/2016 16:00,-7.3,974.1,32.5,332,45
9/16/2016 17:00,-7.7,974.0,39.5,341,42
9/16/2016 18:00,-6.6,974.3,39.1,342,37
9/16/2016 19:00,-6.9,974.4,39.8,345,37
9/16/2016 20:00,-6.2,974.9,36.6,336,37
9/16/2016 21:00,-6.1,975.8,32.9,334,39
9/16/2016 22:00,-6.8,976.2,27.8,351,43
9/16/2016 23:00,-5.9,976.3,33.2,343,36
9/17/2016 0:00,-5.9,976.4,31.6,348,36
9/17/2016 1:00,-6.7,976.3,28.2,352,36
9/17/2016 2:00,-8.5,976.0,30.7,358,40
9/17/2016 3:00,-8.7,975.6,30.7,360,37
9/17/2016 4:00,-10.3,976.3,21.7,104,51
9/17/2016 5:00,-11.4,976.0,14.8,116,55
9/17/2016 6:00,-11.6,975.5,15.3,265,49
9/17/2016 7:00,-12.5,974.9,14.8,296,56
9/17/2016 8:00,-11.5,973.3,15.7,314,48
9/17/2016 9:00,-10.0,971.4,14.9,260,42
9/17/2016 10:00,-9.2,969.4,11.8,228,41
9/17/2016 11:00,-8.9,967.8,15.8,165,42
9/17/2016 12:00,-8.7,965.8,14.0,194,42
9/17/2016 13:00,-9.5,964.1,16.4,258,41
9/17/2016 14:00,-10.5,962.6,15.0,172,43
9/17/2016 15:00,-12.9,961.4,17.2,324,52
9/17/2016 16:00,-12.3,960.4,14.1,261,51
9/17/2016 17:00,-12.6,959.3,12.5,187,45
9/17/2016 18:00,-13.7,958.7,12.3,30,46
9/17/2016 19:00,-11.8,958.1,18.2,261,42
9/17/2016 20:00,-13.7,958.3,20.7,5,36
9/17/2016 21:00,-15.1,958.4,19.1,310,51
9/17/2016 22:00,-14.6,958.7,21.1,317,51
9/17/2016 23:00,-16.0,959.8,21.1,255,55
9/18/2016 0:00,-13.8,960.5,20.5,332,46
9/18/2016 1:00,-13.9,960.8,21.8,352,41
9/18/2016 2:00,-12.5,960.8,29.1,346,36
9/18/2016 3:00,-12.1,961.2,29.1,341,34
9/18/2016 4:00,-11.7,962.1,31.3,337,34
9/18/2016 5:00,-11.5,962.8,33.0,340,33
9/18/2016 6:00,-11.0,963.7,30.7,341,33
9/18/2016 7:00,-10.7,964.8,28.5,341,34
9/18/2016 8:00,-10.4,965.4,30.6,339,34
9/18/2016 9:00,-9.9,966.2,36.4,346,36
9/18/2016 10:00,-9.2,967.0,35.5,335,37
9/18/2016 11:00,-7.9,967.7,32.4,321,37
9/18/2016 12:00,-7.4,968.3,32.8,314,36
9/18/2016 13:00,-7.4,969.1,32.6,305,33
9/18/2016 14:00,-8.0,969.5,34.2,306,35
9/18/2016 15:00,-8.3,969.9,33.1,307,36
9/18/2016 16:00,-8.5,970.2,37.1,310,34
9/18/2016 17:00,-8.8,970.7,34.1,305,34
9/18/2016 18:00,-9.2,970.8,39.1,314,36
9/18/2016 19:00,-9.5,971.6,31.7,297,36
9/18/2016 20:00,-9.3,971.3,39.6,312,35
9/18/2016 21:00,-9.3,971.2,39.5,311,34
9/18/2016 22:00,-9.5,971.5,32.9,310,36
9/18/2016 23:00,-8.8,971.1,36.2,312,31
9/19/2016 0:00,-8.8,970.6,35.2,309,31
9/19/2016 1:00,-9.0,970.5,35.0,309,31
9/19/2016 2:00,-9.9,970.1,38.4,314,29
9/19/2016 3:00,-10.4,969.7,40.8,313,32
9/19/2016 4:00,-10.5,969.2,43.3,311,31
9/19/2016 5:00,-10.6,969.1,38.3,310,32
9/19/2016 6:00,-10.3,969.3,35.5,299,30
9/19/2016 7:00,-9.8,968.9,36.3,302,28
9/19/2016 8:00,-10.2,969.0,35.1,288,34
9/19/2016 9:00,-10.1,969.1,35.6,292,34
9/19/2016 10:00,-10.0,969.2,36.1,282,32
9/19/2016 11:00,-10.0,968.4,32.4,295,37
9/19/2016 12:00,-9.9,968.3,35.7,289,34
9/19/2016 13:00,-10.0,968.6,32.4,280,36
9/19/2016 14:00,-10.1,968.1,32.5,288,35
9/19/2016 15:00,-10.5,967.8,34.7,292,35
9/19/2016 16:00,-11.1,968.0,29.0,285,38
9/19/2016 17:00,-11.7,968.1,30.7,283,37
9/19/2016 18:00,-11.5,968.0,33.6,284,35
9/19/2016 19:00,-11.4,967.8,34.2,280,34
9/19/2016 20:00,-11.3,967.9,34.8,276,31
9/19/2016 21:00,-11.3,967.7,32.8,285,33
9/19/2016 22:00,-11.6,967.7,33.4,279,33
9/19/2016 23:00,-11.6,967.5,31.6,280,33
9/20/2016 0:00,-11.6,967.1,32.7,291,33
9/20/2016 1:00,-12.3,967.1,28.1,281,35
9/20/2016 2:00,-12.1,967.0,32.5,283,33
9/20/2016 3:00,-12.7,966.9,25.9,280,36
9/20/2016 4:00,-12.8,966.9,29.7,277,35
9/20/2016 5:00,-13.1,966.9,30.4,292,37
9/20/2016 6:00,-13.3,966.9,28.6,283,36
9/20/2016 7:00,-13.1,967.0,28.1,283,36
9/20/2016 8:00,-12.4,966.9,28.9,284,36
9/20/2016 9:00,-11.9,966.9,29.9,280,35
9/20/2016 10:00,-10.7,967.0,27.4,253,36
9/20/2016 11:00,-11.3,966.8,28.2,267,36
9/20/2016 12:00,-11.7,966.5,27.1,268,34
9/20/2016 13:00,-12.2,966.1,19.6,267,39
9/20/2016 14:00,-12.3,966.1,25.0,264,36
9/20/2016 15:00,-12.6,965.7,23.8,282,35
9/20/2016 16:00,-13.1,965.5,20.7,282,36
9/20/2016 17:00,-13.6,965.4,19.3,301,36
9/20/2016 18:00,-14.0,965.4,17.0,239,38
9/20/2016 19:00,-15.4,965.5,17.1,130,42
9/20/2016 20:00,-15.6,965.5,16.1,75,45
9/20/2016 21:00,-15.8,965.5,17.1,74,44
9/20/2016 22:00,-16.6,965.1,18.5,91,46
9/20/2016 23:00,-16.6,964.5,17.9,91,46
9/21/2016 0:00,-16.5,964.2,13.2,258,48
9/21/2016 1:00,-14.2,963.9,19.9,297,39
9/21/2016 2:00,-14.5,963.8,14.7,343,36
9/21/2016 3:00,-16.2,963.3,18.8,24,42
9/21/2016 4:00,-15.9,962.7,18.0,96,42
9/21/2016 5:00,-15.5,962.8,9.9,356,41
9/21/2016 6:00,-15.5,962.7,14.4,11,42
9/21/2016 7:00,-15.8,962.4,14.7,322,46
9/21/2016 8:00,-14.6,961.9,14.0,312,41
9/21/2016 9:00,-12.6,961.9,14.6,284,35
9/21/2016 10:00,-12.9,961.6,9.6,329,36
9/21/2016 11:00,-11.5,961.4,14.6,155,39
9/21/2016 12:00,-12.0,961.2,14.0,268,36
9/21/2016 13:00,-11.8,960.9,15.5,256,38
9/21/2016 14:00,-12.2,960.9,14.7,247,39
9/21/2016 15:00,-13.2,960.6,12.6,323,43
9/21/2016 16:00,-14.4,960.6,14.9,297,44
9/21/2016 17:00,-14.9,960.7,6.0,152,45
9/21/2016 18:00,-13.2,961.0,13.3,241,42
9/21/2016 19:00,-15.0,961.0,14.0,114,46
9/21/2016 20:00,-16.0,961.7,14.0,183,48
9/21/2016 21:00,-17.8,962.0,14.2,352,55
9/21/2016 22:00,-17.0,962.2,15.1,329,55
9/21/2016 23:00,-15.5,961.9,21.9,329,45
9/22/2016 0:00,-16.0,962.0,20.6,340,48
9/22/2016 1:00,-15.5,962.3,18.0,343,44
9/22/2016 2:00,-16.3,962.8,15.7,319,47
9/22/2016 3:00,-16.8,963.0,15.7,334,47
9/22/2016 4:00,-16.7,962.9,17.5,345,46
9/22/2016 5:00,-17.2,963.0,15.4,3,47
9/22/2016 6:00,-17.4,963.5,17.3,3,48
9/22/2016 7:00,-17.8,964.1,21.9,4,49
9/22/2016 8:00,-15.7,964.2,22.8,340,40
9/22/2016 9:00,-15.0,964.3,27.1,316,40
9/22/2016 10:00,-15.3,964.7,29.3,291,39
9/22/2016 11:00,-14.7,965.3,23.8,266,36
9/22/2016 12:00,-14.0,965.5,19.0,288,36
9/22/2016 13:00,-13.7,965.8,20.9,331,37
9/22/2016 14:00,-13.6,966.2,19.1,319,48
9/22/2016 15:00,-13.6,966.1,20.2,316,46
9/22/2016 16:00,-13.9,966.1,19.7,349,44
9/22/2016 17:00,-13.9,966.6,17.7,307,45
9/22/2016 18:00,-14.1,966.7,26.1,325,51
9/22/2016 19:00,-14.1,967.4,27.5,343,48
9/22/2016 20:00,-14.2,967.7,26.2,340,50
9/22/2016 21:00,-13.9,967.9,27.2,312,53
9/22/2016 22:00,-13.6,968.2,28.9,345,50
9/22/2016 23:00,-13.5,968.6,25.0,334,42
9/23/2016 0:00,-13.5,968.8,25.9,315,44
9/23/2016 1:00,-13.7,969.3,30.6,328,43
9/23/2016 2:00,-14.1,969.6,30.9,343,39
9/23/2016 3:00,-14.6,970.0,29.4,349,36
9/23/2016 4:00,-14.5,970.6,30.9,342,39
9/23/2016 5:00,-14.3,970.9,26.8,347,42
9/23/2016 6:00,-14.1,971.1,30.3,350,36
9/23/2016 7:00,-13.6,972.0,28.0,346,37
9/23/2016 8:00,-13.3,972.5,31.0,346,36
9/23/2016 9:00,-12.7,973.2,29.6,336,36
9/23/2016 10:00,-11.9,973.9,27.1,336,36
9/23/2016 11:00,-10.0,974.6,21.4,253,33
9/23/2016 12:00,-9.5,974.9,15.5,277,34
9/23/2016 13:00,-9.0,975.4,15.2,122,35
9/23/2016 14:00,-10.1,975.8,15.1,82,38
9/23/2016 15:00,-10.5,976.2,18.6,80,41
9/23/2016 16:00,-11.2,976.3,17.4,101,37
9/23/2016 17:00,-13.7,977.3,12.6,4,39
9/23/2016 18:00,-14.7,978.1,15.7,306,52
9/23/2016 19:00,-16.1,979.1,14.8,210,54
9/23/2016 20:00,-17.4,979.7,14.0,156,52
9/23/2016 21:00,-17.7,979.7,7.5,78,54
9/23/2016 22:00,-18.2,980.6,13.9,14,53
9/23/2016 23:00,-18.9,980.8,16.2,311,57
9/24/2016 0:00,-19.6,981.3,11.4,98,56
9/24/2016 1:00,-20.3,981.6,13.6,294,60
9/24/2016 2:00,-20.4,982.0,14.1,127,59
9/24/2016 3:00,-21.3,982.6,15.7,296,60
9/24/2016 4:00,-21.5,983.2,17.0,285,59
9/24/2016 5:00,-21.0,983.9,13.9,278,56
9/24/2016 6:00,-19.9,984.2,14.9,75,50
9/24/2016 7:00,-17.6,984.4,19.6,95,43
9/24/2016 8:00,-15.9,984.9,17.1,107,43
9/24/2016 9:00,-15.5,985.5,17.9,191,33
9/24/2016 10:00,-16.7,986.6,7.8,206,36
9/24/2016 11:00,-15.8,986.3,14.3,154,38
9/24/2016 12:00,-13.9,986.1,15.4,87,33
9/24/2016 13:00,-15.3,986.1,19.2,170,34
9/24/2016 14:00,-16.5,987.0,16.5,176,39
9/24/2016 15:00,-16.9,987.1,15.9,65,39
9/24/2016 16:00,-18.1,986.9,17.9,170,41
9/24/2016 17:00,-19.0,986.8,13.8,163,40
9/24/2016 18:00,-19.0,987.1,14.4,73,41
9/24/2016 19:00,-20.5,987.4,14.5,193,50
9/24/2016 20:00,-20.9,987.2,14.0,249,51
9/24/2016 21:00,-21.1,987.2,13.7,316,52
9/24/2016 22:00,-20.9,987.3,12.6,273,50
9/24/2016 23:00,-20.8,987.4,14.8,351,54
9/25/2016 0:00,-20.9,986.9,14.0,357,54
9/25/2016 1:00,-19.0,986.6,18.5,344,45
9/25/2016 2:00,-18.9,986.4,14.2,271,45
9/25/2016 3:00,-19.2,986.3,15.5,313,44
9/25/2016 4:00,-19.3,985.9,16.7,2,39
9/25/2016 5:00,-19.5,985.7,15.5,69,37
9/25/2016 6:00,-20.0,986.0,12.5,339,40
9/25/2016 7:00,-19.1,985.7,12.5,211,43
9/25/2016 8:00,-17.6,985.2,9.1,32,39
9/25/2016 9:00,-16.2,985.5,16.5,233,36
9/25/2016 10:00,-17.6,985.1,19.8,295,40
9/25/2016 11:00,-17.4,984.5,27.4,293,31
9/25/2016 12:00,-16.9,984.0,27.9,293,31
9/25/2016 13:00,-17.2,984.5,23.6,274,32
9/25/2016 14:00,-17.3,984.3,22.1,278,29
9/25/2016 15:00,-17.7,983.8,19.3,300,29
9/25/2016 16:00,-17.5,983.2,18.8,294,34
9/25/2016 17:00,-18.3,983.2,23.9,302,34
9/25/2016 18:00,-18.3,982.9,26.1,294,32
9/25/2016 19:00,-18.7,983.0,23.7,290,32
9/25/2016 20:00,-19.3,982.7,21.4,295,32
9/25/2016 21:00,-18.8,982.6,24.5,301,32
9/25/2016 22:00,-18.0,982.4,30.6,313,30
9/25/2016 23:00,-18.6,982.6,30.1,293,34
9/26/2016 0:00,-18.0,982.0,27.6,300,30
9/26/2016 1:00,-18.2,981.9,27.2,294,31
9/26/2016 2:00,-18.5,981.9,24.5,283,31
9/26/2016 3:00,-18.0,981.2,33.2,314,32
9/26/2016 4:00,-17.8,981.1,28.4,290,30
9/26/2016 5:00,-17.6,980.8,24.1,281,33
9/26/2016 6:00,-17.7,980.8,23.2,288,37
9/26/2016 7:00,-16.9,980.9,34.6,273,26
9/26/2016 8:00,-16.5,981.0,32.6,275,26
9/26/2016 9:00,-16.2,981.1,32.6,270,27
9/26/2016 10:00,-15.9,981.1,32.0,267,28
9/26/2016 11:00,-15.5,980.7,31.1,272,28
9/26/2016 12:00,-15.8,980.5,27.4,288,31
9/26/2016 13:00,-16.1,980.0,22.2,279,35
9/26/2016 14:00,-15.0,979.6,27.3,289,33
9/26/2016 15:00,-14.9,979.7,31.2,287,31
9/26/2016 16:00,-15.4,980.0,34.3,263,32
9/26/2016 17:00,-16.1,980.0,20.1,274,38
9/26/2016 18:00,-15.8,980.1,21.8,265,36
9/26/2016 19:00,-15.8,980.3,21.1,278,36
9/26/2016 20:00,-15.2,980.3,29.7,283,31
9/26/2016 21:00,-15.2,980.8,27.1,272,31
9/26/2016 22:00,-15.0,980.5,30.9,293,32
9/26/2016 23:00,-14.8,980.8,31.3,286,29
9/27/2016 0:00,-14.7,981.1,30.0,290,28
9/27/2016 1:00,-15.1,980.9,27.2,280,27
9/27/2016 2:00,-15.0,980.8,29.0,280,29
9/27/2016 3:00,-14.8,981.6,32.1,277,27
9/27/2016 4:00,-15.2,981.9,27.4,281,30
9/27/2016 5:00,-15.2,981.9,30.0,265,28
9/27/2016 6:00,-15.2,982.2,21.3,295,32
9/27/2016 7:00,-15.5,982.6,21.0,292,34
9/27/2016 8:00,-14.0,982.4,20.9,286,29
9/27/2016 9:00,-12.5,982.7,26.7,261,28
9/27/2016 10:00,-11.5,982.9,27.8,262,26
9/27/2016 11:00,-12.3,982.7,21.0,275,31
9/27/2016 12:00,-12.1,982.6,14.5,287,31
9/27/2016 13:00,-10.0,982.7,17.4,264,28
9/27/2016 14:00,-10.6,982.6,21.3,258,32
9/27/2016 15:00,-11.7,982.6,20.4,281,33
9/27/2016 16:00,-12.3,982.8,19.4,285,34
9/27/2016 17:00,-13.0,983.1,16.5,303,35
9/27/2016 18:00,-13.6,982.9,22.3,339,35
9/27/2016 19:00,-13.7,983.1,14.4,329,33
9/27/2016 20:00,-14.0,982.9,22.6,350,32
9/27/2016 21:00,-13.9,983.0,21.0,319,32
9/27/2016 22:00,-15.3,983.0,26.7,354,33
9/27/2016 23:00,-14.9,982.8,26.8,355,33
9/28/2016 0:00,-16.1,982.7,30.5,356,34
9/28/2016 1:00,-16.3,982.3,29.8,356,34
9/28/2016 2:00,-16.2,982.0,28.8,359,32
9/28/2016 3:00,-16.4,982.0,25.0,356,32
9/28/2016 4:00,-16.6,981.7,30.1,0,32
9/28/2016 5:00,-16.0,982.1,17.1,281,30
9/28/2016 6:00,-16.3,982.2,12.9,345,32
9/28/2016 7:00,-15.3,982.2,14.9,212,33
9/28/2016 8:00,-15.6,982.0,16.2,24,36
9/28/2016 9:00,-14.1,981.7,20.9,4,40
9/28/2016 10:00,-11.8,981.3,11.7,162,33
9/28/2016 11:00,-12.6,981.2,13.5,174,37
9/28/2016 12:00,-11.6,980.6,12.1,225,36
9/28/2016 13:00,-12.3,980.2,13.8,186,36
9/28/2016 14:00,-12.2,979.6,13.6,215,37
9/28/2016 15:00,-12.9,979.2,15.8,181,36
9/28/2016 16:00,-14.9,979.0,14.3,162,40
9/28/2016 17:00,-15.6,978.4,11.2,334,41
9/28/2016 18:00,-16.3,978.0,15.3,296,41
9/28/2016 19:00,-17.5,977.7,15.7,295,48
9/28/2016 20:00,-16.8,977.3,23.1,322,36
9/28/2016 21:00,-18.3,977.5,15.9,245,46
9/28/2016 22:00,-17.2,976.9,23.4,357,38
9/28/2016 23:00,-18.9,976.8,9.5,191,41
9/29/2016 0:00,-21.4,977.0,17.4,111,50
9/29/2016 1:00,-21.1,976.9,16.3,118,46
9/29/2016 2:00,-22.0,977.0,5.2,250,49
9/29/2016 3:00,-23.5,976.8,15.0,264,51
9/29/2016 4:00,-24.2,977.0,17.4,295,58
9/29/2016 5:00,-22.5,977.1,3.8,350,51
9/29/2016 6:00,-21.1,977.5,14.5,257,45
9/29/2016 7:00,-20.2,977.7,12.4,48,44
9/29/2016 8:00,-17.5,978.0,16.3,252,36
9/29/2016 9:00,-15.4,978.2,14.3,153,36
9/29/2016 10:00,-15.3,978.6,14.2,170,35
9/29/2016 11:00,-15.3,978.9,14.9,252,36
9/29/2016 12:00,-15.1,979.1,17.5,179,40
9/29/2016 13:00,-15.5,979.3,17.3,189,42
9/29/2016 14:00,-15.7,979.4,11.5,333,38
9/29/2016 15:00,-17.0,979.4,1.8,216,44
9/29/2016 16:00,-16.7,979.4,13.7,223,48
9/29/2016 17:00,-17.3,979.3,17.2,196,51
9/29/2016 18:00,-18.8,979.0,13.6,282,54
9/29/2016 19:00,-19.7,979.0,16.7,288,61
9/29/2016 20:00,-18.6,978.7,14.7,279,54
9/29/2016 21:00,-17.7,978.3,14.8,249,46
9/29/2016 22:00,-18.8,978.2,14.9,188,55
9/29/2016 23:00,-19.0,977.9,14.2,267,55
9/30/2016 0:00,-18.3,977.5,16.0,286,54
9/30/2016 1:00,-18.1,977.0,15.3,269,53
9/30/2016 2:00,-18.7,976.3,12.7,286,54
9/30/2016 3:00,-19.0,976.0,14.9,273,56
9/30/2016 4:00,-16.1,975.2,22.9,345,36
9/30/2016 5:00,-15.6,975.2,18.0,293,36
9/30/2016 6:00,-15.1,974.9,28.7,312,34
9/30/2016 7:00,-14.8,974.8,25.8,296,35
9/30/2016 8:00,-14.5,974.5,29.5,304,35
9/30/2016 9:00,-14.1,974.5,29.3,305,36
9/30/2016 10:00,-13.7,974.8,27.5,293,37
9/30/2016 11:00,-13.2,974.6,27.3,294,38
9/30/2016 12:00,-12.9,974.7,26.2,291,38
9/30/2016 13:00,-12.4,974.7,26.3,292,41
9/30/2016 14:00,-12.5,975.0,23.9,294,45
9/30/2016 15:00,-12.7,975.5,23.7,296,45
9/30/2016 16:00,-13.1,976.0,25.1,306,43
9/30/2016 17:00,-13.8,976.6,25.0,309,45
9/30/2016 18:00,-14.5,977.5,23.7,310,46
9/30/2016 19:00,-15.0,977.6,26.2,338,47
9/30/2016 20:00,-14.8,978.0,26.7,344,42
9/30/2016 21:00,-14.5,978.4,26.7,338,37
9/30/2016 22:00,-14.3,978.8,26.0,331,36
9/30/2016 23:00,-14.4,979.3,22.4,311,36
10/1/2016 0:00,-14.0,979.5,23.8,304,36
10/1/2016 1:00,-13.9,979.8,24.4,305,36
10/1/2016 2:00,-14.1,979.8,25.1,309,38
10/1/2016 3:00,-13.9,979.9,26.6,314,39
10/1/2016 4:00,-13.7,980.4,26.2,312,40
10/1/2016 5:00,-13.4,981.0,26.0,304,37
10/1/2016 6:00,-13.2,981.3,26.9,311,37
10/1/2016 7:00,-13.0,981.1,29.7,307,35
10/1/2016 8:00,-12.5,981.2,28.4,304,35
10/1/2016 9:00,-11.7,981.1,27.8,304,36
10/1/2016 10:00,-11.2,981.4,28.1,281,36
10/1/2016 11:00,-11.0,981.4,31.8,287,37
10/1/2016 12:00,-11.4,980.7,32.5,304,53
10/1/2016 13:00,-11.4,980.7,33.0,295,60
10/1/2016 14:00,-11.6,980.3,35.4,300,66
10/1/2016 15:00,-11.7,980.2,36.9,295,61
10/1/2016 16:00,-12.0,980.2,37.2,293,68
10/1/2016 17:00,-12.5,979.9,33.6,299,80
10/1/2016 18:00,-12.5,979.9,35.6,299,86
10/1/2016 19:00,-12.5,979.7,39.5,304,87
10/1/2016 20:00,-12.6,979.6,39.3,307,88
10/1/2016 21:00,-12.8,979.2,39.9,305,88
10/1/2016 22:00,-12.6,978.8,41.4,307,88
10/1/2016 23:00,-12.4,978.5,46.1,310,88
10/2/2016 0:00,-12.4,978.2,46.8,311,88
10/2/2016 1:00,-12.4,977.8,50.4,311,88
10/2/2016 2:00,-12.4,977.2,47.9,311,88
10/2/2016 3:00,-12.4,977.4,47.7,311,88
10/2/2016 4:00,-12.2,976.8,49.9,310,88
10/2/2016 5:00,-12.0,976.8,48.8,312,88
10/2/2016 6:00,-11.9,977.2,42.9,309,88
10/2/2016 7:00,-11.4,976.8,44.8,311,88
10/2/2016 8:00,-11.0,976.3,41.8,313,89
10/2/2016 9:00,-10.5,974.8,39.2,309,88
10/2/2016 10:00,-9.9,973.7,43.0,305,87
10/2/2016 11:00,-9.5,972.5,45.1,307,86
10/2/2016 12:00,-9.2,972.3,41.1,306,83
10/2/2016 13:00,-9.0,971.6,42.7,308,78
10/2/2016 14:00,-8.7,970.8,42.1,307,66
10/2/2016 15:00,-8.6,969.4,42.8,311,59
10/2/2016 16:00,-8.6,969.1,41.4,308,57
10/2/2016 17:00,-8.5,968.5,42.1,309,55
10/2/2016 18:00,-8.6,968.1,38.7,306,57
10/2/2016 19:00,-9.3,967.6,43.3,310,73
10/2/2016 20:00,-9.7,967.0,43.5,312,83
10/2/2016 21:00,-9.1,966.2,43.2,311,71
10/2/2016 22:00,-8.9,966.0,39.8,311,68
10/2/2016 23:00,-8.5,965.8,33.7,301,58
10/3/2016 0:00,-8.8,965.6,32.0,304,62
10/3/2016 1:00,-9.3,965.0,34.2,312,76
10/3/2016 2:00,-9.4,964.7,34.6,312,80
10/3/2016 3:00,-9.4,964.5,31.7,309,85
10/3/2016 4:00,-9.5,964.7,24.0,284,85
10/3/2016 5:00,-9.7,964.6,23.1,295,86
10/3/2016 6:00,-9.6,964.1,25.1,310,87
10/3/2016 7:00,-9.5,963.7,24.4,307,88
10/3/2016 8:00,-9.3,963.4,23.5,302,89
10/3/2016 9:00,-9.2,963.1,26.8,309,89
10/3/2016 10:00,-9.1,962.8,23.2,302,89
10/3/2016 11:00,-9.1,962.4,25.4,292,89
10/3/2016 12:00,-9.1,962.4,21.6,281,87
10/3/2016 13:00,-9.5,962.2,20.6,290,86
10/3/2016 14:00,-10.0,962.3,21.0,198,83
10/3/2016 15:00,-11.5,962.6,13.9,241,86
10/3/2016 16:00,-11.7,962.9,14.4,275,86
10/3/2016 17:00,-11.7,963.1,15.8,241,86
10/3/2016 18:00,-12.1,963.6,15.1,292,86
10/3/2016 19:00,-12.2,963.9,15.4,260,87
10/3/2016 20:00,-12.5,964.3,15.0,255,86
10/3/2016 21:00,-12.8,964.4,13.5,351,85
10/3/2016 22:00,-13.2,964.9,15.2,307,84
10/3/2016 23:00,-13.5,965.1,15.6,326,84
10/4/2016 0:00,-13.5,965.4,15.8,294,84
10/4/2016 1:00,-14.3,965.8,16.5,313,84
10/4/2016 2:00,-14.2,966.1,18.5,328,84
10/4/2016 3:00,-14.1,966.4,20.0,326,82
10/4/2016 4:00,-14.3,966.8,20.4,323,81
10/4/2016 5:00,-14.1,967.3,19.5,303,81
10/4/2016 6:00,-14.0,967.6,23.4,326,80
10/4/2016 7:00,-14.1,967.9,23.1,339,76
10/4/2016 8:00,-13.9,968.1,22.0,333,70
10/4/2016 9:00,-14.5,968.1,20.0,352,65
10/4/2016 10:00,-13.9,968.0,20.8,355,62
10/4/2016 11:00,-13.4,967.9,17.9,356,61
10/4/2016 12:00,-11.5,967.9,13.3,301,64
10/4/2016 13:00,-13.3,967.8,18.1,1,60
10/4/2016 14:00,-14.6,967.5,19.0,358,63
10/4/2016 15:00,-15.5,967.0,22.0,358,63
10/4/2016 16:00,-14.7,966.8,18.8,4,66
10/4/2016 17:00,-15.1,966.6,18.1,20,66
10/4/2016 18:00,-19.1,966.4,23.4,10,66
10/4/2016 19:00,-19.4,966.1,25.4,7,68
10/4/2016 20:00,-16.5,965.9,20.0,6,69
10/4/2016 21:00,-16.9,965.7,15.3,315,70
10/4/2016 22:00,-17.4,965.8,15.9,331,70
10/4/2016 23:00,-16.8,965.8,13.0,132,71
10/5/2016 0:00,-17.5,965.7,13.7,158,72
10/5/2016 1:00,-18.0,965.6,10.0,251,76
10/5/2016 2:00,-17.5,965.4,11.3,172,77
10/5/2016 3:00,-18.2,965.0,21.8,344,77
10/5/2016 4:00,-17.6,964.5,25.8,350,69
10/5/2016 5:00,-17.6,964.4,22.4,347,69
10/5/2016 6:00,-17.4,964.1,21.0,358,67
10/5/2016 7:00,-18.5,963.9,10.4,172,65
10/5/2016 8:00,-15.3,963.4,8.2,251,68
10/5/2016 9:00,-14.3,962.9,14.0,227,66
10/5/2016 10:00,-15.3,962.7,15.4,160,66
10/5/2016 11:00,-15.4,962.2,14.1,280,66
10/5/2016 12:00,-15.6,961.5,12.3,240,68
10/5/2016 13:00,-15.4,961.1,13.4,252,71
10/5/2016 14:00,-15.9,960.8,11.3,283,71
10/5/2016 15:00,-15.5,960.3,15.4,280,78
10/5/2016 16:00,-12.3,960.0,18.3,272,77
10/5/2016 17:00,-7.3,959.6,26.0,310,72
10/5/2016 18:00,-6.9,959.5,24.3,289,72
10/5/2016 19:00,-7.1,959.1,26.1,314,74
10/5/2016 20:00,-7.2,958.4,24.4,312,76
10/5/2016 21:00,-6.8,957.7,27.5,310,72
10/5/2016 22:00,-6.5,956.7,28.2,310,65
10/5/2016 23:00,-6.4,956.1,22.0,290,62
10/6/2016 0:00,-6.5,955.3,20.4,283,62
10/6/2016 1:00,-6.5,954.7,22.0,307,63
10/6/2016 2:00,-6.6,954.0,22.6,287,65
10/6/2016 3:00,-6.4,953.3,24.1,306,69
10/6/2016 4:00,-6.1,952.5,24.3,308,68
10/6/2016 5:00,-6.1,952.0,25.2,305,68
10/6/2016 6:00,-6.1,951.6,26.7,311,68
10/6/2016 7:00,-5.9,951.3,27.6,312,65
10/6/2016 8:00,-5.7,951.1,26.5,310,67
10/6/2016 9:00,-4.9,950.6,24.3,303,64
10/6/2016 10:00,-4.9,950.6,24.1,290,70
10/6/2016 11:00,-5.3,950.9,22.8,294,76
10/6/2016 12:00,-5.6,951.1,21.6,299,81
10/6/2016 13:00,-5.4,951.3,22.2,284,80
10/6/2016 14:00,-5.1,951.4,29.1,306,79
10/6/2016 15:00,-5.5,952.0,26.3,296,83
10/6/2016 16:00,-5.7,952.0,30.4,304,82
10/6/2016 17:00,-6.0,952.7,29.7,306,81
10/6/2016 18:00,-6.2,952.9,33.4,313,75
10/6/2016 19:00,-6.5,953.0,35.7,313,79
10/6/2016 20:00,-6.6,952.7,37.6,314,81
10/6/2016 21:00,-6.9,953.0,37.2,311,79
10/6/2016 22:00,-7.5,953.1,40.6,311,85
10/6/2016 23:00,-7.9,953.6,39.5,309,89
10/7/2016 0:00,-8.5,954.2,36.0,305,90
10/7/2016 1:00,-8.8,954.3,37.8,311,91
10/7/2016 2:00,-9.0,954.6,39.8,306,91
10/7/2016 3:00,-9.4,955.4,40.4,309,91
10/7/2016 4:00,-9.6,956.0,39.3,310,90
10/7/2016 5:00,-9.8,956.8,40.9,311,90
10/7/2016 6:00,-10.1,957.6,37.5,310,90
10/7/2016 7:00,-10.1,958.1,37.9,310,90
10/7/2016 8:00,-9.9,958.4,37.8,309,90
10/7/2016 9:00,-9.3,958.2,33.0,310,90
10/7/2016 10:00,-8.8,958.4,32.8,307,90
10/7/2016 11:00,-8.6,958.4,29.9,302,90
10/7/2016 12:00,-8.6,957.9,38.6,304,90
10/7/2016 13:00,-9.0,957.9,46.7,312,91
10/7/2016 14:00,-9.3,957.9,41.6,303,91
10/7/2016 15:00,-9.3,959.5,40.9,295,91
10/7/2016 16:00,-9.3,960.7,37.9,295,91
10/7/2016 17:00,-9.3,962.0,37.0,294,91
10/7/2016 18:00,-9.4,963.1,36.9,296,91
10/7/2016 19:00,-9.7,964.0,34.4,299,91
10/7/2016 20:00,-10.1,965.8,38.1,294,90
10/7/2016 21:00,-10.3,967.5,34.2,293,90
10/7/2016 22:00,-11.0,967.7,33.3,298,89
10/7/2016 23:00,-11.3,968.3,34.1,300,89
10/8/2016 0:00,-11.1,968.5,32.8,303,89
10/8/2016 1:00,-10.8,968.7,37.5,307,89
10/8/2016 2:00,-10.6,969.1,35.1,305,89
10/8/2016 3:00,-10.7,969.5,31.6,295,89
10/8/2016 4:00,-10.6,969.8,27.8,296,89
10/8/2016 5:00,-10.5,969.7,28.4,302,89
10/8/2016 6:00,-10.2,969.6,35.3,308,89
10/8/2016 7:00,-10.0,969.5,35.1,304,89
10/8/2016 8:00,-10.1,969.6,32.8,292,89
10/8/2016 9:00,-9.5,969.1,32.4,299,88
10/8/2016 10:00,-9.7,969.5,26.4,291,89
10/8/2016 11:00,-8.8,968.8,26.9,283,88
10/8/2016 12:00,-8.7,968.8,29.5,284,88
10/8/2016 13:00,-8.0,968.2,23.0,284,88
10/8/2016 14:00,-7.5,967.4,21.8,285,88
10/8/2016 15:00,-7.7,967.0,21.7,323,85
10/8/2016 16:00,-8.8,966.6,24.8,333,82
10/8/2016 17:00,-8.6,966.7,23.2,312,78
10/8/2016 18:00,-9.4,967.0,23.3,350,75
10/8/2016 19:00,-10.0,966.6,28.1,349,72
10/8/2016 20:00,-9.7,966.6,28.0,340,68
10/8/2016 21:00,-10.3,966.1,29.0,356,66
10/8/2016 22:00,-9.8,965.7,32.6,349,59
10/8/2016 23:00,-11.2,965.9,30.0,351,56
10/9/2016 0:00,-9.8,966.4,28.3,348,49
10/9/2016 1:00,-11.1,965.9,30.1,359,48
10/9/2016 2:00,-10.5,966.0,32.9,348,48
10/9/2016 3:00,-10.2,966.0,30.5,349,47
10/9/2016 4:00,-10.1,965.7,25.0,353,48
10/9/2016 5:00,-10.2,965.7,28.3,352,46
10/9/2016 6:00,-9.7,965.3,29.2,352,46
10/9/2016 7:00,-8.5,965.3,25.8,345,43
10/9/2016 8:00,-8.5,964.7,27.7,352,46
10/9/2016 9:00,-7.1,964.6,30.1,336,47
10/9/2016 10:00,-6.3,964.6,26.9,329,44
10/9/2016 11:00,-5.4,964.2,25.6,316,41
10/9/2016 12:00,-4.9,964.2,23.6,297,44
10/9/2016 13:00,-4.6,963.6,20.7,346,51
10/9/2016 14:00,-4.6,963.2,24.1,334,50
10/9/2016 15:00,-4.6,962.9,26.4,304,49
10/9/2016 16:00,-5.0,963.0,27.5,283,52
10/9/2016 17:00,-5.3,962.8,30.4,288,54
10/9/2016 18:00,-5.6,962.9,27.7,290,55
10/9/2016 19:00,-5.7,963.0,26.2,291,57
10/9/2016 20:00,-5.6,963.0,28.8,280,52
10/9/2016 21:00,-5.8,962.7,31.7,290,53
10/9/2016 22:00,-5.9,962.7,28.7,289,49
10/9/2016 23:00,-6.1,962.6,24.8,292,51
10/10/2016 0:00,-6.5,962.5,23.3,293,47
10/10/2016 1:00,-6.8,962.2,26.4,279,43
10/10/2016 2:00,-6.8,961.5,26.1,287,42
10/10/2016 3:00,-8.2,960.7,26.5,292,49
10/10/2016 4:00,-7.7,960.7,21.4,290,53
10/10/2016 5:00,-7.6,960.3,21.6,291,53
10/10/2016 6:00,-7.3,960.4,22.6,296,54
10/10/2016 7:00,-6.1,960.0,30.8,274,39
10/10/2016 8:00,-5.8,959.8,31.9,274,38
10/10/2016 9:00,-6.3,960.0,20.6,296,53
10/10/2016 10:00,-5.4,959.7,21.3,270,46
10/10/2016 11:00,-5.5,959.5,22.3,249,52
10/10/2016 12:00,-4.8,959.3,26.3,242,47
10/10/2016 13:00,-5.4,959.2,19.9,258,49
10/10/2016 14:00,-5.7,959.1,18.5,257,49
10/10/2016 15:00,-6.6,959.2,15.8,337,50
10/10/2016 16:00,-6.8,958.8,14.8,38,54
10/10/2016 17:00,-7.1,958.7,15.3,41,54
10/10/2016 18:00,-7.1,958.6,17.9,307,50
10/10/2016 19:00,-6.4,958.4,28.4,308,40
10/10/2016 20:00,-5.8,958.4,28.5,309,36
10/10/2016 21:00,-6.0,958.6,29.1,312,37
10/10/2016 22:00,-6.8,958.7,30.3,339,35
10/10/2016 23:00,-7.3,958.6,32.9,337,33
10/11/2016 0:00,-7.8,958.8,32.3,338,32
10/11/2016 1:00,-7.1,959.0,27.4,339,31
10/11/2016 2:00,-8.3,959.0,26.6,349,33
10/11/2016 3:00,-8.6,959.4,22.8,347,33
10/11/2016 4:00,-10.6,959.3,29.6,358,34
10/11/2016 5:00,-9.9,959.9,25.4,358,35
10/11/2016 6:00,-10.4,959.9,22.2,8,40
10/11/2016 7:00,-9.7,960.4,16.9,84,41
10/11/2016 8:00,-8.4,960.4,16.0,187,43
10/11/2016 9:00,-9.5,960.9,16.0,245,44
10/11/2016 10:00,-8.5,960.9,22.8,78,45
10/11/2016 11:00,-8.0,961.4,19.4,202,37
10/11/2016 12:00,-7.8,961.2,16.9,169,39
10/11/2016 13:00,-8.0,961.4,18.5,179,40
10/11/2016 14:00,-7.6,960.9,16.2,73,39
10/11/2016 15:00,-8.6,960.4,15.6,152,38
10/11/2016 16:00,-9.9,959.9,18.6,360,46
10/11/2016 17:00,-9.7,959.7,13.9,139,45
10/11/2016 18:00,-11.5,959.3,18.5,10,54
10/11/2016 19:00,-12.7,959.0,22.5,13,54
10/11/2016 20:00,-13.9,958.6,24.6,7,53
10/11/2016 21:00,-13.8,957.8,23.3,3,49
10/11/2016 22:00,-13.1,956.9,27.2,357,43
10/11/2016 23:00,-13.6,956.1,25.9,359,40
10/12/2016 0:00,-14.3,955.1,20.8,7,44
10/12/2016 1:00,-14.3,954.5,25.6,357,38
10/12/2016 2:00,-14.8,953.2,32.0,0,38
10/12/2016 3:00,-13.8,951.7,27.9,346,38
10/12/2016 4:00,-13.7,950.4,29.7,346,36
10/12/2016 5:00,-13.4,949.5,26.4,348,36
10/12/2016 6:00,-12.8,948.4,30.8,352,34
10/12/2016 7:00,-11.9,947.1,31.5,353,34
10/12/2016 8:00,-11.9,946.1,29.4,0,38
10/12/2016 9:00,-10.0,945.0,24.5,355,35
10/12/2016 10:00,-9.5,944.1,17.6,315,38
10/12/2016 11:00,-6.7,943.4,17.7,163,33
10/12/2016 12:00,-7.8,942.1,23.8,343,36
10/12/2016 13:00,-7.7,941.3,19.3,320,39
10/12/2016 14:00,-6.6,941.5,14.4,302,35
10/12/2016 15:00,-7.4,941.8,22.5,291,43
10/12/2016 16:00,-8.3,941.9,21.6,253,44
10/12/2016 17:00,-8.8,942.8,18.3,242,48
10/12/2016 18:00,-10.0,943.3,17.2,163,55
10/12/2016 19:00,-9.7,943.6,17.9,99,55
10/12/2016 20:00,-5.7,944.4,29.9,292,50
10/12/2016 21:00,-5.4,945.1,29.0,309,52
10/12/2016 22:00,-5.2,946.1,32.7,305,50
10/12/2016 23:00,-5.8,947.7,32.3,307,51
10/13/2016 0:00,-5.9,949.2,29.0,293,52
10/13/2016 1:00,-6.8,950.1,28.7,292,52
10/13/2016 2:00,-6.3,951.0,28.9,301,46
10/13/2016 3:00,-6.6,952.3,28.1,300,42
10/13/2016 4:00,-6.6,953.6,34.7,321,41
10/13/2016 5:00,-6.4,954.0,35.3,318,40
10/13/2016 6:00,-7.9,955.5,35.8,332,42
10/13/2016 7:00,-7.8,956.5,39.2,345,39
10/13/2016 8:00,-7.3,957.8,40.0,337,41
10/13/2016 9:00,-7.0,958.9,37.8,340,41
10/13/2016 10:00,-6.6,960.0,38.6,342,39
10/13/2016 11:00,-6.3,961.1,39.8,341,36
10/13/2016 12:00,-5.9,962.1,33.5,339,36
10/13/2016 13:00,-5.9,963.2,32.0,341,33
10/13/2016 14:00,-6.0,964.1,29.4,346,35
10/13/2016 15:00,-7.2,965.6,28.1,342,37
10/13/2016 16:00,-8.1,966.0,33.2,339,37
10/13/2016 17:00,-8.9,966.5,36.1,344,37
10/13/2016 18:00,-9.6,967.5,33.2,347,38
10/13/2016 19:00,-10.2,968.4,34.9,350,34
10/13/2016 20:00,-10.3,968.7,31.2,352,32
10/13/2016 21:00,-11.0,969.2,29.9,351,33
10/13/2016 22:00,-11.4,969.5,27.2,350,31
10/13/2016 23:00,-11.7,969.9,29.8,352,33
10/14/2016 0:00,-12.5,970.1,30.5,352,34
10/14/2016 1:00,-12.7,970.1,31.9,351,32
10/14/2016 2:00,-12.9,970.3,27.0,352,32
10/14/2016 3:00,-13.8,970.6,29.4,350,32
10/14/2016 4:00,-13.6,971.0,28.8,351,31
10/14/2016 5:00,-14.3,971.2,29.2,354,36
10/14/2016 6:00,-12.7,971.5,29.4,351,37
10/14/2016 7:00,-11.8,971.5,34.9,347,36
10/14/2016 8:00,-11.1,972.0,34.0,346,37
10/14/2016 9:00,-10.3,971.9,32.6,343,37
10/14/2016 10:00,-9.3,971.9,26.8,339,39
10/14/2016 11:00,-9.0,971.7,25.8,346,34
10/14/2016 12:00,-8.0,971.7,17.6,353,34
10/14/2016 13:00,-8.3,971.5,15.1,323,34
10/14/2016 14:00,-7.2,971.5,19.3,179,44
10/14/2016 15:00,-7.8,970.9,19.7,119,39
10/14/2016 16:00,-8.6,970.6,18.5,20,40
10/14/2016 17:00,-9.2,970.6,18.0,305,55
10/14/2016 18:00,-10.9,970.7,21.2,292,53
10/14/2016 19:00,-11.2,971.0,22.0,287,43
10/14/2016 20:00,-12.3,971.2,14.4,256,47
10/14/2016 21:00,-11.6,970.7,23.2,304,37
10/14/2016 22:00,-12.2,970.8,23.6,291,40
10/14/2016 23:00,-12.4,970.8,29.3,304,39
10/15/2016 0:00,-13.3,971.0,29.1,298,43
10/15/2016 1:00,-13.9,972.1,28.6,311,49
10/15/2016 2:00,-13.6,971.6,28.2,320,44
10/15/2016 3:00,-13.2,970.9,25.0,328,40
10/15/2016 4:00,-14.4,971.1,17.0,249,46
10/15/2016 5:00,-15.4,971.4,21.2,305,40
10/15/2016 6:00,-15.0,971.3,19.5,320,47
10/15/2016 7:00,-14.6,970.9,21.4,301,41
10/15/2016 8:00,-14.2,970.6,21.6,283,42
10/15/2016 9:00,-13.5,970.0,20.0,260,42
10/15/2016 10:00,-12.7,969.0,34.2,271,44
10/15/2016 11:00,-14.4,969.3,33.2,270,45
10/15/2016 12:00,-13.7,968.9,26.3,291,42
10/15/2016 13:00,-12.2,967.4,24.1,301,37
10/15/2016 14:00,-11.7,966.9,24.4,298,37
10/15/2016 15:00,-12.3,966.5,29.7,273,36
10/15/2016 16:00,-12.2,965.3,26.3,286,43
10/15/2016 17:00,-12.4,964.9,28.4,282,43
10/15/2016 18:00,-13.0,964.5,28.0,289,43
10/15/2016 19:00,-13.8,964.5,26.8,283,44
10/15/2016 20:00,-13.9,964.9,31.0,289,40
10/15/2016 21:00,-14.4,965.3,28.0,284,41
10/15/2016 22:00,-14.5,964.8,30.2,292,40
10/15/2016 23:00,-14.6,964.6,32.2,293,38
10/16/2016 0:00,-14.5,964.1,33.0,291,36
10/16/2016 1:00,-14.8,964.2,32.9,291,35
10/16/2016 2:00,-15.0,964.1,32.5,296,36
10/16/2016 3:00,-15.0,964.1,34.7,293,36
10/16/2016 4:00,-15.1,964.3,31.9,296,36
10/16/2016 5:00,-14.8,964.3,34.7,297,36
10/16/2016 6:00,-14.3,964.7,32.9,287,34
10/16/2016 7:00,-13.8,964.7,34.1,279,34
10/16/2016 8:00,-13.2,964.5,36.0,279,33
10/16/2016 9:00,-12.8,964.5,36.2,283,34
10/16/2016 10:00,-12.1,964.4,37.0,280,33
10/16/2016 11:00,-11.4,964.0,36.7,284,33
10/16/2016 12:00,-11.3,963.6,32.9,301,36
10/16/2016 13:00,-11.2,963.6,33.8,299,38
10/16/2016 14:00,-11.2,963.5,36.3,299,35
10/16/2016 15:00,-11.6,964.1,39.6,294,38
10/16/2016 16:00,-12.0,964.2,32.7,302,40
10/16/2016 17:00,-12.3,964.1,35.3,302,42
10/16/2016 18:00,-12.3,963.6,39.2,303,40
10/16/2016 19:00,-12.5,963.9,39.2,300,42
10/16/2016 20:00,-12.7,964.4,40.2,302,42
10/16/2016 21:00,-12.5,963.8,43.7,310,43
10/16/2016 22:00,-12.2,963.4,46.1,311,41
10/16/2016 23:00,-12.2,963.1,42.6,308,39
10/17/2016 0:00,-12.5,962.5,47.3,310,39
10/17/2016 1:00,-12.6,961.7,40.3,299,38
10/17/2016 2:00,-12.6,961.3,44.8,302,35
10/17/2016 3:00,-12.5,960.8,45.5,306,33
10/17/2016 4:00,-12.9,959.5,43.3,303,30
10/17/2016 5:00,-12.1,958.9,46.4,312,31
10/17/2016 6:00,-12.2,957.6,50.1,313,29
10/17/2016 7:00,-11.4,957.7,45.5,309,32
10/17/2016 8:00,-11.0,956.8,44.4,309,33
10/17/2016 9:00,-10.3,955.1,44.4,303,35
10/17/2016 10:00,-10.0,953.0,49.9,312,36
10/17/2016 11:00,-9.4,951.5,52.5,312,34
10/17/2016 12:00,-8.9,950.2,45.9,308,35
10/17/2016 13:00,-8.1,949.5,51.5,315,36
10/17/2016 14:00,-7.5,948.1,50.0,313,36
10/17/2016 15:00,-7.1,946.8,53.9,315,35
10/17/2016 16:00,-6.9,946.1,51.2,316,35
10/17/2016 17:00,-6.8,945.2,52.0,317,34
10/17/2016 18:00,-6.5,944.7,49.1,313,35
10/17/2016 19:00,-6.1,943.8,49.5,321,35
10/17/2016 20:00,-6.3,943.1,46.6,322,37
10/17/2016 21:00,-6.2,942.6,40.1,332,37
10/17/2016 22:00,-5.6,942.3,46.3,334,36
10/17/2016 23:00,-5.7,942.5,42.9,324,37
10/18/2016 0:00,-5.4,942.1,42.4,316,37
10/18/2016 1:00,-5.1,941.8,40.4,312,34
10/18/2016 2:00,-5.3,941.9,32.3,310,36
10/18/2016 3:00,-5.3,941.5,36.9,315,34
10/18/2016 4:00,-5.2,941.0,36.3,315,35
10/18/2016 5:00,-5.8,941.6,29.8,314,36
10/18/2016 6:00,-5.0,941.4,29.7,306,34
10/18/2016 7:00,-5.5,941.4,27.9,341,36
10/18/2016 8:00,-4.7,941.7,31.4,312,32
10/18/2016 9:00,-4.5,941.3,32.6,329,33
10/18/2016 10:00,-4.3,941.2,27.5,343,34
10/18/2016 11:00,-4.1,940.9,27.3,346,37
10/18/2016 12:00,-4.0,940.2,36.7,321,40
10/18/2016 13:00,-3.3,939.6,41.5,324,38
10/18/2016 14:00,-2.9,939.9,40.9,320,38
10/18/2016 15:00,-2.9,939.8,39.7,320,39
10/18/2016 16:00,-2.6,940.2,37.6,315,38
10/18/2016 17:00,-2.9,940.7,34.8,319,41
10/18/2016 18:00,-3.4,940.5,34.6,321,42
10/18/2016 19:00,-2.9,940.0,38.0,317,42
10/18/2016 20:00,-3.0,941.1,39.8,312,52
10/18/2016 21:00,-3.3,942.6,35.9,310,58
10/18/2016 22:00,-3.7,943.7,36.6,314,61
10/18/2016 23:00,-4.2,945.1,32.7,307,60
10/19/2016 0:00,-4.7,945.6,41.7,311,57
10/19/2016 1:00,-5.1,947.2,36.6,309,64
10/19/2016 2:00,-5.5,948.3,38.4,309,65
10/19/2016 3:00,-5.5,949.4,41.8,311,60
10/19/2016 4:00,-5.4,950.7,39.0,310,56
10/19/2016 5:00,-4.7,951.8,39.9,310,51
10/19/2016 6:00,-4.0,952.5,35.8,311,49
10/19/2016 7:00,-3.5,953.4,36.3,304,47
10/19/2016 8:00,-4.1,954.3,35.7,301,50
10/19/2016 9:00,-4.2,955.1,36.0,294,55
10/19/2016 10:00,-4.3,956.3,30.7,291,57
10/19/2016 11:00,-4.2,956.8,33.4,295,55
10/19/2016 12:00,-4.0,957.3,32.6,294,55
10/19/2016 13:00,-4.1,957.7,33.7,292,58
10/19/2016 14:00,-4.7,958.5,38.9,289,59
10/19/2016 15:00,-5.0,959.2,32.5,294,59
10/19/2016 16:00,-5.1,959.3,31.0,293,57
10/19/2016 17:00,-5.2,959.4,29.7,300,59
10/19/2016 18:00,-5.5,959.6,31.2,299,62
10/19/2016 19:00,-5.7,959.9,31.4,299,63
10/19/2016 20:00,-6.1,960.0,34.3,303,67
10/19/2016 21:00,-6.4,960.7,34.4,303,63
10/19/2016 22:00,-6.3,961.0,35.3,304,61
10/19/2016 23:00,-6.5,961.4,29.9,300,63
10/20/2016 0:00,-6.5,961.5,31.9,302,62
10/20/2016 1:00,-6.7,961.6,33.4,309,65
10/20/2016 2:00,-6.9,961.3,29.7,303,68
10/20/2016 3:00,-7.2,961.6,32.1,303,73
10/20/2016 4:00,-7.2,961.7,31.2,304,74
10/20/2016 5:00,-7.2,962.2,30.5,296,74
10/20/2016 6:00,-6.7,962.9,30.4,298,73
10/20/2016 7:00,-6.9,963.8,27.6,297,72
10/20/2016 8:00,-6.6,964.6,24.1,298,72
10/20/2016 9:00,-6.0,964.5,25.2,282,67
10/20/2016 10:00,-6.0,964.0,29.2,295,69
10/20/2016 11:00,-5.8,963.6,26.0,293,65
10/20/2016 12:00,-5.3,963.0,26.2,294,60
10/20/2016 13:00,-5.2,962.6,28.8,293,60
10/20/2016 14:00,-5.5,962.1,26.7,296,62
10/20/2016 15:00,-5.9,961.9,28.3,294,65
10/20/2016 16:00,-5.9,961.3,26.2,301,62
10/20/2016 17:00,-6.2,961.1,24.1,299,62
10/20/2016 18:00,-6.3,961.1,27.3,308,61
10/20/2016 19:00,-6.3,960.9,24.3,298,63
10/20/2016 20:00,-6.7,960.9,24.5,304,72
10/20/2016 21:00,-6.9,961.0,25.0,299,72
10/20/2016 22:00,-7.2,960.9,25.1,295,64
10/20/2016 23:00,-6.8,960.6,26.6,304,48
10/21/2016 0:00,-6.8,960.5,26.2,304,44
10/21/2016 1:00,-7.0,960.5,26.3,296,43
10/21/2016 2:00,-7.3,960.3,27.2,296,42
10/21/2016 3:00,-7.4,960.2,25.9,294,42
10/21/2016 4:00,-7.6,959.9,27.1,294,43
10/21/2016 5:00,-7.7,959.8,29.5,291,41
10/21/2016 6:00,-7.7,959.8,28.3,286,39
10/21/2016 7:00,-7.8,959.6,31.3,293,40
10/21/2016 8:00,-8.0,959.8,29.9,284,43
10/21/2016 9:00,-8.1,959.4,30.0,292,46
10/21/2016 10:00,-8.1,959.4,29.8,295,49
10/21/2016 11:00,-8.1,959.2,30.3,288,50
10/21/2016 12:00,-8.0,958.7,30.2,284,52
10/21/2016 13:00,-8.1,958.3,28.9,284,55
10/21/2016 14:00,-8.3,958.0,32.3,288,58
10/21/2016 15:00,-8.4,957.6,35.0,284,58
10/21/2016 16:00,-8.6,957.5,33.5,287,59
10/21/2016 17:00,-8.7,957.4,32.4,282,62
10/21/2016 18:00,-8.8,957.2,31.7,287,61
10/21/2016 19:00,-9.2,957.3,34.4,291,63
10/21/2016 20:00,-9.3,957.1,35.5,300,60
10/21/2016 21:00,-9.5,957.2,36.5,302,66
10/21/2016 22:00,-9.6,956.7,39.6,303,69
10/21/2016 23:00,-9.7,956.4,39.8,306,71
10/22/2016 0:00,-9.8,956.6,42.4,303,75
10/22/2016 1:00,-10.6,956.3,43.3,308,87
10/22/2016 2:00,-10.8,956.1,44.7,305,89
10/22/2016 3:00,-11.2,956.5,45.2,301,89
10/22/2016 4:00,-11.5,956.4,42.7,300,89
10/22/2016 5:00,-11.4,956.4,43.8,300,88
10/22/2016 6:00,-11.2,956.6,41.3,301,87
10/22/2016 7:00,-11.0,956.4,41.9,303,85
10/22/2016 8:00,-10.8,956.0,42.3,303,83
10/22/2016 9:00,-10.7,956.1,43.7,298,82
10/22/2016 10:00,-11.1,956.1,40.3,299,89
10/22/2016 11:00,-10.9,956.6,39.9,301,90
10/22/2016 12:00,-11.0,957.2,40.1,285,90
10/22/2016 13:00,-11.0,958.0,38.7,275,90
10/22/2016 14:00,-10.9,959.3,35.6,271,90
10/22/2016 15:00,-10.7,959.6,33.0,273,90
10/22/2016 16:00,-10.7,959.9,31.1,283,90
10/22/2016 17:00,-10.7,959.9,34.6,282,90
10/22/2016 18:00,-10.6,960.0,28.5,286,90
10/22/2016 19:00,-10.6,960.3,30.7,285,90
10/22/2016 20:00,-10.6,960.6,29.3,295,90
10/22/2016 21:00,-10.6,960.9,33.4,284,90
10/22/2016 22:00,-10.6,961.6,31.9,281,90
10/22/2016 23:00,-10.7,962.1,26.8,290,90
10/23/2016 0:00,-10.8,962.5,26.6,292,90
10/23/2016 1:00,-11.0,962.9,25.7,293,90
10/23/2016 2:00,-11.2,963.5,27.2,295,89
10/23/2016 3:00,-11.4,963.9,27.0,295,89
10/23/2016 4:00,-11.6,964.1,27.7,294,89
10/23/2016 5:00,-11.7,964.4,26.5,299,89
10/23/2016 6:00,-11.8,964.6,29.6,302,89
10/23/2016 7:00,-11.8,964.9,28.1,298,89
10/23/2016 8:00,-11.7,965.0,29.7,303,89
10/23/2016 9:00,-11.4,964.5,30.2,293,89
10/23/2016 10:00,-11.2,964.1,31.6,293,89
10/23/2016 11:00,-11.2,964.0,32.6,288,89
10/23/2016 12:00,-11.1,963.5,31.8,292,89
10/23/2016 13:00,-10.8,963.1,34.3,290,88
10/23/2016 14:00,-10.6,962.7,30.1,294,88
10/23/2016 15:00,-10.6,961.6,34.6,302,87
10/23/2016 16:00,-10.4,961.5,31.2,305,85
10/23/2016 17:00,-10.3,961.6,32.4,302,82
10/23/2016 18:00,-10.5,961.8,33.5,302,79
10/23/2016 19:00,-10.3,961.5,32.6,302,75
10/23/2016 20:00,-10.0,961.3,37.3,303,69
10/23/2016 21:00,-9.7,961.5,34.7,302,59
10/23/2016 22:00,-9.7,961.6,34.7,300,58
10/23/2016 23:00,-9.7,962.1,37.5,302,57
10/24/2016 0:00,-9.8,962.6,36.6,301,59
10/24/2016 1:00,-10.1,963.4,33.9,302,61
10/24/2016 2:00,-10.2,963.8,34.3,304,61
10/24/2016 3:00,-10.7,964.3,35.0,302,74
10/24/2016 4:00,-11.2,965.2,33.3,298,84
10/24/2016 5:00,-11.3,965.8,34.3,292,86
10/24/2016 6:00,-11.4,966.8,34.3,299,88
10/24/2016 7:00,-11.4,967.8,35.2,304,88
10/24/2016 8:00,-11.2,968.3,33.9,295,89
10/24/2016 9:00,-10.9,968.3,37.4,293,89
10/24/2016 10:00,-10.6,968.6,34.0,302,90
10/24/2016 11:00,-10.3,968.8,32.8,297,90
10/24/2016 12:00,-10.1,968.9,34.0,301,90
10/24/2016 13:00,-10.0,968.0,35.8,303,90
10/24/2016 14:00,-9.7,967.8,39.3,305,91
10/24/2016 15:00,-9.5,967.8,39.4,308,91
10/24/2016 16:00,-9.5,967.5,38.7,304,91
10/24/2016 17:00,-9.7,967.2,40.8,303,91
10/24/2016 18:00,-9.8,967.2,37.9,307,90
10/24/2016 19:00,-9.9,966.3,43.0,309,90
10/24/2016 20:00,-10.0,964.8,42.5,304,90
10/24/2016 21:00,-10.1,963.4,47.2,303,90
10/24/2016 22:00,-10.0,961.9,52.1,312,90
10/24/2016 23:00,-9.8,961.1,50.5,312,90
10/25/2016 0:00,-9.7,960.0,55.1,313,90
10/25/2016 1:00,-8.8,958.4,56.6,314,90
10/25/2016 2:00,-8.7,957.6,48.8,310,91
10/25/2016 3:00,-8.2,957.1,54.0,312,89
10/25/2016 4:00,-7.9,957.2,49.5,312,88
10/25/2016 5:00,-7.3,957.1,45.7,311,87
10/25/2016 6:00,-7.1,958.4,39.6,291,88
10/25/2016 7:00,-7.4,959.5,30.0,284,89
10/25/2016 8:00,-7.9,960.6,35.3,282,88
10/25/2016 9:00,-7.9,961.9,37.5,281,87
10/25/2016 10:00,-8.0,962.5,31.6,282,89
10/25/2016 11:00,-7.8,963.0,34.8,271,89
10/25/2016 12:00,-7.5,963.9,35.8,275,87
10/25/2016 13:00,-7.4,964.3,35.1,282,87
10/25/2016 14:00,-7.3,964.9,32.6,288,86
10/25/2016 15:00,-7.3,965.8,27.7,280,87
10/25/2016 16:00,-7.3,966.0,28.5,286,85
10/25/2016 17:00,-7.5,966.4,27.2,293,84
10/25/2016 18:00,-7.3,966.9,26.3,292,80
10/25/2016 19:00,-8.0,967.9,26.8,288,79
10/25/2016 20:00,-8.5,968.5,27.1,290,78
10/25/2016 21:00,-8.7,969.0,28.1,308,76
10/25/2016 22:00,-8.4,969.6,32.1,304,72
10/25/2016 23:00,-8.8,970.1,37.3,314,72
10/26/2016 0:00,-8.8,970.5,33.1,308,70
10/26/2016 1:00,-8.2,970.4,29.0,299,69
10/26/2016 2:00,-7.3,969.7,35.5,307,64
10/26/2016 3:00,-6.9,968.9,39.2,311,67
10/26/2016 4:00,-6.9,968.2,33.6,297,78
10/26/2016 5:00,-6.5,967.1,40.0,306,80
10/26/2016 6:00,-6.7,967.0,37.1,304,87
10/26/2016 7:00,-6.4,966.4,38.3,303,85
10/26/2016 8:00,-6.1,966.1,37.8,304,80
10/26/2016 9:00,-6.2,965.2,38.0,302,85
10/26/2016 10:00,-6.0,963.2,38.1,302,80
10/26/2016 11:00,-5.3,961.0,43.6,305,66
10/26/2016 12:00,-4.8,959.5,42.0,297,59
10/26/2016 13:00,-3.7,957.8,41.0,302,50
10/26/2016 14:00,-3.3,955.9,45.2,317,48
10/26/2016 15:00,-3.7,954.6,48.3,290,50
10/26/2016 16:00,-4.9,952.8,50.4,289,52
10/26/2016 17:00,-5.2,952.5,49.1,289,50
10/26/2016 18:00,-5.1,951.9,49.3,305,50
10/26/2016 19:00,-5.3,951.4,47.2,296,48
10/26/2016 20:00,-5.7,951.2,45.2,293,51
10/26/2016 21:00,-5.8,950.3,44.3,296,52
10/26/2016 22:00,-6.0,949.8,44.8,302,50
10/26/2016 23:00,-6.5,948.6,45.4,294,51
10/27/2016 0:00,-6.5,948.4,44.7,291,48
10/27/2016 1:00,-6.6,948.9,43.3,280,51
10/27/2016 2:00,-7.0,949.0,44.0,283,54
10/27/2016 3:00,-7.1,948.6,43.1,289,52
10/27/2016 4:00,-7.1,948.6,41.5,294,54
10/27/2016 5:00,-6.8,949.4,40.4,298,54
10/27/2016 6:00,-6.5,949.6,46.0,309,49
10/27/2016 7:00,-6.5,950.3,41.6,320,50
10/27/2016 8:00,-6.4,950.8,41.1,308,50
10/27/2016 9:00,-6.3,950.8,40.5,304,50
10/27/2016 10:00,-6.0,951.1,40.7,302,52
10/27/2016 11:00,-5.9,951.4,41.9,302,52
10/27/2016 12:00,-5.6,951.6,39.0,298,53
10/27/2016 13:00,-5.3,951.7,40.8,299,50
10/27/2016 14:00,-5.3,952.0,40.5,293,53
10/27/2016 15:00,-5.3,952.5,34.7,293,55
10/27/2016 16:00,-5.5,952.6,34.8,293,54
10/27/2016 17:00,-5.6,953.1,37.0,291,54
10/27/2016 18:00,-5.8,953.5,35.6,291,55
10/27/2016 19:00,-6.1,953.6,34.9,294,56
10/27/2016 20:00,-6.2,953.9,32.1,298,54
10/27/2016 21:00,-6.9,954.2,35.7,302,55
10/27/2016 22:00,-7.0,954.1,37.8,303,55
10/27/2016 23:00,-7.0,954.4,37.9,303,56
10/28/2016 0:00,-6.9,954.5,36.9,306,54
10/28/2016 1:00,-6.8,954.3,36.0,301,50
10/28/2016 2:00,-6.6,954.1,40.5,304,45
10/28/2016 3:00,-7.0,954.4,35.6,292,50
10/28/2016 4:00,-7.2,954.4,40.6,304,52
10/28/2016 5:00,-6.7,954.9,41.1,303,47
10/28/2016 6:00,-6.6,955.7,38.8,303,48
10/28/2016 7:00,-6.6,955.9,37.2,305,48
10/28/2016 8:00,-6.3,955.6,37.8,303,48
10/28/2016 9:00,-6.0,955.6,37.8,302,48
10/28/2016 10:00,-5.8,955.4,37.9,299,49
10/28/2016 11:00,-5.6,955.6,34.9,299,50
10/28/2016 12:00,-5.2,955.2,33.2,297,49
10/28/2016 13:00,-5.1,955.1,37.2,295,48
10/28/2016 14:00,-5.1,954.8,36.2,300,48
10/28/2016 15:00,-5.2,954.8,35.3,304,47
10/28/2016 16:00,-5.4,954.9,33.0,302,49
10/28/2016 17:00,-5.7,954.9,34.5,308,48
10/28/2016 18:00,-6.1,954.8,37.9,311,47
10/28/2016 19:00,-6.4,955.3,36.4,309,47
10/28/2016 20:00,-6.6,955.4,37.8,307,44
10/28/2016 21:00,-6.6,955.3,40.3,312,42
10/28/2016 22:00,-6.6,955.1,43.6,318,39
10/28/2016 23:00,-6.6,955.1,39.5,317,41
10/29/2016 0:00,-6.5,954.7,39.0,314,38
10/29/2016 1:00,-6.9,954.9,39.5,313,38
10/29/2016 2:00,-8.2,954.8,41.4,334,43
10/29/2016 3:00,-8.9,954.5,41.8,344,42
10/29/2016 4:00,-9.0,954.4,41.2,341,42
10/29/2016 5:00,-8.9,954.4,42.4,342,41
10/29/2016 6:00,-8.4,954.4,40.8,342,41
10/29/2016 7:00,-7.8,954.6,37.1,344,39
10/29/2016 8:00,-7.3,954.6,34.8,347,41
10/29/2016 9:00,-6.3,954.4,38.1,331,38
10/29/2016 10:00,-6.0,954.3,32.2,329,42
10/29/2016 11:00,-5.5,954.1,32.3,331,43
10/29/2016 12:00,-5.2,954.2,28.2,343,43
10/29/2016 13:00,-4.5,954.0,26.2,338,38
10/29/2016 14:00,-4.2,953.9,23.7,340,39
10/29/2016 15:00,-4.5,953.7,25.1,342,38
10/29/2016 16:00,-5.2,953.4,23.5,350,42
10/29/2016 17:00,-5.9,953.4,27.2,347,40
10/29/2016 18:00,-6.7,953.2,25.3,353,39
10/29/2016 19:00,-7.9,953.2,31.1,352,37
10/29/2016 20:00,-9.1,953.1,30.7,351,38
10/29/2016 21:00,-9.9,952.7,34.5,352,38
10/29/2016 22:00,-10.1,952.1,30.7,352,35
10/29/2016 23:00,-10.1,951.5,32.4,354,35
10/30/2016 0:00,-10.7,951.1,32.0,354,37
10/30/2016 1:00,-10.5,950.6,30.5,353,39
10/30/2016 2:00,-9.7,950.1,31.5,351,37
10/30/2016 3:00,-9.7,949.5,33.2,356,39
10/30/2016 4:00,-9.1,949.2,33.3,355,41
10/30/2016 5:00,-8.5,948.6,31.4,355,44
10/30/2016 6:00,-7.4,948.1,31.7,354,40
10/30/2016 7:00,-6.4,947.6,29.1,354,40
10/30/2016 8:00,-5.6,946.6,27.0,353,40
10/30/2016 9:00,-4.5,945.5,25.5,353,40
10/30/2016 10:00,-3.0,944.1,27.6,345,37
10/30/2016 11:00,-2.3,942.9,24.0,355,42
10/30/2016 12:00,-1.9,941.9,20.5,352,44
10/30/2016 13:00,-1.6,941.5,18.8,193,42
10/30/2016 14:00,-0.9,941.0,24.6,312,49
10/30/2016 15:00,-1.2,940.1,24.5,346,54
10/30/2016 16:00,-1.9,939.5,27.1,341,58
10/30/2016 17:00,-3.2,939.0,36.5,325,83
10/30/2016 18:00,-1.6,938.5,34.2,305,50
10/30/2016 19:00,-1.9,938.7,35.7,306,49
10/30/2016 20:00,-1.9,939.3,35.7,310,46
10/30/2016 21:00,-2.1,940.1,31.1,304,47
10/30/2016 22:00,-2.5,941.3,26.1,302,50
10/30/2016 23:00,-2.7,942.1,26.2,300,49
10/31/2016 0:00,-3.6,943.3,25.7,306,56
10/31/2016 1:00,-3.6,943.2,36.8,310,45
10/31/2016 2:00,-3.9,943.3,40.3,322,44
10/31/2016 3:00,-3.4,943.1,40.0,320,40
10/31/2016 4:00,-2.4,943.3,42.9,315,37
10/31/2016 5:00,-1.6,943.5,49.1,313,36
10/31/2016 6:00,-1.7,942.9,48.5,311,38
10/31/2016 7:00,-2.0,942.8,50.3,311,48
10/31/2016 8:00,-2.2,944.2,44.1,308,55
10/31/2016 9:00,-2.3,945.9,42.1,303,60
10/31/2016 10:00,-2.6,948.3,34.6,296,67
10/31/2016 11:00,-3.3,950.9,32.4,280,81
10/31/2016 12:00,-3.3,952.4,35.4,303,73
10/31/2016 13:00,-3.8,955.1,34.5,294,76
10/31/2016 14:00,-4.3,956.9,29.9,293,82
10/31/2016 15:00,-4.9,958.8,29.9,293,85
10/31/2016 16:00,-5.3,960.4,28.3,291,85
10/31/2016 17:00,-5.1,961.7,27.9,297,76
10/31/2016 18:00,-5.5,963.0,28.7,295,77
10/31/2016 19:00,-5.2,964.8,24.1,288,71
10/31/2016 20:00,-4.6,966.1,28.6,299,68
10/31/2016 21:00,-4.2,966.9,30.2,309,68
10/31/2016 22:00,-4.0,967.8,33.0,307,58
10/31/2016 23:00,-4.0,968.6,36.4,310,55
11/1/2016 0:00,-3.8,969.4,32.6,310,46
11/1/2016 1:00,-3.9,970.0,31.9,314,44
11/1/2016 2:00,-5.0,970.8,30.6,335,46
11/1/2016 3:00,-5.1,971.5,34.4,341,41
11/1/2016 4:00,-4.8,972.4,33.5,345,38
11/1/2016 5:00,-4.8,973.2,35.9,340,41
11/1/2016 6:00,-5.5,973.8,33.0,347,50
11/1/2016 7:00,-3.9,974.6,35.8,343,43
11/1/2016 8:00,-2.9,975.1,32.8,335,42
11/1/2016 9:00,-1.8,976.0,28.4,301,42
11/1/2016 10:00,-1.1,976.9,31.1,309,43
11/1/2016 11:00,-1.0,977.4,29.6,304,42
11/1/2016 12:00,-0.8,978.2,27.2,298,41
11/1/2016 13:00,-0.4,978.4,29.6,291,40
11/1/2016 14:00,-0.7,979.1,30.0,278,46
11/1/2016 15:00,-1.5,979.7,28.0,290,52
11/1/2016 16:00,-2.3,980.4,27.5,287,56
11/1/2016 17:00,-2.5,981.0,21.8,296,59
11/1/2016 18:00,-2.9,981.4,21.4,290,59
11/1/2016 19:00,-3.2,981.7,17.3,300,63
11/1/2016 20:00,-3.2,981.8,22.4,335,55
11/1/2016 21:00,-3.9,981.8,23.9,337,51
11/1/2016 22:00,-5.4,981.4,27.8,358,51
11/1/2016 23:00,-6.4,981.3,30.6,356,46
11/2/2016 0:00,-6.7,981.2,33.3,352,38
11/2/2016 1:00,-7.2,981.0,31.3,352,39
11/2/2016 2:00,-7.1,981.2,30.1,351,36
11/2/2016 3:00,-7.9,981.1,29.6,352,37
11/2/2016 4:00,-7.7,980.8,30.8,347,36
11/2/2016 5:00,-7.4,981.0,28.6,351,39
11/2/2016 6:00,-6.9,981.0,27.0,352,42
11/2/2016 7:00,-5.6,980.5,26.0,347,38
11/2/2016 8:00,-5.0,980.5,27.0,349,43
11/2/2016 9:00,-4.3,980.0,27.3,345,43
11/2/2016 10:00,-3.3,979.8,22.4,345,42
11/2/2016 11:00,-2.3,979.6,16.8,308,37
11/2/2016 12:00,-1.8,979.0,17.5,278,32
11/2/2016 13:00,-1.6,978.7,21.6,296,33
11/2/2016 14:00,-1.5,978.3,20.1,296,34
11/2/2016 15:00,-1.8,977.9,20.2,281,36
11/2/2016 16:00,-1.8,977.7,15.9,210,42
11/2/2016 17:00,-2.8,977.4,16.0,332,47
11/2/2016 18:00,-3.6,977.2,18.5,235,56
11/2/2016 19:00,-5.0,977.1,14.8,295,60
11/2/2016 20:00,-5.6,976.9,22.1,333,49
11/2/2016 21:00,-6.1,976.9,23.7,325,48
11/2/2016 22:00,-6.2,976.3,24.0,342,45
11/2/2016 23:00,-6.6,976.3,24.1,347,46
11/3/2016 0:00,-6.9,976.2,25.3,340,48
11/3/2016 1:00,-6.9,975.9,26.7,342,47
11/3/2016 2:00,-6.6,975.7,24.9,349,49
11/3/2016 3:00,-6.6,975.3,23.8,349,47
11/3/2016 4:00,-6.8,974.7,27.1,352,44
11/3/2016 5:00,-5.9,974.0,24.5,352,41
11/3/2016 6:00,-6.1,973.4,28.1,357,42
11/3/2016 7:00,-5.8,973.0,28.4,352,39
11/3/2016 8:00,-4.7,973.0,25.8,351,39
11/3/2016 9:00,-3.4,972.6,24.0,341,40
11/3/2016 10:00,-1.6,972.4,22.8,287,36
11/3/2016 11:00,-1.1,972.1,18.6,306,39
11/3/2016 12:00,-0.8,972.0,20.2,262,42
11/3/2016 13:00,0.0,971.5,18.6,175,46
11/3/2016 14:00,0.0,971.3,24.7,247,44
11/3/2016 15:00,-0.2,971.2,24.8,252,46
11/3/2016 16:00,-1.7,971.3,17.5,216,57
11/3/2016 17:00,-2.2,971.3,20.1,262,57
11/3/2016 18:00,-2.6,971.8,21.2,247,62
11/3/2016 19:00,-3.5,972.4,17.1,286,63
11/3/2016 20:00,-3.9,973.1,19.9,292,61
11/3/2016 21:00,-4.5,973.8,21.1,281,63
11/3/2016 22:00,-4.9,974.4,21.3,312,65
11/3/2016 23:00,-5.2,974.9,25.8,287,54
11/4/2016 0:00,-4.8,975.0,27.6,294,55
11/4/2016 1:00,-4.9,975.3,30.9,308,57
11/4/2016 2:00,-5.2,975.5,32.8,315,58
11/4/2016 3:00,-4.8,976.3,29.7,292,57
11/4/2016 4:00,-4.8,976.9,28.7,291,52
11/4/2016 5:00,-4.5,977.4,30.3,302,45
11/4/2016 6:00,-4.0,977.4,28.5,297,43
11/4/2016 7:00,-3.6,977.7,27.9,292,43
11/4/2016 8:00,-2.7,977.8,24.1,297,46
11/4/2016 9:00,-2.6,977.7,29.5,292,45
11/4/2016 10:00,-1.6,977.5,29.4,276,40
11/4/2016 11:00,-1.8,977.1,27.4,287,43
11/4/2016 12:00,-1.5,976.8,25.4,282,42
11/4/2016 13:00,-0.9,976.3,25.0,279,41
11/4/2016 14:00,-0.1,975.8,22.5,250,41
11/4/2016 15:00,-0.7,975.3,18.4,242,46
11/4/2016 16:00,-0.7,974.7,18.4,268,45
11/4/2016 17:00,-1.9,974.1,16.7,276,49
11/4/2016 18:00,-1.9,973.6,19.3,291,50
11/4/2016 19:00,-2.2,973.1,18.6,327,53
11/4/2016 20:00,-2.4,972.3,25.7,338,48
11/4/2016 21:00,-2.1,972.0,24.4,311,47
11/4/2016 22:00,-1.7,971.5,29.8,308,43
11/4/2016 23:00,-2.0,971.2,31.5,309,46
11/5/2016 0:00,-2.0,971.2,30.6,306,45
11/5/2016 1:00,-2.5,971.6,30.1,301,42
11/5/2016 2:00,-2.9,971.8,31.0,304,41
11/5/2016 3:00,-3.0,972.1,30.4,304,39
11/5/2016 4:00,-2.6,972.2,28.4,294,37
11/5/2016 5:00,-2.9,971.9,22.6,287,38
11/5/2016 6:00,-2.6,971.5,26.3,295,42
11/5/2016 7:00,-1.7,971.0,24.1,290,39
11/5/2016 8:00,-1.4,970.9,22.6,259,41
11/5/2016 9:00,-1.0,970.7,25.3,282,37
11/5/2016 10:00,-0.1,970.2,29.2,266,34
11/5/2016 11:00,0.9,969.8,20.1,233,40
11/5/2016 12:00,1.3,969.3,21.0,216,42
11/5/2016 13:00,1.6,968.8,22.1,265,44
11/5/2016 14:00,1.9,968.1,29.2,292,42
11/5/2016 15:00,1.5,967.2,29.4,301,45
11/5/2016 16:00,1.2,966.7,30.7,302,44
11/5/2016 17:00,0.8,966.1,28.2,298,45
11/5/2016 18:00,0.1,966.0,27.7,288,43
11/5/2016 19:00,-0.5,965.6,28.9,290,43
11/5/2016 20:00,-0.8,965.1,36.6,310,35
11/5/2016 21:00,-1.4,965.3,32.0,302,33
11/5/2016 22:00,-1.9,965.1,36.3,308,32
11/5/2016 23:00,-2.9,965.4,36.7,304,34
11/6/2016 0:00,-3.7,965.5,38.0,305,35
11/6/2016 1:00,-4.5,965.6,34.2,306,38
11/6/2016 2:00,-4.8,965.8,37.5,308,34
11/6/2016 3:00,-4.8,965.7,43.0,309,32
11/6/2016 4:00,-4.9,965.9,32.5,301,36
11/6/2016 5:00,-4.9,966.3,41.5,293,35
11/6/2016 6:00,-4.9,966.5,38.8,291,34
11/6/2016 7:00,-5.0,967.1,37.1,292,37
11/6/2016 8:00,-4.8,967.2,35.4,290,36
11/6/2016 9:00,-5.1,967.5,35.7,285,35
11/6/2016 10:00,-5.1,966.9,39.5,287,36
11/6/2016 11:00,-5.0,967.1,35.6,283,39
11/6/2016 12:00,-5.0,967.3,35.6,279,43
11/6/2016 13:00,-4.9,967.7,29.5,279,47
11/6/2016 14:00,-4.9,967.3,32.0,281,45
11/6/2016 15:00,-4.7,966.8,29.4,110,43
11/6/2016 16:00,-4.9,966.8,28.3,113,45
11/6/2016 17:00,-5.2,967.2,25.4,106,47
11/6/2016 18:00,-5.6,967.2,25.2,115,50
11/6/2016 19:00,-5.8,967.3,26.2,112,49
11/6/2016 20:00,-6.3,967.3,26.0,110,51
11/6/2016 21:00,-6.4,967.6,26.5,113,52
11/6/2016 22:00,-6.8,967.9,28.0,114,53
11/6/2016 23:00,-7.3,968.1,27.9,114,55
11/7/2016 0:00,-7.4,968.4,24.9,114,57
11/7/2016 1:00,-7.6,968.7,26.0,111,57
11/7/2016 2:00,-7.9,968.8,26.9,116,61
11/7/2016 3:00,-8.0,968.7,29.2,115,54
11/7/2016 4:00,-8.2,968.5,33.8,115,50
11/7/2016 5:00,-8.3,969.0,30.9,120,52
11/7/2016 6:00,-8.3,969.3,31.0,121,51
11/7/2016 7:00,-8.1,969.7,28.1,122,52
11/7/2016 8:00,-7.8,969.7,32.7,118,51
11/7/2016 9:00,-7.4,970.1,29.8,118,53
11/7/2016 10:00,-7.0,970.1,27.4,113,55
11/7/2016 11:00,-6.6,970.1,30.4,113,57
11/7/2016 12:00,-6.1,969.8,28.8,112,57
11/7/2016 13:00,-5.6,969.4,26.5,112,55
11/7/2016 14:00,-5.3,969.0,26.2,112,54
11/7/2016 15:00,-5.4,968.7,28.8,103,57
11/7/2016 16:00,-5.6,968.5,25.8,104,59
11/7/2016 17:00,-5.4,968.3,23.6,105,58
11/7/2016 18:00,-5.3,967.8,23.4,111,59
11/7/2016 19:00,-5.8,967.6,24.1,112,58
11/7/2016 20:00,-5.9,967.5,24.3,114,64
11/7/2016 21:00,-6.2,967.2,21.6,115,71
11/7/2016 22:00,-6.2,966.9,24.0,111,63
11/7/2016 23:00,-6.6,966.7,26.3,117,61
11/8/2016 0:00,-6.8,966.9,24.5,109,62
11/8/2016 1:00,-6.9,966.8,24.3,104,59
11/8/2016 2:00,-7.5,966.1,25.5,114,64
11/8/2016 3:00,-7.4,966.0,27.2,111,62
11/8/2016 4:00,-7.5,965.9,25.4,110,64
11/8/2016 5:00,-7.3,965.9,25.8,116,63
11/8/2016 6:00,-7.1,965.7,25.2,115,61
11/8/2016 7:00,-6.9,965.6,26.5,125,68
11/8/2016 8:00,-6.3,965.6,25.5,121,65
11/8/2016 9:00,-5.8,965.4,27.1,120,59
11/8/2016 10:00,-5.6,965.6,27.3,118,58
11/8/2016 11:00,-5.5,965.7,26.4,117,60
11/8/2016 12:00,-5.1,965.5,27.7,113,55
11/8/2016 13:00,-5.1,965.5,25.5,111,56
11/8/2016 14:00,-5.1,965.6,24.9,104,57
11/8/2016 15:00,-5.2,965.3,24.2,111,55
11/8/2016 16:00,-5.2,965.0,24.5,112,54
11/8/2016 17:00,-5.2,965.1,21.2,114,55
11/8/2016 18:00,-5.6,965.3,22.8,101,54
11/8/2016 19:00,-6.0,965.7,22.5,105,55
11/8/2016 20:00,-6.4,966.0,19.0,113,60
11/8/2016 21:00,-6.5,966.4,19.4,115,60
11/8/2016 22:00,-6.6,966.6,15.5,120,60
11/8/2016 23:00,-6.7,966.9,18.2,123,57
11/9/2016 0:00,-6.8,967.0,20.6,117,55
11/9/2016 1:00,-7.0,967.1,21.3,116,53
11/9/2016 2:00,-7.1,967.4,22.1,117,51
11/9/2016 3:00,-7.2,967.7,20.2,121,48
11/9/2016 4:00,-6.9,968.0,21.4,120,47
11/9/2016 5:00,-6.5,968.7,24.9,113,43
11/9/2016 6:00,-6.1,969.6,24.5,118,43
11/9/2016 7:00,-5.8,970.2,24.9,114,46
11/9/2016 8:00,-5.3,970.6,24.6,116,47
11/9/2016 9:00,-4.9,971.4,23.6,114,48
11/9/2016 10:00,-4.6,972.1,23.4,104,48
11/9/2016 11:00,-4.3,972.4,24.4,98,45
11/9/2016 12:00,-4.2,972.9,26.4,97,45
11/9/2016 13:00,-4.3,973.5,27.1,104,45
11/9/2016 14:00,-4.1,973.8,25.9,104,48
11/9/2016 15:00,-4.2,974.3,23.2,103,50
11/9/2016 16:00,-4.6,975.0,22.9,99,52
11/9/2016 17:00,-4.6,975.7,24.0,96,53
11/9/2016 18:00,-5.0,976.2,24.8,114,56
11/9/2016 19:00,-5.5,976.8,23.4,117,57
11/9/2016 20:00,-5.8,977.4,24.1,115,55
11/9/2016 21:00,-6.0,978.0,26.0,115,53
11/9/2016 22:00,-6.2,978.5,22.9,116,53
11/9/2016 23:00,-6.3,978.7,27.0,126,48
11/10/2016 0:00,-6.3,979.1,26.2,128,47
11/10/2016 1:00,-6.3,979.2,25.2,120,44
11/10/2016 2:00,-6.1,979.5,29.2,124,37
11/10/2016 3:00,-5.6,979.6,26.6,115,33
11/10/2016 4:00,-5.8,980.0,24.1,113,40
11/10/2016 5:00,-5.5,980.2,23.3,106,34
11/10/2016 6:00,-4.6,979.6,19.5,105,38
11/10/2016 7:00,-3.5,979.7,24.8,105,34
11/10/2016 8:00,-2.4,979.1,22.7,104,32
11/10/2016 9:00,-1.8,978.4,21.4,87,33
11/10/2016 10:00,-0.6,977.9,25.0,86,32
11/10/2016 11:00,-0.1,977.4,21.0,105,30
11/10/2016 12:00,0.4,976.8,18.6,72,31
11/10/2016 13:00,0.1,976.5,19.4,61,31
11/10/2016 14:00,-0.3,976.2,14.0,82,32
11/10/2016 15:00,-1.0,975.6,13.2,38,32
11/10/2016 16:00,-2.1,975.1,11.0,193,37
11/10/2016 17:00,-2.0,974.8,13.8,256,38
11/10/2016 18:00,-1.7,974.3,13.1,153,49
11/10/2016 19:00,-1.8,973.6,23.7,154,47
11/10/2016 20:00,-2.2,973.4,25.7,149,45
11/10/2016 21:00,-2.8,973.7,21.8,144,47
11/10/2016 22:00,-2.9,973.9,25.4,151,44
11/10/2016 23:00,-3.4,974.5,14.7,92,47
11/11/2016 0:00,-4.0,974.9,14.1,117,50
11/11/2016 1:00,-5.1,975.4,17.5,93,51
11/11/2016 2:00,-6.3,975.8,17.2,115,55
11/11/2016 3:00,-6.8,976.2,21.8,127,56
11/11/2016 4:00,-5.7,976.6,20.1,122,52
11/11/2016 5:00,-5.0,977.1,21.1,114,50
11/11/2016 6:00,-4.4,977.8,19.6,111,49
11/11/2016 7:00,-4.0,978.7,18.0,37,51
11/11/2016 8:00,-6.1,979.7,13.0,325,58
11/11/2016 9:00,-5.4,980.5,14.7,358,55
11/11/2016 10:00,-5.7,980.9,15.6,5,58
11/11/2016 11:00,-6.0,981.3,16.0,2,61
11/11/2016 12:00,-5.3,981.7,15.2,4,61
11/11/2016 13:00,-5.5,981.9,15.1,7,61
11/11/2016 14:00,-5.8,982.0,15.7,3,65
11/11/2016 15:00,-6.2,982.1,15.3,358,69
11/11/2016 16:00,-6.7,982.4,14.9,355,73
11/11/2016 17:00,-7.2,983.0,14.2,320,75
11/11/2016 18:00,-7.8,983.2,14.0,309,78
11/11/2016 19:00,-8.0,983.8,11.8,283,78
11/11/2016 20:00,-8.7,983.8,12.9,300,80
11/11/2016 21:00,-9.1,984.0,13.3,303,78
11/11/2016 22:00,-9.6,984.0,10.3,313,77
11/11/2016 23:00,-9.8,984.1,9.1,27,76
11/12/2016 0:00,-10.0,984.2,5.9,99,75
11/12/2016 1:00,-10.3,984.2,8.9,120,76
11/12/2016 2:00,-10.4,984.1,8.5,162,77
11/12/2016 3:00,-10.1,983.7,9.6,318,77
11/12/2016 4:00,-9.1,983.9,7.0,39,75
11/12/2016 5:00,-6.8,984.0,9.0,5,68
11/12/2016 6:00,-3.8,983.9,9.6,34,54
11/12/2016 7:00,-1.1,983.9,12.2,81,45
11/12/2016 8:00,0.5,983.6,16.2,107,38
11/12/2016 9:00,1.1,984.0,15.4,113,35
11/12/2016 10:00,1.5,983.7,14.3,131,26
11/12/2016 11:00,1.5,983.7,12.2,126,27
11/12/2016 12:00,1.5,983.9,13.0,147,27
11/12/2016 13:00,1.5,983.7,10.8,149,30
11/12/2016 14:00,1.8,983.6,10.0,251,31
11/12/2016 15:00,2.7,983.3,13.9,320,27
11/12/2016 16:00,1.9,983.3,16.3,246,38
11/12/2016 17:00,1.3,983.5,18.6,257,35
11/12/2016 18:00,1.0,983.7,12.5,278,40
11/12/2016 19:00,-0.3,983.9,11.9,176,56
11/12/2016 20:00,-1.0,984.1,17.0,165,54
11/12/2016 21:00,-1.5,984.2,18.3,182,52
11/12/2016 22:00,-0.8,984.7,23.8,161,45
11/12/2016 23:00,-2.5,985.2,22.6,173,47
11/13/2016 0:00,-2.1,985.8,24.5,162,42
11/13/2016 1:00,-2.4,986.0,22.3,173,38
11/13/2016 2:00,-3.4,986.2,24.0,175,40
11/13/2016 3:00,-4.0,986.3,25.4,180,41
11/13/2016 4:00,-2.9,986.7,25.2,173,34
11/13/2016 5:00,-2.9,986.6,24.7,173,37
11/13/2016 6:00,-2.4,986.7,24.1,174,37
11/13/2016 7:00,-1.6,986.7,24.0,174,38
11/13/2016 8:00,-0.8,986.7,20.3,174,38
11/13/2016 9:00,0.2,986.5,19.2,173,40
11/13/2016 10:00,1.2,986.5,17.0,173,37
11/13/2016 11:00,3.1,986.4,14.1,1,37
11/13/2016 12:00,3.3,986.5,15.8,4,38
11/13/2016 13:00,2.8,986.7,15.2,358,33
11/13/2016 14:00,2.5,986.8,11.1,306,34
11/13/2016 15:00,2.4,986.8,12.9,1,37
11/13/2016 16:00,1.6,986.6,11.4,357,38
11/13/2016 17:00,1.2,986.7,5.8,124,40
11/13/2016 18:00,0.7,986.8,12.7,113,44
11/13/2016 19:00,0.1,987.0,17.7,87,38
11/13/2016 20:00,-0.8,987.4,20.8,114,43
11/13/2016 21:00,-1.8,987.8,23.8,126,41
11/13/2016 22:00,-2.9,987.6,25.3,118,45
11/13/2016 23:00,-2.6,988.0,30.9,134,40
11/14/2016 0:00,-3.2,987.7,34.1,136,38
11/14/2016 1:00,-3.4,988.1,33.1,132,37
11/14/2016 2:00,-3.5,988.9,29.1,124,35
11/14/2016 3:00,-3.5,989.0,27.2,120,34
11/14/2016 4:00,-3.1,988.9,25.8,109,34
11/14/2016 5:00,-3.4,989.0,30.9,127,34
11/14/2016 6:00,-3.1,989.3,28.2,119,34
11/14/2016 7:00,-2.9,988.9,29.5,120,37
11/14/2016 8:00,-2.6,989.1,32.1,112,36
11/14/2016 9:00,-2.1,989.1,30.6,113,37
11/14/2016 10:00,-1.9,989.2,29.0,84,41
11/14/2016 11:00,-1.7,989.5,30.8,90,41
11/14/2016 12:00,-1.6,989.1,28.4,98,41
11/14/2016 13:00,-1.5,988.4,24.3,102,42
11/14/2016 14:00,-1.3,987.9,25.0,108,45
11/14/2016 15:00,-1.7,987.6,28.7,93,44
11/14/2016 16:00,-1.7,987.2,22.5,103,44
11/14/2016 17:00,-1.8,986.9,23.4,105,42
11/14/2016 18:00,-2.0,986.8,21.1,111,44
11/14/2016 19:00,-2.5,986.5,24.5,113,41
11/14/2016 20:00,-3.0,986.3,23.8,114,41
11/14/2016 21:00,-3.6,986.2,21.6,103,42
11/14/2016 22:00,-4.5,986.0,16.3,118,49
11/14/2016 23:00,-5.5,985.7,17.0,112,52
11/15/2016 0:00,-4.1,984.8,23.6,124,36
11/15/2016 1:00,-4.2,984.6,24.9,135,39
11/15/2016 2:00,-4.1,984.3,27.9,140,37
11/15/2016 3:00,-3.8,984.3,28.7,140,35
11/15/2016 4:00,-3.5,984.0,29.0,144,35
11/15/2016 5:00,-3.2,984.2,27.2,135,34
11/15/2016 6:00,-3.0,984.4,30.2,137,32
11/15/2016 7:00,-2.5,985.0,22.1,113,37
11/15/2016 8:00,-1.9,985.0,23.4,110,34
11/15/2016 9:00,-1.6,985.1,22.1,107,34
11/15/2016 10:00,-0.7,985.4,26.9,76,32
11/15/2016 11:00,0.3,985.3,24.0,73,33
11/15/2016 12:00,0.4,985.2,21.6,73,35
11/15/2016 13:00,0.2,985.4,21.0,75,38
11/15/2016 14:00,-0.1,985.5,22.3,79,38
11/15/2016 15:00,-1.2,985.6,26.3,64,42
11/15/2016 16:00,-1.2,985.9,23.1,82,44
11/15/2016 17:00,-1.6,986.0,20.1,80,45
11/15/2016 18:00,-2.4,986.5,17.6,63,52
11/15/2016 19:00,-3.1,986.8,13.3,80,55
11/15/2016 20:00,-3.6,987.0,13.0,72,56
11/15/2016 21:00,-4.4,987.2,11.7,71,56
11/15/2016 22:00,-4.4,987.3,14.3,110,55
11/15/2016 23:00,-4.3,987.4,16.2,112,48
11/16/2016 0:00,-4.2,987.5,14.2,121,45
11/16/2016 1:00,-4.6,987.6,22.7,155,43
11/16/2016 2:00,-4.8,987.7,23.7,148,45
11/16/2016 3:00,-4.2,987.6,21.2,157,44
11/16/2016 4:00,-4.0,987.4,23.2,158,40
11/16/2016 5:00,-3.8,987.4,25.3,154,38
11/16/2016 6:00,-2.4,987.4,18.8,131,37
11/16/2016 7:00,-1.3,987.3,19.4,111,38
11/16/2016 8:00,-1.3,987.7,24.1,88,39
11/16/2016 9:00,-0.3,987.3,20.4,93,38
11/16/2016 10:00,0.0,987.3,15.3,71,44
11/16/2016 11:00,-0.1,987.1,10.8,50,45
11/16/2016 12:00,0.8,986.7,13.0,24,45
11/16/2016 13:00,1.0,986.1,9.5,39,42
11/16/2016 14:00,0.9,985.6,10.2,339,44
11/16/2016 15:00,1.7,985.3,11.7,79,44
11/16/2016 16:00,0.8,984.9,13.5,44,47
11/16/2016 17:00,0.7,984.4,11.7,86,41
11/16/2016 18:00,-0.1,984.1,8.9,127,47
11/16/2016 19:00,-0.6,984.1,10.3,38,46
11/16/2016 20:00,-0.9,984.0,11.4,112,52
11/16/2016 21:00,-1.8,983.7,17.8,101,57
11/16/2016 22:00,-2.6,983.1,15.6,107,59
11/16/2016 23:00,-2.7,982.6,18.8,110,55
11/17/2016 0:00,-2.9,982.2,18.2,130,55
11/17/2016 1:00,-2.6,981.3,16.4,124,52
11/17/2016 2:00,-2.2,980.7,14.9,104,55
11/17/2016 3:00,-1.5,979.7,19.7,111,51
11/17/2016 4:00,-1.0,979.2,20.7,114,48
11/17/2016 5:00,-1.0,978.5,19.2,116,49
11/17/2016 6:00,-0.5,977.6,20.5,125,43
11/17/2016 7:00,-0.1,977.4,22.3,114,41
11/17/2016 8:00,-0.1,977.1,25.6,95,38
11/17/2016 9:00,-0.9,976.6,17.3,79,53
11/17/2016 10:00,-0.7,976.1,25.4,92,38
11/17/2016 11:00,-1.1,975.9,23.3,88,44
11/17/2016 12:00,-0.6,975.4,19.0,85,50
11/17/2016 13:00,-0.9,975.0,19.0,99,51
11/17/2016 14:00,-1.2,974.6,24.6,109,52
11/17/2016 15:00,-1.9,974.7,26.5,106,62
11/17/2016 16:00,-2.3,974.5,22.9,110,68
11/17/2016 17:00,-2.2,974.1,25.4,114,69
11/17/2016 18:00,-2.3,974.3,24.5,116,68
11/17/2016 19:00,-2.5,974.3,22.1,125,74
11/17/2016 20:00,-3.0,974.1,28.9,134,79
11/17/2016 21:00,-3.2,974.1,28.8,131,80
11/17/2016 22:00,-2.8,973.8,23.2,127,66
11/17/2016 23:00,-3.0,973.5,31.2,132,71
11/18/2016 0:00,-2.9,973.6,26.3,122,75
11/18/2016 1:00,-3.1,973.5,30.9,134,73
11/18/2016 2:00,-2.3,973.9,24.1,117,62
11/18/2016 3:00,-2.7,974.1,24.4,125,72
11/18/2016 4:00,-3.1,974.1,31.3,138,78
11/18/2016 5:00,-2.6,974.3,27.2,134,70
11/18/2016 6:00,-1.8,974.8,23.5,122,60
11/18/2016 7:00,-1.4,975.2,20.1,117,59
11/18/2016 8:00,-1.4,975.5,24.4,127,55
11/18/2016 9:00,-1.6,975.9,22.9,125,51
11/18/2016 10:00,-1.4,976.2,19.0,112,51
11/18/2016 11:00,-0.8,976.0,21.3,103,49
11/18/2016 12:00,-0.9,975.9,21.5,100,48
11/18/2016 13:00,-0.7,975.7,21.6,96,48
11/18/2016 14:00,-1.0,975.7,19.1,105,52
11/18/2016 15:00,-1.0,975.6,16.6,105,51
11/18/2016 16:00,-0.7,975.7,16.0,104,50
11/18/2016 17:00,-1.0,976.0,14.4,91,49
11/18/2016 18:00,-1.3,976.0,14.3,81,51
11/18/2016 19:00,-1.7,976.0,14.0,98,49
11/18/2016 20:00,-2.6,975.8,14.7,151,54
11/18/2016 21:00,-3.1,975.9,13.5,157,50
11/18/2016 22:00,-4.0,975.8,16.7,183,55
11/18/2016 23:00,-3.7,975.6,14.4,175,46
11/19/2016 0:00,-4.3,975.6,10.7,141,45
11/19/2016 1:00,-4.6,975.3,20.9,170,41
11/19/2016 2:00,-4.0,975.1,25.9,169,39
11/19/2016 3:00,-3.8,975.1,30.2,165,37
11/19/2016 4:00,-3.7,975.3,26.8,168,39
11/19/2016 5:00,-3.1,975.5,25.4,171,38
11/19/2016 6:00,-2.6,976.7,24.1,140,39
11/19/2016 7:00,-1.5,977.3,15.2,128,35
11/19/2016 8:00,-1.4,977.3,17.3,155,39
11/19/2016 9:00,-0.7,977.1,17.2,151,41
11/19/2016 10:00,0.3,977.2,15.4,115,38
11/19/2016 11:00,-0.8,977.1,14.0,122,39
11/19/2016 12:00,-0.4,977.0,15.6,112,37
11/19/2016 13:00,-0.3,976.9,16.1,101,36
11/19/2016 14:00,0.2,976.6,13.9,119,36
11/19/2016 15:00,0.4,976.4,19.7,82,35
11/19/2016 16:00,0.5,976.1,12.4,114,32
11/19/2016 17:00,-0.5,975.6,12.1,172,44
11/19/2016 18:00,-1.4,975.4,16.5,173,47
11/19/2016 19:00,-1.8,975.3,19.7,164,44
11/19/2016 20:00,-1.8,975.7,18.2,119,41
11/19/2016 21:00,-2.8,976.0,13.3,115,53
11/19/2016 22:00,-3.8,976.1,21.4,132,51
11/19/2016 23:00,-4.6,976.6,19.5,108,56
11/20/2016 0:00,-4.6,976.9,19.2,123,54
11/20/2016 1:00,-4.6,977.1,22.9,126,55
11/20/2016 2:00,-5.0,977.1,24.0,133,58
11/20/2016 3:00,-4.9,977.0,20.3,124,60
11/20/2016 4:00,-4.8,977.1,26.4,136,59
11/20/2016 5:00,-4.7,977.4,21.9,127,63
11/20/2016 6:00,-4.1,977.4,18.9,114,61
11/20/2016 7:00,-3.4,977.4,21.1,113,56
11/20/2016 8:00,-3.0,977.4,20.8,111,49
11/20/2016 9:00,-2.4,977.3,21.9,104,46
11/20/2016 10:00,-2.2,977.3,26.5,87,41
11/20/2016 11:00,-1.0,977.0,25.1,74,36
11/20/2016 12:00,-1.0,976.6,23.8,94,32
11/20/2016 13:00,0.0,976.3,21.2,77,33
11/20/2016 14:00,-0.3,975.8,17.7,78,37
11/20/2016 15:00,-0.7,975.3,16.3,62,38
11/20/2016 16:00,-1.8,975.1,13.9,42,41
11/20/2016 17:00,-2.1,974.8,12.0,20,46
11/20/2016 18:00,-2.3,974.6,11.8,190,47
11/20/2016 19:00,-2.6,974.3,12.3,172,52
11/20/2016 20:00,-3.0,973.9,14.6,177,46
11/20/2016 21:00,-3.8,973.6,10.0,201,48
11/20/2016 22:00,-5.6,973.2,17.8,188,51
11/20/2016 23:00,-6.1,972.8,16.8,193,53
11/21/2016 0:00,-6.2,972.6,17.3,192,51
11/21/2016 1:00,-5.5,972.5,20.0,184,42
11/21/2016 2:00,-4.4,972.4,18.5,163,44
11/21/2016 3:00,-4.9,972.0,18.9,172,42
11/21/2016 4:00,-4.3,971.9,21.5,175,39
11/21/2016 5:00,-3.5,972.5,10.7,53,39
11/21/2016 6:00,-3.2,972.7,5.8,51,49
11/21/2016 7:00,-1.5,972.5,22.4,121,31
11/21/2016 8:00,-1.4,973.0,24.8,113,29
11/21/2016 9:00,-1.3,973.0,25.7,94,30
11/21/2016 10:00,-1.4,972.8,23.4,94,32
11/21/2016 11:00,-0.3,972.7,23.4,85,29
11/21/2016 12:00,-0.7,972.5,22.0,84,34
11/21/2016 13:00,-0.8,972.3,21.4,97,27
11/21/2016 14:00,-1.1,972.1,21.4,78,29
11/21/2016 15:00,-1.3,971.8,15.8,126,32
11/21/2016 16:00,-1.1,971.7,14.3,131,34
11/21/2016 17:00,-1.0,971.5,15.5,138,37
11/21/2016 18:00,-1.4,971.4,17.5,152,44
11/21/2016 19:00,-1.7,971.5,12.7,122,43
11/21/2016 20:00,-3.3,971.4,19.5,171,41
11/21/2016 21:00,-4.6,971.2,21.2,182,49
11/21/2016 22:00,-4.6,971.1,20.6,179,46
11/21/2016 23:00,-5.4,971.1,23.8,182,43
11/22/2016 0:00,-6.9,971.2,28.9,183,47
11/22/2016 1:00,-6.0,971.1,24.3,175,41
11/22/2016 2:00,-6.2,971.2,26.0,175,40
11/22/2016 3:00,-5.3,971.4,23.7,175,36
11/22/2016 4:00,-5.4,971.6,25.4,176,36
11/22/2016 5:00,-5.2,971.7,25.5,175,37
11/22/2016 6:00,-4.4,971.9,21.4,174,41
11/22/2016 7:00,-3.0,972.1,18.3,172,35
11/22/2016 8:00,-2.3,972.8,18.1,5,60
11/22/2016 9:00,-2.2,972.9,10.1,131,37
11/22/2016 10:00,-0.1,973.0,14.0,355,35
11/22/2016 11:00,-0.2,972.9,15.9,356,28
11/22/2016 12:00,-0.8,972.7,18.3,318,32
11/22/2016 13:00,-0.1,972.4,15.5,299,32
11/22/2016 14:00,0.0,972.1,17.1,285,35
11/22/2016 15:00,-1.0,971.7,20.5,314,37
11/22/2016 16:00,-1.7,971.3,18.0,307,42
11/22/2016 17:00,-1.2,971.0,7.9,333,41
11/22/2016 18:00,-1.8,970.9,20.5,171,48
11/22/2016 19:00,-3.5,971.3,17.1,108,53
11/22/2016 20:00,-4.0,971.2,15.7,127,55
11/22/2016 21:00,-4.6,971.0,12.4,115,52
11/22/2016 22:00,-4.9,971.1,8.5,297,49
11/22/2016 23:00,-4.0,971.3,14.9,110,41
11/23/2016 0:00,-5.1,970.7,23.7,172,37
11/23/2016 1:00,-5.1,970.6,24.9,167,33
11/23/2016 2:00,-5.5,970.3,31.2,162,31
11/23/2016 3:00,-5.9,970.2,32.0,167,33
11/23/2016 4:00,-5.9,970.3,28.4,165,41
11/23/2016 5:00,-5.5,970.2,29.1,163,41
11/23/2016 6:00,-4.9,970.3,29.0,155,42
11/23/2016 7:00,-3.3,970.8,27.8,130,30
11/23/2016 8:00,-3.0,970.9,25.5,129,36
11/23/2016 9:00,-2.5,971.2,28.8,115,31
11/23/2016 10:00,-2.2,971.2,25.6,112,33
11/23/2016 11:00,-1.9,971.2,24.3,117,35
11/23/2016 12:00,-1.6,971.1,20.5,104,30
11/23/2016 13:00,-0.8,971.1,16.5,107,29
11/23/2016 14:00,-0.6,971.1,14.2,50,33
11/23/2016 15:00,-1.9,971.0,14.5,359,39
11/23/2016 16:00,-2.7,971.0,14.1,359,56
11/23/2016 17:00,-3.2,970.7,13.4,329,57
11/23/2016 18:00,-3.7,970.6,11.4,277,60
11/23/2016 19:00,-4.0,970.2,14.4,189,54
11/23/2016 20:00,-4.6,970.0,13.1,323,58
11/23/2016 21:00,-5.8,969.8,16.2,184,44
11/23/2016 22:00,-6.0,969.9,11.1,97,58
11/23/2016 23:00,-6.8,970.0,11.5,145,53
11/24/2016 0:00,-7.3,970.2,10.1,46,50
11/24/2016 1:00,-8.9,970.6,15.4,112,67
11/24/2016 2:00,-8.9,970.9,14.9,76,64
11/24/2016 3:00,-8.4,971.1,16.0,170,41
11/24/2016 4:00,-8.1,971.5,8.9,55,59
11/24/2016 5:00,-7.5,971.8,9.5,334,55
11/24/2016 6:00,-6.7,972.2,13.5,16,58
11/24/2016 7:00,-6.2,972.7,12.9,85,55
11/24/2016 8:00,-7.2,973.4,15.8,35,65
11/24/2016 9:00,-6.2,973.5,12.4,39,59
11/24/2016 10:00,-4.6,973.7,13.6,57,56
11/24/2016 11:00,-4.5,974.1,16.3,68,55
11/24/2016 12:00,-4.8,974.3,14.9,87,58
11/24/2016 13:00,-6.4,974.4,16.7,62,66
11/24/2016 14:00,-6.3,974.4,16.9,70,64
11/24/2016 15:00,-6.2,974.4,13.4,83,61
11/24/2016 16:00,-6.6,974.5,17.7,81,62
11/24/2016 17:00,-7.2,974.8,20.9,84,62
11/24/2016 18:00,-8.0,974.7,18.0,117,65
11/24/2016 19:00,-8.1,974.7,16.9,119,64
11/24/2016 20:00,-8.4,974.7,19.1,130,65
11/24/2016 21:00,-8.7,974.7,15.9,128,66
11/24/2016 22:00,-8.8,974.5,13.4,113,67
11/24/2016 23:00,-8.7,974.4,13.3,132,64
11/25/2016 0:00,-9.3,974.1,19.0,168,58
11/25/2016 1:00,-9.0,974.0,18.0,170,57
11/25/2016 2:00,-9.5,973.9,22.9,164,53
11/25/2016 3:00,-9.5,974.1,20.4,141,57
11/25/2016 4:00,-8.6,974.2,18.7,126,51
11/25/2016 5:00,-8.5,974.3,20.3,119,56
11/25/2016 6:00,-7.9,974.4,20.1,110,53
11/25/2016 7:00,-7.5,974.7,19.3,110,57
11/25/2016 8:00,-7.7,974.8,19.6,95,57
11/25/2016 9:00,-6.6,974.6,18.5,111,54
11/25/2016 10:00,-5.9,974.3,21.1,89,54
11/25/2016 11:00,-3.9,974.2,20.0,76,49
11/25/2016 12:00,-2.8,974.2,20.1,87,46
11/25/2016 13:00,-3.6,974.1,14.2,87,49
11/25/2016 14:00,-3.1,973.9,19.6,68,46
11/25/2016 15:00,-3.6,973.7,16.5,82,45
11/25/2016 16:00,-3.8,973.5,18.5,75,43
11/25/2016 17:00,-4.5,973.6,16.0,86,43
11/25/2016 18:00,-5.1,973.5,15.7,77,43
11/25/2016 19:00,-5.7,973.4,13.4,62,47
11/25/2016 20:00,-5.8,973.2,9.7,147,51
11/25/2016 21:00,-6.4,972.9,14.8,163,59
11/25/2016 22:00,-7.0,972.7,15.3,162,50
11/25/2016 23:00,-7.1,972.5,15.3,176,57
11/26/2016 0:00,-7.7,972.3,15.6,180,57
11/26/2016 1:00,-8.4,972.1,17.0,181,56
11/26/2016 2:00,-8.6,972.0,9.1,22,58
11/26/2016 3:00,-8.4,972.1,8.6,296,69
11/26/2016 4:00,-7.7,972.1,9.2,6,62
11/26/2016 5:00,-7.6,972.5,15.1,98,64
11/26/2016 6:00,-7.3,972.8,11.7,75,60
11/26/2016 7:00,-6.5,972.8,15.6,74,53
11/26/2016 8:00,-5.9,972.8,18.8,100,43
11/26/2016 9:00,-6.2,972.9,21.0,93,48
11/26/2016 10:00,-5.6,972.7,20.3,70,49
11/26/2016 11:00,-6.0,973.0,16.9,104,64
11/26/2016 12:00,-5.9,973.1,21.8,90,54
11/26/2016 13:00,-5.9,973.4,18.5,91,57
11/26/2016 14:00,-5.9,973.6,20.5,69,61
11/26/2016 15:00,-5.8,973.6,17.4,93,63
11/26/2016 16:00,-5.5,973.7,15.3,67,66
11/26/2016 17:00,-5.6,973.9,16.5,68,69
11/26/2016 18:00,-5.6,974.0,12.2,86,69
11/26/2016 19:00,-5.4,974.2,14.4,79,65
11/26/2016 20:00,-5.5,974.5,14.5,77,63
11/26/2016 21:00,-5.8,974.7,14.9,78,62
11/26/2016 22:00,-6.2,974.9,14.1,85,61
11/26/2016 23:00,-6.6,975.0,14.9,117,65
11/27/2016 0:00,-7.5,975.1,18.8,155,56
11/27/2016 1:00,-8.1,975.1,22.1,158,56
11/27/2016 2:00,-7.7,975.0,19.4,156,54
11/27/2016 3:00,-7.2,975.0,18.5,143,48
11/27/2016 4:00,-7.0,974.9,20.9,153,47
11/27/2016 5:00,-5.8,974.9,18.2,125,41
11/27/2016 6:00,-5.3,975.0,23.3,133,41
11/27/2016 7:00,-4.5,975.2,21.1,127,43
11/27/2016 8:00,-3.6,975.3,22.1,114,42
11/27/2016 9:00,-3.0,975.5,19.8,118,39
11/27/2016 10:00,-1.9,975.7,18.8,104,34
11/27/2016 11:00,-0.5,975.8,20.1,84,31
11/27/2016 12:00,0.2,976.0,19.4,68,32
11/27/2016 13:00,-0.2,976.0,17.7,74,39
11/27/2016 14:00,-1.1,976.2,15.8,53,42
11/27/2016 15:00,-1.3,976.2,15.9,71,36
11/27/2016 16:00,-1.6,976.3,12.7,68,35
11/27/2016 17:00,-2.3,976.2,14.6,63,29
11/27/2016 18:00,-2.7,976.4,11.2,62,36
11/27/2016 19:00,-2.7,976.6,5.6,107,41
11/27/2016 20:00,-4.2,976.5,15.3,180,55
11/27/2016 21:00,-6.2,976.6,19.1,181,54
11/27/2016 22:00,-6.6,976.6,19.7,182,53
11/27/2016 23:00,-7.0,976.5,19.3,181,52
11/28/2016 0:00,-7.6,976.1,22.2,180,50
11/28/2016 1:00,-7.5,976.1,20.2,181,48
11/28/2016 2:00,-8.3,975.8,25.6,181,44
11/28/2016 3:00,-6.1,975.7,16.7,175,37
11/28/2016 4:00,-7.0,975.4,22.3,181,41
11/28/2016 5:00,-5.0,975.3,21.1,164,35
11/28/2016 6:00,-4.1,975.5,7.4,7,46
11/28/2016 7:00,-3.0,975.5,13.3,4,45
11/28/2016 8:00,-1.9,975.5,12.0,87,38
11/28/2016 9:00,0.1,975.3,18.5,76,34
11/28/2016 10:00,-0.2,975.2,19.6,63,28
11/28/2016 11:00,-1.2,975.1,15.1,358,49
11/28/2016 12:00,-2.1,975.0,13.7,22,48
11/28/2016 13:00,-2.9,975.0,13.9,349,51
11/28/2016 14:00,-3.2,974.7,13.7,3,47
11/28/2016 15:00,-3.1,974.4,14.8,356,53
11/28/2016 16:00,-3.9,974.0,12.8,0,59
11/28/2016 17:00,-4.7,973.9,9.3,321,67
11/28/2016 18:00,-5.2,973.5,14.4,321,70
11/28/2016 19:00,-5.5,973.3,15.4,323,72
11/28/2016 20:00,-5.6,973.0,10.7,292,71
11/28/2016 21:00,-6.0,972.7,11.6,16,72
11/28/2016 22:00,-6.7,972.7,10.0,30,72
11/28/2016 23:00,-7.0,972.5,9.1,27,72
11/29/2016 0:00,-7.3,972.3,10.9,355,73
11/29/2016 1:00,-7.9,972.2,7.4,177,74
11/29/2016 2:00,-8.0,971.7,9.0,49,77
11/29/2016 3:00,-7.4,971.5,10.3,358,69
11/29/2016 4:00,-4.6,970.9,21.1,170,36
11/29/2016 5:00,-4.3,971.2,10.4,359,55
11/29/2016 6:00,-3.3,971.2,7.1,333,48
11/29/2016 7:00,-2.0,971.4,13.7,69,43
11/29/2016 8:00,-0.1,971.5,21.0,123,35
11/29/2016 9:00,0.1,971.9,22.4,92,28
11/29/2016 10:00,0.6,971.9,18.3,89,30
11/29/2016 11:00,0.9,971.9,15.8,103,28
11/29/2016 12:00,1.3,971.8,16.6,115,31
11/29/2016 13:00,2.6,971.6,17.1,47,35
11/29/2016 14:00,1.0,971.8,14.0,23,38
11/29/2016 15:00,1.0,971.5,14.4,6,38
11/29/2016 16:00,0.7,971.3,13.6,357,46
11/29/2016 17:00,-0.1,971.2,12.8,347,49
11/29/2016 18:00,0.4,971.1,13.9,171,48
11/29/2016 19:00,-0.8,970.9,17.5,183,49
11/29/2016 20:00,-2.5,970.8,22.2,189,46
11/29/2016 21:00,-2.5,970.6,20.7,172,41
11/29/2016 22:00,-2.3,970.8,18.7,178,42
11/29/2016 23:00,-3.8,970.8,22.5,177,40
11/30/2016 0:00,-4.9,970.6,26.7,181,39
11/30/2016 1:00,-5.4,970.2,27.0,180,39
11/30/2016 2:00,-5.1,969.8,28.1,181,37
11/30/2016 3:00,-4.9,969.7,27.9,178,38
11/30/2016 4:00,-3.7,969.9,27.6,174,33
11/30/2016 5:00,-3.9,970.1,25.5,180,41
11/30/2016 6:00,-1.6,970.5,19.5,170,32
11/30/2016 7:00,-0.8,970.7,22.5,173,38
11/30/2016 8:00,0.0,970.8,22.4,167,37
11/30/2016 9:00,1.4,971.1,17.3,169,35
11/30/2016 10:00,1.8,971.3,13.6,177,40
11/30/2016 11:00,3.1,971.4,19.2,101,28
11/30/2016 12:00,3.1,971.6,17.3,125,28
11/30/2016 13:00,3.4,971.5,17.3,84,30
11/30/2016 14:00,3.8,971.4,14.0,47,38
11/30/2016 15:00,2.8,971.0,12.3,354,38
11/30/2016 16:00,2.6,970.8,11.4,244,44
11/30/2016 17:00,2.3,970.4,16.4,212,44
11/30/2016 18:00,1.4,970.6,14.2,64,48
11/30/2016 19:00,0.9,970.5,13.1,152,46
11/30/2016 20:00,0.8,970.7,8.8,79,46
11/30/2016 21:00,-0.1,970.9,17.3,167,54
11/30/2016 22:00,-0.9,971.2,18.5,164,56
11/30/2016 23:00,-1.1,971.0,19.8,169,44
12/1/2016 0:00,-1.6,971.0,26.6,165,41
12/1/2016 1:00,-1.8,971.3,23.9,171,42
12/1/2016 2:00,-1.5,971.6,25.2,170,39
12/1/2016 3:00,-1.6,971.8,27.7,169,41
12/1/2016 4:00,-0.9,972.2,30.1,163,41
12/1/2016 5:00,-0.2,972.8,28.3,158,42
12/1/2016 6:00,0.5,973.2,26.9,160,44
12/1/2016 7:00,1.8,973.2,25.0,163,41
12/1/2016 8:00,2.3,973.8,23.1,143,46
12/1/2016 9:00,3.8,973.8,19.7,129,41
12/1/2016 10:00,3.6,974.1,21.0,128,45
12/1/2016 11:00,4.1,974.6,25.0,107,44
12/1/2016 12:00,3.4,975.1,24.2,105,50
12/1/2016 13:00,3.4,975.8,25.7,112,50
12/1/2016 14:00,3.3,976.2,20.3,111,52
12/1/2016 15:00,3.6,976.3,21.3,101,50
12/1/2016 16:00,3.8,976.6,21.9,103,46
12/1/2016 17:00,3.6,977.0,25.5,105,48
12/1/2016 18:00,2.7,977.5,24.2,108,53
12/1/2016 19:00,2.0,977.8,23.7,113,58
12/1/2016 20:00,1.5,978.5,21.4,116,61
12/1/2016 21:00,1.3,979.0,19.9,115,62
12/1/2016 22:00,0.6,979.3,19.8,114,69
12/1/2016 23:00,0.0,979.5,23.0,127,75
12/2/2016 0:00,0.2,979.1,26.1,132,69
12/2/2016 1:00,0.9,978.7,23.8,136,60
12/2/2016 2:00,1.3,978.6,20.1,127,57
12/2/2016 3:00,0.9,978.9,17.8,109,59
12/2/2016 4:00,0.4,978.6,16.2,112,60
12/2/2016 5:00,0.8,978.1,21.4,95,57
12/2/2016 6:00,1.2,977.4,22.9,119,55
12/2/2016 7:00,0.9,977.7,20.2,105,60
12/2/2016 8:00,0.8,977.3,16.6,101,61
12/2/2016 9:00,1.5,976.7,27.8,113,52
12/2/2016 10:00,1.3,976.8,26.3,96,52
12/2/2016 11:00,1.5,976.6,24.8,89,55
12/2/2016 12:00,1.5,976.0,26.0,94,49
12/2/2016 13:00,1.6,975.6,27.3,92,46
12/2/2016 14:00,1.8,975.3,24.4,98,49
12/2/2016 15:00,1.9,974.9,27.8,88,46
12/2/2016 16:00,1.8,974.8,24.1,81,52
12/2/2016 17:00,1.4,974.7,19.9,90,53
12/2/2016 18:00,0.9,974.5,18.5,79,60
12/2/2016 19:00,0.8,974.4,18.5,104,53
12/2/2016 20:00,0.5,974.5,16.1,110,55
12/2/2016 21:00,0.1,974.7,16.4,61,59
12/2/2016 22:00,-0.8,974.9,12.8,59,63
12/2/2016 23:00,-1.5,975.4,15.4,96,60
12/3/2016 0:00,-1.2,975.6,21.4,100,56
12/3/2016 1:00,-1.3,976.0,20.3,98,56
12/3/2016 2:00,-1.2,976.4,20.0,103,54
12/3/2016 3:00,-1.0,976.4,19.1,109,51
12/3/2016 4:00,-0.8,976.6,17.0,97,53
12/3/2016 5:00,-1.2,976.8,15.7,38,59
12/3/2016 6:00,-1.8,977.6,16.0,51,58
12/3/2016 7:00,-0.3,977.6,12.7,42,54
12/3/2016 8:00,1.8,977.7,17.6,74,49
12/3/2016 9:00,2.5,977.7,24.0,93,40
12/3/2016 10:00,2.9,977.5,25.0,99,38
12/3/2016 11:00,3.3,977.4,25.6,90,38
12/3/2016 12:00,3.8,977.1,25.4,85,35
12/3/2016 13:00,4.5,976.8,19.1,75,39
12/3/2016 14:00,4.4,976.5,21.2,81,39
12/3/2016 15:00,4.2,976.1,22.1,93,38
12/3/2016 16:00,3.6,976.0,19.9,90,38
12/3/2016 17:00,3.1,975.7,16.5,139,50
12/3/2016 18:00,2.8,975.4,14.9,116,46
12/3/2016 19:00,2.7,975.5,16.0,95,43
12/3/2016 20:00,2.4,975.2,13.8,118,46
12/3/2016 21:00,1.6,975.1,16.2,122,49
12/3/2016 22:00,1.7,974.9,20.2,114,41
12/3/2016 23:00,1.6,974.8,20.1,115,39
12/4/2016 0:00,1.6,974.5,19.7,119,40
12/4/2016 1:00,1.3,973.7,25.8,157,38
12/4/2016 2:00,0.9,974.0,27.6,155,38
12/4/2016 3:00,1.0,974.0,26.3,157,35
12/4/2016 4:00,0.7,974.0,27.4,155,35
12/4/2016 5:00,1.9,974.4,22.7,133,34
12/4/2016 6:00,2.4,974.6,17.2,130,30
12/4/2016 7:00,2.7,973.9,14.0,173,42
12/4/2016 8:00,3.1,974.2,14.3,118,41
12/4/2016 9:00,2.8,974.5,17.8,123,31
12/4/2016 10:00,3.0,974.2,15.9,107,33
12/4/2016 11:00,3.3,974.0,13.6,122,29
12/4/2016 12:00,2.9,973.8,11.7,152,35
12/4/2016 13:00,3.1,973.4,13.5,155,34
12/4/2016 14:00,3.2,973.1,9.2,178,37
12/4/2016 15:00,3.7,972.7,7.9,207,36
12/4/2016 16:00,4.0,972.6,15.4,346,38
12/4/2016 17:00,3.3,972.6,10.7,353,35
12/4/2016 18:00,3.5,972.5,10.0,207,35
12/4/2016 19:00,3.2,972.7,10.2,211,45
12/4/2016 20:00,1.7,973.0,17.4,187,56
12/4/2016 21:00,2.4,973.3,17.6,154,46
12/4/2016 22:00,1.4,973.5,21.8,149,46
12/4/2016 23:00,1.2,973.7,20.5,146,41
12/5/2016 0:00,0.6,973.9,18.2,168,39
12/5/2016 1:00,0.5,974.4,26.8,153,41
12/5/2016 2:00,-0.1,974.8,26.9,150,42
12/5/2016 3:00,-0.1,975.1,21.8,152,43
12/5/2016 4:00,0.2,975.6,22.5,138,39
12/5/2016 5:00,0.2,975.7,25.3,138,38
12/5/2016 6:00,0.7,975.9,22.6,140,39
12/5/2016 7:00,1.6,976.0,22.5,133,35
12/5/2016 8:00,2.3,976.0,24.4,131,36
12/5/2016 9:00,2.7,975.8,21.5,156,41
12/5/2016 10:00,3.0,975.6,19.4,144,44
12/5/2016 11:00,4.3,975.7,17.7,112,39
12/5/2016 12:00,4.3,976.1,20.6,114,39
12/5/2016 13:00,4.3,976.2,20.8,100,34
12/5/2016 14:00,4.1,976.1,18.3,120,38
12/5/2016 15:00,3.3,976.6,19.4,66,45
12/5/2016 16:00,2.9,976.4,20.0,83,43
12/5/2016 17:00,2.2,976.6,11.4,77,50
12/5/2016 18:00,1.2,976.6,15.0,66,50
12/5/2016 19:00,1.2,976.6,11.1,273,53
12/5/2016 20:00,1.3,976.6,6.7,353,51
12/5/2016 21:00,0.8,976.8,19.2,114,47
12/5/2016 22:00,0.1,976.2,21.1,128,37
12/5/2016 23:00,-0.4,975.6,27.4,146,35
12/6/2016 0:00,-1.9,975.7,28.8,163,38
12/6/2016 1:00,-2.1,975.4,31.1,163,38
12/6/2016 2:00,-1.9,975.1,30.5,153,37
12/6/2016 3:00,-2.0,975.1,27.3,152,42
12/6/2016 4:00,-2.1,975.2,27.6,152,44
12/6/2016 5:00,-0.8,975.7,18.5,101,44
12/6/2016 6:00,-0.4,975.5,16.0,115,43
12/6/2016 7:00,0.4,974.7,21.7,124,38
12/6/2016 8:00,1.3,974.1,22.7,132,35
12/6/2016 9:00,2.0,973.1,23.5,127,36
12/6/2016 10:00,2.4,972.7,24.3,117,36
12/6/2016 11:00,2.9,972.0,22.9,117,37
12/6/2016 12:00,3.0,971.7,19.6,93,37
12/6/2016 13:00,4.7,971.0,19.3,75,31
12/6/2016 14:00,3.4,970.8,17.2,67,34
12/6/2016 15:00,2.9,970.4,11.2,350,38
12/6/2016 16:00,2.1,970.3,13.0,45,42
12/6/2016 17:00,1.7,970.1,14.4,132,41
12/6/2016 18:00,1.6,969.9,12.9,116,39
12/6/2016 19:00,1.4,969.8,14.8,123,42
12/6/2016 20:00,1.0,969.8,15.6,113,48
12/6/2016 21:00,-0.2,969.9,17.4,113,53
12/6/2016 22:00,-0.7,969.8,17.9,114,54
12/6/2016 23:00,-0.8,969.8,17.5,109,52
12/7/2016 0:00,-1.4,969.7,16.2,106,56
12/7/2016 1:00,-1.5,969.7,17.3,104,54
12/7/2016 2:00,-1.5,969.8,20.6,106,58
12/7/2016 3:00,-1.5,970.0,23.6,92,58
12/7/2016 4:00,-1.5,970.3,27.3,101,59
12/7/2016 5:00,-1.5,970.4,20.0,105,58
12/7/2016 6:00,-1.1,970.4,22.1,106,57
12/7/2016 7:00,-0.9,970.6,23.0,101,58
12/7/2016 8:00,-1.0,971.0,20.9,97,60
12/7/2016 9:00,-1.0,971.3,27.0,83,60
12/7/2016 10:00,-1.7,971.4,27.5,96,65
12/7/2016 11:00,-0.9,971.1,25.3,93,61
12/7/2016 12:00,-0.5,971.0,24.0,96,59
12/7/2016 13:00,0.2,971.3,23.6,89,60
12/7/2016 14:00,0.6,971.2,25.6,84,54
12/7/2016 15:00,1.0,970.8,20.2,103,50
12/7/2016 16:00,1.3,970.8,22.4,101,50
12/7/2016 17:00,1.1,971.0,23.0,83,53
12/7/2016 18:00,0.4,971.3,19.9,102,57
12/7/2016 19:00,-0.2,971.7,21.6,110,57
12/7/2016 20:00,-0.5,972.1,21.8,107,59
12/7/2016 21:00,-1.0,972.3,19.2,114,60
12/7/2016 22:00,-1.1,972.4,19.1,109,57
12/7/2016 23:00,-1.2,972.3,18.9,121,55
12/8/2016 0:00,-1.4,972.4,18.8,112,56
12/8/2016 1:00,-1.5,972.6,21.8,114,54
12/8/2016 2:00,-1.7,972.6,21.3,113,54
12/8/2016 3:00,-1.5,972.7,23.3,116,52
12/8/2016 4:00,-1.1,972.7,20.8,108,50
12/8/2016 5:00,-0.5,972.7,19.7,103,47
12/8/2016 6:00,0.0,972.8,17.9,106,45
12/8/2016 7:00,0.7,972.8,23.5,94,43
12/8/2016 8:00,1.2,973.0,21.8,91,42
12/8/2016 9:00,1.1,973.0,24.9,91,40
12/8/2016 10:00,1.7,972.8,18.9,66,44
12/8/2016 11:00,2.5,972.5,18.8,69,43
12/8/2016 12:00,2.3,972.5,15.5,65,46
12/8/2016 13:00,2.7,972.3,18.5,57,47
12/8/2016 14:00,2.3,972.1,17.0,33,47
12/8/2016 15:00,1.2,972.1,14.7,35,55
12/8/2016 16:00,0.9,971.8,11.6,22,57
12/8/2016 17:00,0.4,971.6,14.3,354,63
12/8/2016 18:00,-0.4,971.8,14.9,4,67
12/8/2016 19:00,-1.3,972.3,15.8,8,73
12/8/2016 20:00,-1.7,972.6,17.3,75,69
12/8/2016 21:00,-1.9,972.5,14.9,89,61
12/8/2016 22:00,-2.1,972.4,13.2,103,59
12/8/2016 23:00,-2.1,972.3,14.0,151,60
12/9/2016 0:00,-2.3,972.1,12.7,169,61
12/9/2016 1:00,-2.1,971.5,9.8,110,58
12/9/2016 2:00,-2.1,971.3,6.1,52,59
12/9/2016 3:00,-2.2,971.2,10.7,55,61
12/9/2016 4:00,-2.4,971.2,9.8,11,56
12/9/2016 5:00,-2.0,971.1,9.8,351,55
12/9/2016 6:00,-0.8,971.0,10.9,42,52
12/9/2016 7:00,0.8,970.7,20.2,80,42
12/9/2016 8:00,2.1,970.5,15.1,23,47
12/9/2016 9:00,1.0,970.5,16.4,342,57
12/9/2016 10:00,1.4,970.5,14.1,15,45
12/9/2016 11:00,2.2,970.5,13.4,5,43
12/9/2016 12:00,2.7,970.6,7.9,82,44
12/9/2016 13:00,1.3,970.6,13.2,146,46
12/9/2016 14:00,1.5,970.2,9.3,190,45
12/9/2016 15:00,3.1,970.0,12.6,4,40
12/9/2016 16:00,2.8,969.8,13.7,356,42
12/9/2016 17:00,2.7,969.6,10.3,239,43
12/9/2016 18:00,2.9,969.6,12.6,222,48
12/9/2016 19:00,2.5,969.3,16.7,183,54
12/9/2016 20:00,1.3,969.3,18.4,181,55
12/9/2016 21:00,1.0,969.8,12.5,123,51
12/9/2016 22:00,-0.4,969.7,22.9,183,51
12/9/2016 23:00,-0.3,969.8,15.7,179,48
12/10/2016 0:00,-0.9,969.8,19.9,185,52
12/10/2016 1:00,-1.4,969.7,25.2,183,49
12/10/2016 2:00,-1.7,969.7,26.5,182,44
12/10/2016 3:00,-1.6,969.9,24.6,181,44
12/10/2016 4:00,-0.5,970.1,25.4,174,41
12/10/2016 5:00,0.8,970.3,23.7,171,37
12/10/2016 6:00,1.1,970.8,22.2,173,43
12/10/2016 7:00,2.1,971.4,20.4,164,41
12/10/2016 8:00,3.7,971.8,15.7,127,34
12/10/2016 9:00,3.5,972.2,16.6,137,38
12/10/2016 10:00,5.2,972.4,14.1,27,30
12/10/2016 11:00,4.9,972.3,13.9,357,30
12/10/2016 12:00,5.0,972.4,14.2,4,28
12/10/2016 13:00,4.3,972.4,13.9,336,32
12/10/2016 14:00,4.2,972.4,13.8,318,32
12/10/2016 15:00,3.7,972.4,14.6,324,32
12/10/2016 16:00,3.8,972.3,15.2,269,39
12/10/2016 17:00,2.3,972.2,19.2,320,39
12/10/2016 18:00,1.8,972.0,20.0,312,36
12/10/2016 19:00,1.2,971.9,20.3,301,42
12/10/2016 20:00,1.0,971.8,16.8,310,50
12/10/2016 21:00,0.8,972.0,10.5,114,59
12/10/2016 22:00,-0.1,972.1,11.5,107,62
12/10/2016 23:00,-1.1,972.3,11.3,149,65
12/11/2016 0:00,-1.0,972.1,13.6,169,60
12/11/2016 1:00,-1.3,972.1,15.9,168,59
12/11/2016 2:00,-1.4,972.1,15.1,99,64
12/11/2016 3:00,-1.0,972.1,15.3,121,62
12/11/2016 4:00,-0.8,972.4,13.4,82,54
12/11/2016 5:00,-0.4,972.3,13.9,77,55
12/11/2016 6:00,0.9,972.5,12.3,52,51
12/11/2016 7:00,2.2,972.6,16.0,70,51
12/11/2016 8:00,1.2,972.8,12.3,1,61
12/11/2016 9:00,1.5,972.9,13.2,0,57
12/11/2016 10:00,2.0,973.1,12.2,35,54
12/11/2016 11:00,2.4,973.3,15.3,25,45
12/11/2016 12:00,2.7,973.4,11.7,63,44
12/11/2016 13:00,3.6,973.6,13.4,76,34
12/11/2016 14:00,1.2,973.5,13.6,148,47
12/11/2016 15:00,1.2,973.2,13.9,155,47
12/11/2016 16:00,0.7,973.0,13.3,157,53
12/11/2016 17:00,0.9,972.9,8.5,19,55
12/11/2016 18:00,0.2,972.9,13.1,352,60
12/11/2016 19:00,-0.3,972.7,10.4,49,56
12/11/2016 20:00,-0.7,972.9,10.8,63,59
12/11/2016 21:00,-1.0,973.0,9.0,90,58
12/11/2016 22:00,-1.5,973.1,11.3,141,63
12/11/2016 23:00,-2.0,973.3,11.0,82,74
12/12/2016 0:00,-2.2,973.5,10.1,118,67
12/12/2016 1:00,-2.0,973.6,18.0,164,61
12/12/2016 2:00,-1.5,973.9,18.2,154,60
12/12/2016 3:00,-0.7,974.0,13.6,94,50
12/12/2016 4:00,-1.1,974.1,13.1,104,53
12/12/2016 5:00,-0.2,974.3,19.2,160,45
12/12/2016 6:00,1.0,974.8,18.1,111,45
12/12/2016 7:00,1.9,974.8,19.8,122,41
12/12/2016 8:00,2.3,975.5,19.1,114,43
12/12/2016 9:00,2.8,976.1,18.7,97,41
12/12/2016 10:00,3.2,976.5,17.7,126,41
12/12/2016 11:00,4.3,976.9,18.3,19,41
12/12/2016 12:00,3.4,977.3,13.6,357,40
12/12/2016 13:00,3.3,977.2,10.3,260,43
12/12/2016 14:00,2.9,977.0,14.4,236,45
12/12/2016 15:00,3.3,976.9,9.8,238,42
12/12/2016 16:00,3.9,977.0,10.7,242,44
12/12/2016 17:00,2.6,977.3,12.2,151,60
12/12/2016 18:00,2.9,977.3,8.4,101,54
12/12/2016 19:00,2.1,977.5,9.8,351,62
12/12/2016 20:00,1.4,977.5,8.7,320,63
12/12/2016 21:00,1.7,977.6,12.5,94,59
12/12/2016 22:00,1.1,977.7,10.2,113,55
12/12/2016 23:00,0.7,977.8,19.1,183,45
12/13/2016 0:00,0.9,977.5,20.4,176,37
12/13/2016 1:00,-1.5,977.1,26.8,183,46
12/13/2016 2:00,-1.5,977.0,23.8,192,52
12/13/2016 3:00,-0.8,976.8,23.5,182,46
12/13/2016 4:00,-0.6,976.6,26.5,183,42
12/13/2016 5:00,0.8,977.2,12.0,171,39
12/13/2016 6:00,1.9,977.1,14.2,186,41
12/13/2016 7:00,2.9,976.9,13.4,151,42
12/13/2016 8:00,4.2,977.0,7.3,78,37
12/13/2016 9:00,4.4,977.0,13.9,143,45
12/13/2016 10:00,5.1,977.2,5.1,58,33
12/13/2016 11:00,5.7,977.5,12.0,118,35
12/13/2016 12:00,5.8,977.2,24.3,100,31
12/13/2016 13:00,5.8,977.3,18.3,119,41
12/13/2016 14:00,5.8,977.2,18.1,107,38
12/13/2016 15:00,6.2,977.1,17.8,74,40
12/13/2016 16:00,5.9,976.8,12.0,131,45
12/13/2016 17:00,4.9,976.8,2.5,27,45
12/13/2016 18:00,5.3,976.4,19.3,133,34
12/13/2016 19:00,4.8,976.1,23.2,133,34
12/13/2016 20:00,3.5,976.3,23.0,143,35
12/13/2016 21:00,3.0,976.3,23.2,149,37
12/13/2016 22:00,2.2,976.2,24.4,157,35
12/13/2016 23:00,1.6,976.0,25.7,169,35
12/14/2016 0:00,1.1,975.5,29.7,169,34
12/14/2016 1:00,0.5,975.4,31.4,165,37
12/14/2016 2:00,0.7,975.4,30.6,164,32
12/14/2016 3:00,0.8,975.1,27.4,165,37
12/14/2016 4:00,0.9,975.2,31.5,153,38
12/14/2016 5:00,0.9,975.2,32.0,158,36
12/14/2016 6:00,2.3,975.7,24.0,148,43
12/14/2016 7:00,3.3,975.7,17.8,109,36
12/14/2016 8:00,3.8,975.4,24.0,114,34
12/14/2016 9:00,4.7,975.6,23.7,113,33
12/14/2016 10:00,5.2,975.4,22.3,106,34
12/14/2016 11:00,5.3,975.3,25.3,97,33
12/14/2016 12:00,5.3,975.2,24.2,100,35
12/14/2016 13:00,5.6,975.4,21.8,96,37
12/14/2016 14:00,5.2,975.4,20.5,68,44
12/14/2016 15:00,5.1,975.4,15.0,86,40
12/14/2016 16:00,3.3,975.6,18.4,29,44
12/14/2016 17:00,3.0,975.4,13.0,157,43
12/14/2016 18:00,2.6,975.5,7.4,164,44
12/14/2016 19:00,2.8,975.9,10.3,148,44
12/14/2016 20:00,2.1,976.2,12.7,126,46
12/14/2016 21:00,1.9,976.1,15.0,112,48
12/14/2016 22:00,0.9,975.7,24.6,132,47
12/14/2016 23:00,0.7,975.9,26.1,130,41
12/15/2016 0:00,0.4,976.1,28.4,137,38
12/15/2016 1:00,-0.3,976.6,28.7,148,43
12/15/2016 2:00,-0.5,976.4,30.8,149,42
12/15/2016 3:00,-0.6,976.6,30.1,159,37
12/15/2016 4:00,-0.5,976.9,26.5,164,40
12/15/2016 5:00,-0.2,977.2,30.5,155,38
12/15/2016 6:00,0.3,977.9,24.9,154,42
12/15/2016 7:00,1.3,978.5,24.0,137,40
12/15/2016 8:00,2.1,978.8,26.9,137,32
12/15/2016 9:00,2.3,978.6,30.1,137,37
12/15/2016 10:00,2.7,978.9,23.1,125,39
12/15/2016 11:00,3.3,979.5,23.2,105,38
12/15/2016 12:00,3.9,979.8,21.9,100,34
12/15/2016 13:00,4.0,980.2,20.2,95,36
12/15/2016 14:00,4.9,980.6,19.3,82,36
12/15/2016 15:00,3.5,980.3,14.9,133,45
12/15/2016 16:00,2.9,980.1,17.0,149,51
12/15/2016 17:00,3.0,980.2,16.2,145,51
12/15/2016 18:00,3.3,980.2,17.7,136,43
12/15/2016 19:00,2.8,980.3,19.7,148,41
12/15/2016 20:00,2.3,980.2,19.9,165,51
12/15/2016 21:00,1.9,980.1,21.8,164,52
12/15/2016 22:00,0.7,980.0,23.0,172,45
12/15/2016 23:00,0.1,979.8,24.3,172,44
12/16/2016 0:00,0.4,979.8,25.1,169,44
12/16/2016 1:00,0.5,979.6,30.6,158,38
12/16/2016 2:00,0.4,979.1,31.5,165,38
12/16/2016 3:00,0.4,978.9,32.6,163,36
12/16/2016 4:00,0.3,979.1,31.7,162,37
12/16/2016 5:00,-0.2,979.1,33.5,161,39
12/16/2016 6:00,-0.2,979.2,30.7,162,44
12/16/2016 7:00,0.6,979.8,27.5,160,45
12/16/2016 8:00,1.7,980.1,23.1,136,38
12/16/2016 9:00,2.1,980.1,24.5,130,35
12/16/2016 10:00,2.5,980.1,21.7,109,32
12/16/2016 11:00,3.3,979.5,20.8,105,34
12/16/2016 12:00,3.3,979.1,20.1,97,39
12/16/2016 13:00,4.0,978.9,26.4,96,28
12/16/2016 14:00,3.3,978.5,20.8,104,43
12/16/2016 15:00,3.0,978.1,20.3,111,41
12/16/2016 16:00,3.1,977.5,18.0,114,42
12/16/2016 17:00,3.0,977.3,17.1,117,41
12/16/2016 18:00,2.6,976.8,13.8,148,47
12/16/2016 19:00,2.0,976.3,14.9,183,48
12/16/2016 20:00,1.3,976.4,15.8,148,52
12/16/2016 21:00,0.6,976.2,17.9,144,55
12/16/2016 22:00,-0.2,975.4,21.7,152,51
12/16/2016 23:00,-0.2,975.2,20.5,148,46
12/17/2016 0:00,-0.2,975.0,19.8,165,42
12/17/2016 1:00,-1.2,974.5,25.6,176,43
12/17/2016 2:00,-2.0,974.3,27.3,177,45
12/17/2016 3:00,-1.2,974.1,25.7,174,42
12/17/2016 4:00,-0.3,973.9,30.5,170,38
12/17/2016 5:00,-0.2,974.4,23.4,166,47
12/17/2016 6:00,0.4,974.8,23.9,148,47
12/17/2016 7:00,1.2,975.1,25.0,150,39
12/17/2016 8:00,2.4,975.4,18.4,127,39
12/17/2016 9:00,2.7,975.1,20.6,112,34
12/17/2016 10:00,3.0,974.9,22.1,102,32
12/17/2016 11:00,3.5,974.6,23.1,87,36
12/17/2016 12:00,3.9,974.5,20.8,105,34
12/17/2016 13:00,4.5,974.8,18.7,86,38
12/17/2016 14:00,4.0,974.9,22.9,76,38
12/17/2016 15:00,3.3,974.8,18.9,64,44
12/17/2016 16:00,2.5,974.8,19.3,67,47
12/17/2016 17:00,2.2,975.1,19.4,77,46
12/17/2016 18:00,1.9,975.4,16.9,96,49
12/17/2016 19:00,1.3,975.6,12.8,119,55
12/17/2016 20:00,0.9,975.9,15.7,129,54
12/17/2016 21:00,0.2,975.9,15.2,144,56
12/17/2016 22:00,-0.4,975.8,16.8,140,58
12/17/2016 23:00,-0.6,975.8,17.1,138,56
12/18/2016 0:00,-0.7,976.2,16.8,131,52
12/18/2016 1:00,-0.8,976.2,19.3,114,52
12/18/2016 2:00,-0.7,976.7,19.7,116,52
12/18/2016 3:00,-0.6,976.9,21.5,130,49
12/18/2016 4:00,-0.5,977.0,21.1,130,50
12/18/2016 5:00,-0.5,977.1,19.2,125,55
12/18/2016 6:00,0.2,977.3,15.8,120,55
12/18/2016 7:00,0.9,977.2,17.9,115,53
12/18/2016 8:00,1.7,977.6,22.3,82,45
12/18/2016 9:00,2.2,977.6,22.0,93,45
12/18/2016 10:00,3.2,977.9,21.3,88,44
12/18/2016 11:00,4.0,977.9,21.6,67,41
12/18/2016 12:00,3.2,978.0,21.9,78,47
12/18/2016 13:00,2.8,978.0,18.5,76,50
12/18/2016 14:00,3.5,977.9,19.6,74,48
12/18/2016 15:00,3.4,977.9,19.3,72,50
12/18/2016 16:00,3.2,978.1,18.2,74,53
12/18/2016 17:00,2.6,978.1,18.2,96,52
12/18/2016 18:00,2.1,978.5,20.7,79,59
12/18/2016 19:00,1.5,978.7,17.8,69,67
12/18/2016 20:00,1.2,978.6,23.2,85,65
12/18/2016 21:00,0.6,978.7,18.0,116,69
12/18/2016 22:00,0.4,978.6,18.7,110,67
12/18/2016 23:00,0.2,978.7,17.2,102,66
12/19/2016 0:00,0.2,978.7,17.3,99,65
12/19/2016 1:00,-0.1,978.7,19.4,88,67
12/19/2016 2:00,-0.1,978.6,19.0,96,64
12/19/2016 3:00,-0.3,978.6,15.8,105,65
12/19/2016 4:00,-0.1,978.4,15.7,117,60
12/19/2016 5:00,0.2,978.4,18.1,75,54
12/19/2016 6:00,1.0,978.2,19.8,73,47
12/19/2016 7:00,2.2,978.0,19.5,84,45
12/19/2016 8:00,2.2,978.0,22.3,93,40
12/19/2016 9:00,3.5,977.9,16.4,85,43
12/19/2016 10:00,2.7,978.2,22.1,67,45
12/19/2016 11:00,2.1,978.8,20.8,80,48
12/19/2016 12:00,2.6,978.8,17.1,85,49
